10,BABA,2016/04/28,11:13:50,77.51,2990222
10,BABA,2016/04/28,11:14:51,77.52,3012127
10,BABA,2016/04/28,11:15:52,77.54,3039307
10,BABA,2016/04/28,11:16:53,77.60,3063252
10,BABA,2016/04/28,11:17:54,77.55,3075595
10,BABA,2016/04/28,11:18:54,77.66,3107722
10,BABA,2016/04/28,11:19:55,77.65,3144120
10,BABA,2016/04/28,11:20:56,77.73,3169324
10,BABA,2016/04/28,11:21:59,77.65,3208591
10,BABA,2016/04/28,11:27:06,77.62,3293515
10,BABA,2016/04/28,11:28:08,77.65,3300864
10,BABA,2016/04/28,11:29:08,77.65,3314976
10,BABA,2016/04/28,11:30:09,77.71,3343585
10,BABA,2016/04/28,11:31:10,77.68,3370246
10,BABA,2016/04/28,11:32:11,77.67,3390692
10,BABA,2016/04/28,11:33:12,77.71,3423779
10,BABA,2016/04/28,11:34:13,77.71,3449130
10,BABA,2016/04/28,11:35:14,77.69,3465752
10,BABA,2016/04/28,11:36:16,77.70,3488346
10,BABA,2016/04/28,11:37:16,77.69,3503151
10,BABA,2016/04/28,11:38:17,77.69,3526698
10,BABA,2016/04/28,11:39:18,77.66,3548667
10,BABA,2016/04/28,11:40:19,77.70,3562546
10,BABA,2016/04/28,11:41:19,77.69,3584410
10,BABA,2016/04/28,11:42:22,77.68,3592066
10,BABA,2016/04/28,11:43:26,77.64,3613019
10,BABA,2016/04/28,11:44:28,77.66,3621602
10,BABA,2016/04/28,11:45:28,77.68,3639083
10,BABA,2016/04/28,11:46:29,77.67,3662918
10,BABA,2016/04/28,11:47:30,77.63,3675649
10,BABA,2016/04/28,11:48:31,77.63,3683781
10,BABA,2016/04/28,11:49:32,77.61,3702553
10,BABA,2016/04/28,11:50:32,77.69,3723231
10,BABA,2016/04/28,11:51:33,77.71,3737359
10,BABA,2016/04/28,11:52:34,77.70,3740767
10,BABA,2016/04/28,11:53:35,77.70,3757547
10,BABA,2016/04/28,11:54:35,77.87,3817920
10,BABA,2016/04/28,11:55:36,77.83,3841189
10,BABA,2016/04/28,11:56:37,77.85,3855487
10,BABA,2016/04/28,11:57:38,77.85,3877827
10,BABA,2016/04/28,11:58:39,77.76,3900599
10,BABA,2016/04/28,11:59:39,77.80,3915400
10,BABA,2016/04/28,12:00:40,77.83,3930325
10,BABA,2016/04/28,12:01:41,77.81,3943396
10,BABA,2016/04/28,12:02:41,77.76,3965958
10,BABA,2016/04/28,12:03:42,77.78,3984407
10,BABA,2016/04/28,12:04:43,77.73,3999920
10,BABA,2016/04/28,12:05:44,77.74,4009999
10,BABA,2016/04/28,12:06:44,77.74,4012968
10,BABA,2016/04/28,12:07:45,77.69,4033203
10,BABA,2016/04/28,12:08:45,77.64,4052310
10,BABA,2016/04/28,12:09:46,77.62,4064303
10,BABA,2016/04/28,12:10:47,77.65,4082512
10,BABA,2016/04/28,12:11:47,77.64,4091800
10,BABA,2016/04/28,12:12:48,77.66,4102551
10,BABA,2016/04/28,12:13:49,77.65,4106711
10,BABA,2016/04/28,12:14:50,77.62,4114984
10,BABA,2016/04/28,12:15:51,77.67,4128372
10,BABA,2016/04/28,12:16:52,77.69,4137664
10,BABA,2016/04/28,12:17:52,77.72,4143135
10,BABA,2016/04/28,12:18:53,77.68,4156813
10,BABA,2016/04/28,12:19:54,77.64,4164108
10,BABA,2016/04/28,12:20:55,77.72,4178212
10,BABA,2016/04/28,12:21:55,77.69,4193038
10,BABA,2016/04/28,12:22:56,77.70,4198689
10,BABA,2016/04/28,12:23:58,77.68,4207974
10,BABA,2016/04/28,12:24:58,77.68,4212546
10,BABA,2016/04/28,12:25:59,77.68,4220944
10,BABA,2016/04/28,12:27:00,77.62,4306319
10,BABA,2016/04/28,12:28:00,77.60,4312521
10,BABA,2016/04/28,12:29:01,77.57,4320443
10,BABA,2016/04/28,12:30:02,77.46,4377575
10,BABA,2016/04/28,12:31:03,77.51,4393658
10,BABA,2016/04/28,12:32:03,77.48,4406393
10,BABA,2016/04/28,12:33:04,77.42,4423659
10,BABA,2016/04/28,12:34:05,77.41,4426747
10,BABA,2016/04/28,12:35:06,77.37,4456379
10,BABA,2016/04/28,12:36:07,77.33,4465838
10,BABA,2016/04/28,12:37:08,77.28,4514375
10,BABA,2016/04/28,12:38:09,77.31,4522138
10,BABA,2016/04/28,12:39:13,77.28,4529929
10,BABA,2016/04/28,12:40:13,77.22,4587601
10,BABA,2016/04/28,12:41:15,77.25,4598327
10,BABA,2016/04/28,12:42:16,77.25,4602720
10,BABA,2016/04/28,12:43:16,77.26,4617721
10,BABA,2016/04/28,12:44:17,77.30,4629866
10,BABA,2016/04/28,12:45:18,77.28,4645557
10,BABA,2016/04/28,12:46:18,77.27,4658102
10,BABA,2016/04/28,12:47:19,77.24,4666784
10,BABA,2016/04/28,12:48:20,77.28,4673799
10,BABA,2016/04/28,12:49:22,77.29,4681839
10,BABA,2016/04/28,12:50:22,77.27,4690354
10,BABA,2016/04/28,12:51:23,77.26,4699043
10,BABA,2016/04/28,12:52:24,77.24,4703201
10,BABA,2016/04/28,12:53:25,77.24,4709138
10,BABA,2016/04/28,12:54:26,77.23,4715208
10,BABA,2016/04/28,12:55:27,77.25,4722009
10,BABA,2016/04/28,12:56:28,77.25,4732489
10,BABA,2016/04/28,12:57:29,77.25,4740506
10,BABA,2016/04/28,12:58:31,77.26,4756091
10,BABA,2016/04/28,12:59:34,77.29,4765821
10,BABA,2016/04/28,13:00:35,77.29,4768288
10,BABA,2016/04/28,13:01:35,77.27,4789727
10,BABA,2016/04/28,13:02:36,77.27,4791583
10,BABA,2016/04/28,13:03:37,77.25,4803238
10,BABA,2016/04/28,13:04:38,77.25,4808249
10,BABA,2016/04/28,13:05:39,77.23,4811634
10,BABA,2016/04/28,13:06:40,77.23,4856599
10,BABA,2016/04/28,13:07:41,77.22,4871672
10,BABA,2016/04/28,13:08:42,77.21,4876960
10,BABA,2016/04/28,13:09:43,77.21,4888290
10,BABA,2016/04/28,13:10:44,77.12,4955135
10,BABA,2016/04/28,13:11:44,77.14,4966230
10,BABA,2016/04/28,13:12:45,77.15,4977282
10,BABA,2016/04/28,13:13:46,77.13,4988091
10,BABA,2016/04/28,13:14:47,77.16,4995429
10,BABA,2016/04/28,13:15:48,77.13,5005693
10,BABA,2016/04/28,13:16:48,77.12,5046030
10,BABA,2016/04/28,13:17:49,77.12,5060565
10,BABA,2016/04/28,13:18:50,77.10,5081691
10,BABA,2016/04/28,13:19:51,77.10,5096877
10,BABA,2016/04/28,13:20:52,77.09,5109471
10,BABA,2016/04/28,13:21:52,77.02,5142657
10,BABA,2016/04/28,13:22:53,77.03,5164747
10,BABA,2016/04/28,13:23:54,77.06,5178722
10,BABA,2016/04/28,13:24:55,77.06,5185775
10,BABA,2016/04/28,13:25:56,77.02,5195676
10,BABA,2016/04/28,13:26:56,77.04,5198806
10,BABA,2016/04/28,13:27:57,77.06,5209583
10,BABA,2016/04/28,13:28:58,77.11,5217895
10,BABA,2016/04/28,13:29:59,77.13,5228589
10,BABA,2016/04/28,13:31:00,77.06,5235056
10,BABA,2016/04/28,13:32:00,77.02,5238533
10,BABA,2016/04/28,13:33:01,77.02,5246168
10,BABA,2016/04/28,13:34:02,77.05,5257218
10,BABA,2016/04/28,13:35:03,77.05,5265285
10,BABA,2016/04/28,13:36:03,77.06,5276848
10,BABA,2016/04/28,13:37:04,77.06,5284449
10,BABA,2016/04/28,13:38:05,77.04,5290724
10,BABA,2016/04/28,13:39:06,77.06,5297297
10,BABA,2016/04/28,13:40:07,77.08,5308170
10,BABA,2016/04/28,13:41:07,77.11,5316622
10,BABA,2016/04/28,13:42:08,77.08,5326184
10,BABA,2016/04/28,13:43:09,77.10,5332594
10,BABA,2016/04/28,13:44:10,77.10,5338925
10,BABA,2016/04/28,13:45:10,77.11,5351105
10,BABA,2016/04/28,13:46:11,77.08,5366394
10,BABA,2016/04/28,13:47:14,77.07,5368414
10,BABA,2016/04/28,13:48:15,77.07,5382816
10,BABA,2016/04/28,13:49:15,77.05,5389855
10,BABA,2016/04/28,13:50:16,77.05,5407727
10,BABA,2016/04/28,13:51:17,77.05,5411568
10,BABA,2016/04/28,13:52:17,77.03,5415664
10,BABA,2016/04/28,13:53:19,77.05,5423475
10,BABA,2016/04/28,13:54:19,77.06,5436430
10,BABA,2016/04/28,13:55:22,77.05,5443896
10,BABA,2016/04/28,13:56:24,77.05,5451454
10,BABA,2016/04/28,13:57:25,77.12,5465689
10,BABA,2016/04/28,13:58:25,77.07,5478124
10,BABA,2016/04/28,13:59:26,77.10,5484027
10,BABA,2016/04/28,14:00:27,77.08,5486998
10,BABA,2016/04/28,14:01:28,77.02,5507312
10,BABA,2016/04/28,14:02:29,77.07,5517410
10,BABA,2016/04/28,14:03:30,77.07,5525701
10,BABA,2016/04/28,14:04:31,77.05,5535957
10,BABA,2016/04/28,14:05:32,77.06,5550364
10,BABA,2016/04/28,14:06:32,77.11,5563394
10,BABA,2016/04/28,14:07:45,77.10,5576686
10,BABA,2016/04/28,14:08:46,77.10,5585118
10,BABA,2016/04/28,14:09:46,77.08,5599704
10,BABA,2016/04/28,14:10:47,77.13,5621089
10,BABA,2016/04/28,14:11:48,77.12,5630202
10,BABA,2016/04/28,14:12:49,77.08,5636948
10,BABA,2016/04/28,14:13:50,77.04,5644129
10,BABA,2016/04/28,14:14:50,77.05,5654985
10,BABA,2016/04/28,14:15:51,77.03,5662016
10,BABA,2016/04/28,14:16:52,77.04,5679825
10,BABA,2016/04/28,14:17:53,77.11,5693922
10,BABA,2016/04/28,14:18:53,77.06,5710191
10,BABA,2016/04/28,14:19:54,77.01,5723676
10,BABA,2016/04/28,14:20:55,77.00,5737599
10,BABA,2016/04/28,14:21:56,77.03,5745421
10,BABA,2016/04/28,14:22:57,77.04,5753270
10,BABA,2016/04/28,14:23:57,77.02,5762515
10,BABA,2016/04/28,14:24:58,77.04,5766835
10,BABA,2016/04/28,14:25:59,77.04,5769183
10,BABA,2016/04/28,14:27:00,77.03,5788672
10,BABA,2016/04/28,14:28:00,77.02,5797088
10,BABA,2016/04/28,14:29:01,77.00,5834361
10,BABA,2016/04/28,14:30:02,76.97,5911044
10,BABA,2016/04/28,14:31:03,76.95,5936004
10,BABA,2016/04/28,14:32:04,76.97,5941855
10,BABA,2016/04/28,14:33:05,76.96,5956032
10,BABA,2016/04/28,14:33:16,76.94,5959416
10,BABA,2016/04/28,14:33:32,76.95,5961274
10,BABA,2016/04/28,14:34:05,76.94,5965993
10,BABA,2016/04/28,14:34:17,76.94,5966493
10,BABA,2016/04/28,14:34:33,76.94,5968439
10,BABA,2016/04/28,14:35:06,76.94,5970982
10,BABA,2016/04/28,14:35:17,76.92,5974982
10,BABA,2016/04/28,14:35:33,76.91,5975732
10,BABA,2016/04/28,14:36:07,76.91,5984719
10,BABA,2016/04/28,14:36:18,76.92,5987419
10,BABA,2016/04/28,14:36:19,76.92,5987419
10,BABA,2016/04/28,14:36:34,76.90,5994135
10,BABA,2016/04/28,14:37:07,76.87,6003155
10,BABA,2016/04/28,14:37:19,76.88,6005688
10,BABA,2016/04/28,14:37:19,76.88,6005688
10,BABA,2016/04/28,14:37:35,76.86,6011485
10,BABA,2016/04/28,14:38:08,76.88,6017645
10,BABA,2016/04/28,14:38:20,76.86,6023638
10,BABA,2016/04/28,14:38:20,76.86,6023638
10,BABA,2016/04/28,14:38:36,76.86,6028137
10,BABA,2016/04/28,14:39:09,76.88,6034150
10,BABA,2016/04/28,14:39:21,76.89,6035850
10,BABA,2016/04/28,14:39:21,76.89,6035850
10,BABA,2016/04/28,14:39:37,76.91,6040310
10,BABA,2016/04/28,14:40:10,76.91,6043830
10,BABA,2016/04/28,14:40:21,76.91,6043855
10,BABA,2016/04/28,14:40:22,76.91,6043855
10,BABA,2016/04/28,14:40:40,76.93,6048269
10,BABA,2016/04/28,14:41:10,76.90,6061509
10,BABA,2016/04/28,14:41:22,76.91,6064171
10,BABA,2016/04/28,14:41:22,76.91,6064171
10,BABA,2016/04/28,14:41:41,76.92,6065981
10,BABA,2016/04/28,14:42:12,76.91,6073969
10,BABA,2016/04/28,14:42:23,76.92,6076179
10,BABA,2016/04/28,14:42:23,76.92,6076179
10,BABA,2016/04/28,14:42:42,76.91,6077879
10,BABA,2016/04/28,14:43:13,76.92,6085092
10,BABA,2016/04/28,14:43:24,76.92,6085207
10,BABA,2016/04/28,14:43:24,76.92,6085207
10,BABA,2016/04/28,14:43:43,76.94,6097077
10,BABA,2016/04/28,14:44:14,76.94,6100195
10,BABA,2016/04/28,14:44:25,76.95,6105435
10,BABA,2016/04/28,14:44:25,76.95,6105435
10,BABA,2016/04/28,14:44:44,76.94,6105835
10,BABA,2016/04/28,14:45:15,76.94,6111956
10,BABA,2016/04/28,14:45:25,76.94,6111956
10,BABA,2016/04/28,14:45:26,76.94,6111956
10,BABA,2016/04/28,14:45:44,76.94,6115793
10,BABA,2016/04/28,14:46:15,76.96,6127160
10,BABA,2016/04/28,14:46:26,76.96,6128815
10,BABA,2016/04/28,14:46:26,76.96,6129110
10,BABA,2016/04/28,14:46:45,76.95,6130410
10,BABA,2016/04/28,14:47:16,76.93,6133940
10,BABA,2016/04/28,14:47:27,76.93,6133958
10,BABA,2016/04/28,14:47:27,76.93,6133958
10,BABA,2016/04/28,14:47:46,76.92,6140868
10,BABA,2016/04/28,14:48:17,76.91,6141792
10,BABA,2016/04/28,14:48:28,76.91,6142021
10,BABA,2016/04/28,14:48:28,76.91,6142021
10,BABA,2016/04/28,14:48:47,76.94,6145962
10,BABA,2016/04/28,14:49:18,76.92,6149298
10,BABA,2016/04/28,14:49:29,76.91,6149909
10,BABA,2016/04/28,14:49:29,76.91,6149909
10,BABA,2016/04/28,14:49:48,76.92,6153490
10,BABA,2016/04/28,14:50:19,76.93,6154924
10,BABA,2016/04/28,14:50:30,76.94,6159658
10,BABA,2016/04/28,14:50:30,76.94,6159658
10,BABA,2016/04/28,14:50:49,76.95,6160547
10,BABA,2016/04/28,14:51:21,76.96,6164009
10,BABA,2016/04/28,14:51:31,76.97,6165699
10,BABA,2016/04/28,14:51:32,76.97,6165699
10,BABA,2016/04/28,14:51:50,76.98,6169364
10,BABA,2016/04/28,14:52:21,76.92,6175699
10,BABA,2016/04/28,14:52:31,76.92,6175699
10,BABA,2016/04/28,14:52:32,76.92,6175699
10,BABA,2016/04/28,14:52:51,76.92,6178031
10,BABA,2016/04/28,14:53:22,76.91,6178351
10,BABA,2016/04/28,14:53:32,76.91,6178351
10,BABA,2016/04/28,14:53:33,76.91,6178351
10,BABA,2016/04/28,14:53:52,76.92,6184850
10,BABA,2016/04/28,14:54:23,76.88,6196286
10,BABA,2016/04/28,14:54:33,76.88,6197360
10,BABA,2016/04/28,14:54:34,76.88,6197360
10,BABA,2016/04/28,14:54:52,76.87,6200570
10,BABA,2016/04/28,14:55:27,76.87,6212430
10,BABA,2016/04/28,14:55:34,76.87,6218358
10,BABA,2016/04/28,14:55:35,76.87,6218411
10,BABA,2016/04/28,14:55:53,76.90,6221436
10,BABA,2016/04/28,14:56:28,76.90,6226819
10,BABA,2016/04/28,14:56:35,76.89,6228167
10,BABA,2016/04/28,14:56:35,76.89,6228167
10,BABA,2016/04/28,14:56:54,76.87,6229727
10,BABA,2016/04/28,14:57:29,76.84,6231929
10,BABA,2016/04/28,14:57:35,76.84,6232949
10,BABA,2016/04/28,14:57:36,76.84,6232949
10,BABA,2016/04/28,14:57:55,76.86,6238366
10,BABA,2016/04/28,14:58:29,76.87,6244916
10,BABA,2016/04/28,14:58:37,76.89,6248116
10,BABA,2016/04/28,14:58:37,76.89,6248116
10,BABA,2016/04/28,14:58:56,76.87,6255261
10,BABA,2016/04/28,14:59:30,76.87,6257542
10,BABA,2016/04/28,14:59:38,76.86,6257642
10,BABA,2016/04/28,14:59:38,76.86,6257642
10,BABA,2016/04/28,14:59:57,76.85,6267988
10,BABA,2016/04/28,15:00:31,76.85,6280677
10,BABA,2016/04/28,15:00:38,76.86,6284177
10,BABA,2016/04/28,15:00:39,76.86,6284177
10,BABA,2016/04/28,15:00:58,76.87,6300629
10,BABA,2016/04/28,15:01:31,76.87,6310538
10,BABA,2016/04/28,15:01:39,76.87,6310538
10,BABA,2016/04/28,15:01:40,76.87,6310538
10,BABA,2016/04/28,15:02:00,76.86,6311738
10,BABA,2016/04/28,15:02:32,76.87,6323521
10,BABA,2016/04/28,15:02:40,76.87,6325867
10,BABA,2016/04/28,15:02:40,76.86,6333182
10,BABA,2016/04/28,15:03:01,76.85,6337345
10,BABA,2016/04/28,15:03:33,76.84,6350999
10,BABA,2016/04/28,15:03:41,76.84,6351799
10,BABA,2016/04/28,15:03:41,76.84,6351799
10,BABA,2016/04/28,15:04:02,76.84,6370745
10,BABA,2016/04/28,15:04:34,76.85,6375718
10,BABA,2016/04/28,15:04:41,76.84,6378698
10,BABA,2016/04/28,15:04:45,76.84,6378698
10,BABA,2016/04/28,15:05:02,76.81,6386562
10,BABA,2016/04/28,15:05:34,76.82,6392276
10,BABA,2016/04/28,15:05:42,76.82,6392276
10,BABA,2016/04/28,15:05:46,76.81,6392776
10,BABA,2016/04/28,15:06:03,76.82,6393926
10,BABA,2016/04/28,15:06:35,76.81,6403761
10,BABA,2016/04/28,15:06:43,76.80,6404979
10,BABA,2016/04/28,15:06:47,76.81,6405279
10,BABA,2016/04/28,15:07:04,76.81,6405579
10,BABA,2016/04/28,15:07:36,76.78,6425812
10,BABA,2016/04/28,15:07:44,76.78,6426012
10,BABA,2016/04/28,15:07:48,76.78,6426112
10,BABA,2016/04/28,15:08:05,76.76,6434350
10,BABA,2016/04/28,15:08:37,76.77,6447020
10,BABA,2016/04/28,15:08:44,76.78,6450794
10,BABA,2016/04/28,15:08:48,76.80,6453041
10,BABA,2016/04/28,15:09:06,76.79,6454398
10,BABA,2016/04/28,15:09:38,76.79,6462655
10,BABA,2016/04/28,15:09:45,76.78,6463755
10,BABA,2016/04/28,15:09:49,76.79,6464055
10,BABA,2016/04/28,15:10:06,76.77,6468606
10,BABA,2016/04/28,15:10:39,76.77,6476672
10,BABA,2016/04/28,15:10:46,76.75,6478136
10,BABA,2016/04/28,15:10:50,76.75,6478136
10,BABA,2016/04/28,15:11:07,76.75,6490041
10,BABA,2016/04/28,15:11:42,76.75,6499390
10,BABA,2016/04/28,15:11:50,76.75,6499859
10,BABA,2016/04/28,15:11:50,76.75,6500259
10,BABA,2016/04/28,15:12:08,76.75,6500325
10,BABA,2016/04/28,15:12:43,76.77,6507719
10,BABA,2016/04/28,15:12:51,76.77,6507919
10,BABA,2016/04/28,15:12:51,76.77,6507919
10,BABA,2016/04/28,15:13:09,76.76,6515100
10,BABA,2016/04/28,15:13:44,76.74,6518429
10,BABA,2016/04/28,15:13:51,76.75,6518529
10,BABA,2016/04/28,15:13:52,76.75,6518529
10,BABA,2016/04/28,15:14:10,76.74,6522964
10,BABA,2016/04/28,15:14:45,76.74,6532937
10,BABA,2016/04/28,15:14:52,76.72,6535095
10,BABA,2016/04/28,15:14:53,76.72,6535095
10,BABA,2016/04/28,15:15:10,76.73,6538790
10,BABA,2016/04/28,15:15:46,76.74,6561565
10,BABA,2016/04/28,15:15:53,76.73,6565325
10,BABA,2016/04/28,15:15:54,76.73,6565325
10,BABA,2016/04/28,15:16:11,76.73,6566825
10,BABA,2016/04/28,15:16:46,76.73,6569806
10,BABA,2016/04/28,15:16:55,76.75,6574325
10,BABA,2016/04/28,15:16:55,76.75,6574325
10,BABA,2016/04/28,15:17:12,76.73,6582817
10,BABA,2016/04/28,15:17:47,76.72,6587888
10,BABA,2016/04/28,15:17:55,76.75,6595688
10,BABA,2016/04/28,15:17:55,76.75,6595688
10,BABA,2016/04/28,15:18:13,76.78,6605179
10,BABA,2016/04/28,15:18:49,76.82,6629403
10,BABA,2016/04/28,15:18:56,76.81,6633258
10,BABA,2016/04/28,15:18:56,76.81,6633258
10,BABA,2016/04/28,15:19:13,76.76,6638758
10,BABA,2016/04/28,15:19:50,76.74,6647571
10,BABA,2016/04/28,15:19:57,76.76,6655324
10,BABA,2016/04/28,15:19:57,76.76,6655324
10,BABA,2016/04/28,15:20:14,76.77,6657076
10,BABA,2016/04/28,15:20:51,76.76,6662477
10,BABA,2016/04/28,15:20:58,76.76,6662482
10,BABA,2016/04/28,15:20:58,76.76,6662482
10,BABA,2016/04/28,15:21:15,76.78,6668634
10,BABA,2016/04/28,15:21:52,76.75,6679945
10,BABA,2016/04/28,15:21:58,76.74,6680753
10,BABA,2016/04/28,15:21:59,76.74,6680753
10,BABA,2016/04/28,15:22:16,76.75,6684595
10,BABA,2016/04/28,15:22:52,76.73,6688203
10,BABA,2016/04/28,15:22:59,76.73,6688203
10,BABA,2016/04/28,15:22:59,76.73,6688203
10,BABA,2016/04/28,15:23:17,76.73,6688303
10,BABA,2016/04/28,15:23:53,76.71,6694923
10,BABA,2016/04/28,15:24:00,76.71,6695123
10,BABA,2016/04/28,15:24:00,76.71,6695123
10,BABA,2016/04/28,15:24:17,76.71,6707911
10,BABA,2016/04/28,15:24:54,76.69,6741717
10,BABA,2016/04/28,15:25:01,76.68,6742017
10,BABA,2016/04/28,15:25:01,76.68,6742017
10,BABA,2016/04/28,15:25:18,76.63,6755967
10,BABA,2016/04/28,15:25:55,76.65,6766685
10,BABA,2016/04/28,15:26:01,76.65,6769615
10,BABA,2016/04/28,15:26:01,76.65,6769615
10,BABA,2016/04/28,15:26:19,76.65,6775632
10,BABA,2016/04/28,15:26:56,76.60,6804397
10,BABA,2016/04/28,15:27:02,76.59,6809047
10,BABA,2016/04/28,15:27:02,76.59,6809047
10,BABA,2016/04/28,15:27:19,76.58,6821037
10,BABA,2016/04/28,15:27:56,76.60,6845628
10,BABA,2016/04/28,15:28:03,76.61,6847528
10,BABA,2016/04/28,15:28:03,76.61,6847528
10,BABA,2016/04/28,15:28:20,76.60,6866076
10,BABA,2016/04/28,15:28:57,76.60,6887186
10,BABA,2016/04/28,15:29:04,76.60,6887786
10,BABA,2016/04/28,15:29:04,76.60,6887786
10,BABA,2016/04/28,15:29:22,76.61,6890964
10,BABA,2016/04/28,15:29:58,76.59,6907040
10,BABA,2016/04/28,15:30:05,76.57,6911697
10,BABA,2016/04/28,15:30:05,76.57,6911697
10,BABA,2016/04/28,15:30:23,76.57,6915582
10,BABA,2016/04/28,15:30:59,76.58,6933105
10,BABA,2016/04/28,15:31:06,76.57,6933216
10,BABA,2016/04/28,15:31:06,76.57,6933216
10,BABA,2016/04/28,15:31:23,76.57,6942293
10,BABA,2016/04/28,15:32:01,76.61,6970935
10,BABA,2016/04/28,15:32:08,76.61,6977835
10,BABA,2016/04/28,15:32:09,76.62,6978700
10,BABA,2016/04/28,15:32:24,76.62,6983066
10,BABA,2016/04/28,15:33:01,76.63,6991456
10,BABA,2016/04/28,15:33:09,76.64,6993497
10,BABA,2016/04/28,15:33:10,76.64,6993497
10,BABA,2016/04/28,15:33:25,76.65,6998471
10,BABA,2016/04/28,15:34:02,76.58,7009884
10,BABA,2016/04/28,15:34:09,76.56,7012284
10,BABA,2016/04/28,15:34:11,76.56,7015784
10,BABA,2016/04/28,15:34:26,76.57,7019332
10,BABA,2016/04/28,15:35:03,76.58,7039308
10,BABA,2016/04/28,15:35:10,76.56,7040108
10,BABA,2016/04/28,15:35:11,76.56,7040370
10,BABA,2016/04/28,15:35:27,76.58,7044823
10,BABA,2016/04/28,15:36:04,76.61,7058548
10,BABA,2016/04/28,15:36:11,76.60,7060349
10,BABA,2016/04/28,15:36:12,76.60,7060349
10,BABA,2016/04/28,15:36:27,76.57,7061697
10,BABA,2016/04/28,15:37:04,76.59,7071409
10,BABA,2016/04/28,15:37:11,76.58,7074522
10,BABA,2016/04/28,15:37:13,76.58,7075332
10,BABA,2016/04/28,15:37:28,76.56,7083378
10,BABA,2016/04/28,15:38:05,76.56,7111175
10,BABA,2016/04/28,15:38:12,76.57,7119004
10,BABA,2016/04/28,15:38:13,76.57,7119004
10,BABA,2016/04/28,15:38:30,76.56,7122618
10,BABA,2016/04/28,15:39:06,76.54,7168191
10,BABA,2016/04/28,15:39:13,76.54,7172287
10,BABA,2016/04/28,15:39:14,76.54,7172287
10,BABA,2016/04/28,15:39:31,76.52,7180580
10,BABA,2016/04/28,15:40:07,76.48,7252923
10,BABA,2016/04/28,15:40:14,76.47,7255648
10,BABA,2016/04/28,15:40:15,76.46,7259743
10,BABA,2016/04/28,15:40:31,76.42,7272098
10,BABA,2016/04/28,15:41:07,76.34,7329006
10,BABA,2016/04/28,15:41:15,76.32,7333507
10,BABA,2016/04/28,15:41:16,76.32,7333507
10,BABA,2016/04/28,15:41:32,76.33,7344131
10,BABA,2016/04/28,15:42:08,76.37,7373372
10,BABA,2016/04/28,15:42:15,76.38,7379202
10,BABA,2016/04/28,15:42:16,76.37,7383868
10,BABA,2016/04/28,15:42:33,76.36,7398356
10,BABA,2016/04/28,15:43:09,76.34,7413754
10,BABA,2016/04/28,15:43:16,76.35,7416930
10,BABA,2016/04/28,15:43:18,76.34,7418153
10,BABA,2016/04/28,15:43:34,76.31,7427438
10,BABA,2016/04/28,15:44:10,76.28,7468129
10,BABA,2016/04/28,15:44:17,76.27,7468602
10,BABA,2016/04/28,15:44:18,76.27,7468956
10,BABA,2016/04/28,15:44:36,76.23,7486707
10,BABA,2016/04/28,15:45:12,76.23,7509032
10,BABA,2016/04/28,15:45:18,76.25,7512967
10,BABA,2016/04/28,15:45:19,76.25,7514267
10,BABA,2016/04/28,15:45:37,76.37,7542077
10,BABA,2016/04/28,15:46:12,76.25,7557596
10,BABA,2016/04/28,15:46:19,76.29,7569368
10,BABA,2016/04/28,15:46:20,76.29,7569368
10,BABA,2016/04/28,15:46:38,76.30,7586399
10,BABA,2016/04/28,15:47:13,76.29,7597952
10,BABA,2016/04/28,15:47:20,76.33,7607151
10,BABA,2016/04/28,15:47:21,76.33,7607639
10,BABA,2016/04/28,15:47:39,76.32,7619022
10,BABA,2016/04/28,15:48:14,76.35,7637730
10,BABA,2016/04/28,15:48:21,76.35,7642528
10,BABA,2016/04/28,15:48:21,76.35,7642528
10,BABA,2016/04/28,15:48:40,76.36,7644555
10,BABA,2016/04/28,15:49:14,76.34,7664623
10,BABA,2016/04/28,15:49:22,76.33,7668714
10,BABA,2016/04/28,15:49:22,76.33,7668714
10,BABA,2016/04/28,15:49:41,76.32,7677304
10,BABA,2016/04/28,15:50:15,76.34,7692026
10,BABA,2016/04/28,15:50:23,76.32,7699678
10,BABA,2016/04/28,15:50:23,76.32,7699678
10,BABA,2016/04/28,15:50:42,76.34,7708818
10,BABA,2016/04/28,15:51:16,76.40,7739252
10,BABA,2016/04/28,15:51:23,76.42,7742166
10,BABA,2016/04/28,15:51:23,76.42,7742166
10,BABA,2016/04/28,15:51:42,76.44,7758933
10,BABA,2016/04/28,15:52:16,76.41,7776927
10,BABA,2016/04/28,15:52:24,76.41,7787119
10,BABA,2016/04/28,15:52:24,76.41,7787119
10,BABA,2016/04/28,15:52:43,76.44,7798192
10,BABA,2016/04/28,15:53:17,76.51,7831884
10,BABA,2016/04/28,15:53:25,76.49,7832634
10,BABA,2016/04/28,15:53:25,76.49,7832634
10,BABA,2016/04/28,15:53:44,76.47,7853400
10,BABA,2016/04/28,15:54:18,76.50,7885648
10,BABA,2016/04/28,15:54:25,76.53,7891946
10,BABA,2016/04/28,15:54:25,76.53,7891946
10,BABA,2016/04/28,15:54:45,76.50,7902793
10,BABA,2016/04/28,15:55:19,76.50,7924047
10,BABA,2016/04/28,15:55:26,76.49,7925250
10,BABA,2016/04/28,15:55:26,76.49,7925250
10,BABA,2016/04/28,15:55:45,76.47,7944581
10,BABA,2016/04/28,15:56:19,76.46,7975323
10,BABA,2016/04/28,15:56:27,76.45,7975823
10,BABA,2016/04/28,15:56:27,76.45,7975823
10,BABA,2016/04/28,15:56:46,76.49,7995001
10,BABA,2016/04/28,15:57:24,76.46,8030367
10,BABA,2016/04/28,15:57:28,76.45,8031764
10,BABA,2016/04/28,15:57:28,76.45,8031764
10,BABA,2016/04/28,15:57:47,76.47,8042543
10,BABA,2016/04/28,15:58:24,76.45,8067903
10,BABA,2016/04/28,15:58:28,76.47,8071803
10,BABA,2016/04/28,15:58:28,76.47,8071805
10,BABA,2016/04/28,15:58:47,76.46,8091318
10,BABA,2016/04/28,15:59:25,76.46,8121489
10,BABA,2016/04/28,15:59:29,76.46,8123489
10,BABA,2016/04/28,15:59:29,76.46,8123489
10,BABA,2016/04/28,15:59:48,76.47,8129784
10,BABA,2016/04/28,16:00:26,76.50,8148139
10,BABA,2016/04/28,16:00:33,76.51,8157724
10,BABA,2016/04/28,16:00:33,76.51,8157724
10,BABA,2016/04/28,16:00:49,76.51,8161600
10,BABA,2016/04/28,16:01:27,76.51,8172667
10,BABA,2016/04/28,16:01:33,76.51,8176467
10,BABA,2016/04/28,16:01:34,76.51,8176467
10,BABA,2016/04/28,16:01:49,76.51,8191959
10,BABA,2016/04/28,16:02:27,76.54,8232106
10,BABA,2016/04/28,16:02:34,76.57,8255729
10,BABA,2016/04/28,16:02:35,76.56,8260279
10,BABA,2016/04/28,16:02:50,76.55,8274485
10,BABA,2016/04/28,16:03:28,76.47,8304311
10,BABA,2016/04/28,16:03:35,76.46,8313025
10,BABA,2016/04/28,16:03:36,76.46,8313025
10,BABA,2016/04/28,16:03:51,76.46,8322751
10,BABA,2016/04/28,16:04:29,76.45,8340398
10,BABA,2016/04/28,16:04:36,76.45,8343598
10,BABA,2016/04/28,16:04:36,76.45,8343598
10,BABA,2016/04/28,16:04:52,76.44,8356130
10,BABA,2016/04/28,16:05:29,76.39,8385227
10,BABA,2016/04/28,16:05:36,76.37,8396889
10,BABA,2016/04/28,16:05:37,76.37,8396889
10,BABA,2016/04/28,16:05:52,76.30,8414289
10,BABA,2016/04/28,16:06:30,76.29,8443916
10,BABA,2016/04/28,16:06:37,76.29,8447827
10,BABA,2016/04/28,16:06:38,76.29,8447827
10,BABA,2016/04/28,16:06:53,76.28,8462699
10,BABA,2016/04/28,16:07:31,76.26,8494384
10,BABA,2016/04/28,16:07:38,76.23,8504542
10,BABA,2016/04/28,16:07:42,76.23,8504542
10,BABA,2016/04/28,16:07:54,76.20,8532069
10,BABA,2016/04/28,16:08:32,76.22,8565269
10,BABA,2016/04/28,16:08:42,76.22,8595456
10,BABA,2016/04/28,16:08:45,76.23,8599986
10,BABA,2016/04/28,16:08:55,76.23,8616589
10,BABA,2016/04/28,16:09:33,76.19,8655302
10,BABA,2016/04/28,16:09:42,76.19,8660949
10,BABA,2016/04/28,16:09:46,76.19,8662781
10,BABA,2016/04/28,16:09:55,76.19,8670965
10,BABA,2016/04/28,16:10:34,76.16,8732057
10,BABA,2016/04/28,16:10:43,76.16,8745811
10,BABA,2016/04/28,16:10:47,76.14,8750153
10,BABA,2016/04/28,16:10:56,76.12,8766547
10,BABA,2016/04/28,16:11:34,76.11,8799627
10,BABA,2016/04/28,16:11:44,76.12,8830028
10,BABA,2016/04/28,16:11:48,76.12,8832965
10,BABA,2016/04/28,16:11:57,76.11,8849203
10,BABA,2016/04/28,16:12:35,76.15,8918608
10,BABA,2016/04/28,16:12:45,76.15,8935902
10,BABA,2016/04/28,16:12:48,76.16,8943302
10,BABA,2016/04/28,16:12:58,76.15,8963956
10,BABA,2016/04/28,16:13:36,76.15,9022997
10,BABA,2016/04/28,16:13:45,76.13,9045845
10,BABA,2016/04/28,16:13:49,76.11,9054408
10,BABA,2016/04/28,16:13:58,76.13,9075878
10,BABA,2016/04/28,16:14:36,76.25,9171408
10,BABA,2016/04/28,16:14:46,76.27,9231342
10,BABA,2016/04/28,16:14:50,76.28,9244569
10,BABA,2016/04/28,16:14:59,76.32,9280575
10,BABA,2016/04/28,16:15:37,76.31,9284984
10,BABA,2016/04/28,16:15:51,76.31,9284984
10,BABA,2016/04/28,16:15:52,76.40,9629734
10,BABA,2016/04/28,16:16:00,76.40,9629734
10,BABA,2016/04/28,16:16:38,76.40,9632134
10,BABA,2016/04/28,16:16:51,76.40,9632933
10,BABA,2016/04/28,16:16:53,76.40,9634359
10,BABA,2016/04/28,16:17:01,76.40,9635459
10,BABA,2016/04/28,16:17:52,76.40,9637519
10,BABA,2016/04/28,16:17:53,76.40,9637519
10,BABA,2016/04/28,16:18:01,76.40,9801229
10,BABA,2016/04/28,16:18:53,76.40,9819009
10,BABA,2016/04/28,16:18:54,76.40,9819009
10,BABA,2016/04/28,16:19:02,76.40,9819009
10,BABA,2016/04/28,16:19:53,76.40,9820109
10,BABA,2016/04/28,16:19:56,76.40,9820109
10,BABA,2016/04/28,16:20:03,76.40,9820109
10,BABA,2016/04/28,16:20:54,76.40,9821019
10,BABA,2016/04/28,16:20:57,76.40,9821019
10,BABA,2016/04/28,16:21:04,76.40,9821071
10,BABA,2016/04/28,16:21:55,76.40,9822637
10,BABA,2016/04/28,16:21:58,76.40,9823287
10,BABA,2016/04/28,16:22:04,76.40,9823287
10,BABA,2016/04/28,16:22:56,76.40,9823537
10,BABA,2016/04/28,16:22:59,76.40,9823537
10,BABA,2016/04/28,16:23:05,76.40,9823537
10,BABA,2016/04/28,16:23:57,76.40,9823537
10,BABA,2016/04/28,16:23:59,76.40,9823537
10,BABA,2016/04/28,16:24:06,76.40,9823537
10,BABA,2016/04/28,16:24:59,76.40,9823537
10,BABA,2016/04/28,16:25:00,76.40,9823537
10,BABA,2016/04/28,16:25:07,76.40,9823537
10,BABA,2016/04/28,16:26:00,76.40,9825537
10,BABA,2016/04/28,16:26:00,76.40,9825537
10,BABA,2016/04/28,16:26:07,76.40,9825537
10,BABA,2016/04/28,16:27:00,76.40,9825537
10,BABA,2016/04/28,16:27:01,76.40,9825537
10,BABA,2016/04/28,16:27:08,76.40,9825637
10,BABA,2016/04/28,16:28:01,76.40,9826722
10,BABA,2016/04/28,16:28:03,76.40,9826722
10,BABA,2016/04/28,19:06:37,76.40,9956705
10,BABA,2016/04/28,19:07:38,76.40,9956705
10,BABA,2016/04/28,19:08:39,76.40,9956705
10,BABA,2016/04/28,19:09:40,76.40,9956705
10,BABA,2016/04/28,19:10:41,76.40,9958290
10,BABA,2016/04/28,19:11:41,76.40,9958290
10,BABA,2016/04/28,19:12:42,76.40,9958290
10,BABA,2016/04/28,19:13:43,76.40,9958290
10,BABA,2016/04/28,19:14:43,76.40,9958290
10,BABA,2016/04/28,19:15:44,76.40,9958400
10,BABA,2016/04/28,19:16:45,76.40,9958400
10,BABA,2016/04/28,19:17:46,76.40,9958400
10,BABA,2016/04/28,19:18:46,76.40,9958400
10,BABA,2016/04/28,19:19:47,76.40,9958400
10,BABA,2016/04/28,19:20:48,76.40,9958400
10,BABA,2016/04/28,19:21:48,76.40,9958450
10,BABA,2016/04/28,19:22:49,76.40,9958450
10,BABA,2016/04/28,19:23:50,76.40,9958450
10,BABA,2016/04/28,19:24:51,76.40,9958450
10,BABA,2016/04/28,19:25:51,76.40,9958450
10,BABA,2016/04/28,19:26:52,76.40,9958462
10,BABA,2016/04/28,19:27:53,76.40,9958462
10,BABA,2016/04/28,19:28:53,76.40,9958462
10,BABA,2016/04/28,19:29:54,76.40,9958462
10,BABA,2016/04/28,19:30:55,76.40,9958462
10,BABA,2016/04/28,19:31:56,76.40,9958462
10,BABA,2016/04/28,19:32:56,76.40,9958462
10,BABA,2016/04/28,19:33:57,76.40,9958671
10,BABA,2016/04/28,19:34:58,76.40,9958671
10,BABA,2016/04/28,19:35:59,76.40,9958671
10,BABA,2016/04/28,19:36:59,76.40,9958671
10,BABA,2016/04/28,19:38:00,76.40,9958671
10,BABA,2016/04/28,19:39:01,76.40,9958671
10,BABA,2016/04/28,19:40:01,76.40,9958671
10,BABA,2016/04/28,19:41:02,76.40,9958671
10,BABA,2016/04/28,19:42:03,76.40,9958671
10,BABA,2016/04/28,19:43:04,76.40,9958671
10,BABA,2016/04/28,19:44:04,76.40,9958671
10,BABA,2016/04/28,19:45:05,76.40,9958671
10,BABA,2016/04/28,19:46:06,76.40,9958671
10,BABA,2016/04/28,19:47:07,76.40,9958671
10,BABA,2016/04/28,19:48:08,76.40,9958671
10,BABA,2016/04/28,19:49:09,76.40,9958671
10,BABA,2016/04/28,19:50:09,76.40,9958671
10,BABA,2016/04/28,19:51:10,76.40,9958671
10,BABA,2016/04/28,19:52:11,76.40,9958671
10,BABA,2016/04/28,19:53:12,76.40,9958671
10,BABA,2016/04/28,19:54:12,76.40,9958728
10,BABA,2016/04/28,19:55:13,76.40,9958728
10,BABA,2016/04/28,19:56:14,76.40,9958728
10,BABA,2016/04/28,19:57:15,76.40,9958728
10,BABA,2016/04/28,19:58:16,76.40,9958728
10,BABA,2016/04/28,19:59:17,76.40,9958728
10,BABA,2016/04/28,20:00:17,76.40,9958828
10,BABA,2016/04/28,20:01:18,76.40,9958828
10,BABA,2016/04/28,20:02:19,76.40,9959128
10,BABA,2016/04/28,20:03:20,76.40,9959128
10,BABA,2016/04/28,20:04:21,76.40,9959128
10,BABA,2016/04/28,20:05:21,76.40,9959128
10,BABA,2016/04/28,20:06:22,76.40,9959128
10,BABA,2016/04/28,20:07:24,76.40,9959128
10,BABA,2016/04/28,20:08:25,76.40,9959128
10,BABA,2016/04/28,20:09:26,76.40,9959143
10,BABA,2016/04/28,20:10:27,76.40,9959543
10,BABA,2016/04/28,20:11:27,76.40,9959693
10,BABA,2016/04/28,20:12:28,76.40,9959693
10,BABA,2016/04/28,20:13:29,76.40,9959693
10,BABA,2016/04/28,20:14:29,76.40,9959913
10,BABA,2016/04/28,20:15:30,76.40,9959913
10,BABA,2016/04/28,20:16:31,76.40,9959913
10,BABA,2016/04/28,20:17:33,76.40,9959913
10,BABA,2016/04/28,20:18:34,76.40,9959913
10,BABA,2016/04/28,20:19:35,76.40,9959913
10,BABA,2016/04/28,20:21:03,76.40,9959913
10,BABA,2016/04/28,20:22:04,76.40,9959913
10,BABA,2016/04/28,20:23:04,76.40,9959913
10,BABA,2016/04/28,20:24:05,76.40,9959913
10,BABA,2016/04/28,20:25:06,76.40,9959913
10,BABA,2016/04/28,20:26:08,76.40,9959913
10,BABA,2016/04/28,20:27:09,76.40,9959913
10,BABA,2016/04/28,20:28:10,76.40,9959913
10,BABA,2016/04/28,20:29:11,76.40,9959913
10,BABA,2016/04/28,20:30:12,76.40,9959913
10,BABA,2016/04/28,20:31:14,76.40,9959913
10,BABA,2016/04/28,20:32:15,76.40,9959913
10,BABA,2016/04/28,20:33:16,76.40,9959913
10,BABA,2016/04/28,20:34:18,76.40,9959913
10,BABA,2016/04/28,20:35:19,76.40,9959913
10,BABA,2016/04/28,20:36:20,76.40,9959913
10,BABA,2016/04/28,20:37:21,76.40,9959913
10,BABA,2016/04/28,20:38:22,76.40,9959913
10,BABA,2016/04/28,20:39:22,76.40,9959913
10,BABA,2016/04/28,20:40:23,76.40,9959913
10,BABA,2016/04/28,20:41:25,76.40,9959913
10,BABA,2016/04/28,20:42:26,76.40,9959913
10,BABA,2016/04/28,20:43:28,76.40,9959913
10,BABA,2016/04/28,20:44:29,76.40,9959913
10,BABA,2016/04/28,20:45:30,76.40,9959913
10,BABA,2016/04/28,20:46:30,76.40,9959913
10,BABA,2016/04/28,20:47:31,76.40,9959913
10,BABA,2016/04/28,20:48:32,76.40,9959913
10,BABA,2016/04/28,20:49:34,76.40,9959913
10,BABA,2016/04/28,20:50:36,76.40,9959913
10,BABA,2016/04/28,20:51:37,76.40,9959913
10,BABA,2016/04/28,20:52:38,76.40,9959913
10,BABA,2016/04/28,20:53:39,76.40,9959913
10,BABA,2016/04/28,20:54:39,76.40,9959913
10,BABA,2016/04/28,20:55:40,76.40,9959913
10,BABA,2016/04/28,20:56:41,76.40,9959913
10,BABA,2016/04/28,20:57:42,76.40,9959913
10,BABA,2016/04/28,20:58:43,76.40,9959913
10,BABA,2016/04/28,20:59:44,76.40,9959913
10,BABA,2016/04/28,21:00:45,76.40,9959913
10,BABA,2016/04/28,21:01:45,76.40,9959913
10,BABA,2016/04/28,21:02:47,76.40,9959913
10,BABA,2016/04/28,21:03:48,76.40,9959913
10,BABA,2016/04/28,21:04:50,76.40,9959913
10,BABA,2016/04/28,21:05:51,76.40,9959913
10,BABA,2016/04/28,21:06:52,76.40,9959913
10,BABA,2016/04/28,21:07:52,76.40,9959913
10,BABA,2016/04/28,21:08:55,76.40,9959913
10,BABA,2016/04/28,21:09:56,76.40,9959913
10,BABA,2016/04/28,21:10:56,76.40,9959913
10,BABA,2016/04/28,21:11:57,76.40,9959913
10,BABA,2016/04/28,21:12:58,76.40,9959913
10,BABA,2016/04/28,21:13:58,76.40,9959913
10,BABA,2016/04/28,21:14:59,76.40,9959913
10,BABA,2016/04/28,21:16:00,76.40,9959913
10,BABA,2016/04/28,21:17:00,76.40,9959913
10,BABA,2016/04/28,21:18:01,76.40,9959913
10,BABA,2016/04/28,21:19:02,76.40,9959913
10,BABA,2016/04/28,21:20:03,76.40,9959913
10,BABA,2016/04/28,21:21:03,76.40,9959913
10,BABA,2016/04/28,21:22:04,76.40,9959913
10,BABA,2016/04/28,21:23:06,76.40,9959913
10,BABA,2016/04/28,21:24:08,76.40,9959913
10,BABA,2016/04/28,21:25:09,76.40,9959913
10,BABA,2016/04/28,21:26:10,76.40,9959913
10,BABA,2016/04/28,21:27:11,76.40,9959913
10,BABA,2016/04/28,21:28:11,76.40,9959913
10,BABA,2016/04/28,21:29:12,76.40,9959913
10,BABA,2016/04/28,21:30:14,76.40,9959913
10,BABA,2016/04/28,21:31:15,76.40,9959913
10,BABA,2016/04/28,21:32:16,76.40,9959913
10,BABA,2016/04/28,21:33:17,76.40,9959913
10,BABA,2016/04/28,21:34:18,76.40,9959913
10,BABA,2016/04/28,21:35:19,76.40,9959913
10,BABA,2016/04/28,21:36:21,76.40,9959913
10,BABA,2016/04/28,21:37:22,76.40,9959913
10,BABA,2016/04/28,21:38:23,76.40,9959913
10,BABA,2016/04/28,21:39:24,76.40,9959913
10,BABA,2016/04/28,21:40:26,76.40,9959913
10,BABA,2016/04/28,21:41:27,76.40,9959913
10,BABA,2016/04/28,21:42:28,76.40,9959913
10,BABA,2016/04/28,21:43:29,76.40,9959913
10,BABA,2016/04/28,21:44:30,76.40,9959913
10,BABA,2016/04/28,21:45:35,76.40,9959913
10,BABA,2016/04/28,21:46:36,76.40,9959913
10,BABA,2016/04/28,21:47:37,76.40,9959913
10,BABA,2016/04/28,21:48:38,76.40,9959913
10,BABA,2016/04/28,21:49:39,76.40,9959913
10,BABA,2016/04/28,21:50:40,76.40,9959913
10,BABA,2016/04/28,21:51:40,76.40,9959913
10,BABA,2016/04/28,21:52:41,76.40,9959913
10,BABA,2016/04/28,21:53:43,76.40,9959913
10,BABA,2016/04/28,21:54:44,76.40,9959913
10,BABA,2016/04/28,21:55:47,76.40,9959913
10,BABA,2016/04/28,21:56:47,76.40,9959913
10,BABA,2016/04/28,21:57:48,76.40,9959913
10,BABA,2016/04/28,21:58:49,76.40,9959913
10,BABA,2016/04/28,21:59:50,76.40,9959913
10,BABA,2016/04/28,22:00:51,76.40,9959913
10,BABA,2016/04/28,22:01:53,76.40,9959913
10,BABA,2016/04/28,22:02:54,76.40,9959913
10,BABA,2016/04/28,22:03:55,76.40,9959913
10,BABA,2016/04/28,22:04:56,76.40,9959913
10,BABA,2016/04/28,22:05:57,76.40,9959913
10,BABA,2016/04/28,22:06:58,76.40,9959913
10,BABA,2016/04/28,22:07:59,76.40,9959913
10,BABA,2016/04/28,22:09:00,76.40,9959913
10,BABA,2016/04/28,22:10:04,76.40,9959913
10,BABA,2016/04/28,22:11:05,76.40,9959913
10,BABA,2016/04/28,22:12:06,76.40,9959913
10,BABA,2016/04/28,22:13:07,76.40,9959913
10,BABA,2016/04/28,22:14:08,76.40,9959913
10,BABA,2016/04/28,22:15:13,76.40,9959913
10,BABA,2016/04/28,22:16:43,76.40,9959913
10,BABA,2016/04/28,22:17:44,76.40,9959913
10,BABA,2016/04/28,22:18:45,76.40,9959913
10,BABA,2016/04/28,22:19:46,76.40,9959913
10,BABA,2016/04/28,22:20:47,76.40,9959913
10,BABA,2016/04/28,22:21:47,76.40,9959913
10,BABA,2016/04/28,22:22:48,76.40,9959913
10,BABA,2016/04/28,22:23:50,76.40,9959913
10,BABA,2016/04/28,22:24:52,76.40,9959913
10,BABA,2016/04/28,22:25:53,76.40,9959913
10,BABA,2016/04/28,22:26:54,76.40,9959913
10,BABA,2016/04/28,22:27:55,76.40,9959913
10,BABA,2016/04/28,22:28:56,76.40,9959913
10,BABA,2016/04/28,22:29:56,76.40,9959913
10,BABA,2016/04/28,22:30:57,76.40,9959913
10,BABA,2016/04/28,22:31:59,76.40,9959913
