4,AAPL,2016/03/03,09:33:25,100.75,19199
4,AAPL,2016/03/03,09:34:20,100.75,20699
4,AAPL,2016/03/03,09:35:16,100.75,20899
4,AAPL,2016/03/03,09:36:11,100.75,20899
4,AAPL,2016/03/03,09:37:06,100.75,20899
4,AAPL,2016/03/03,09:38:02,100.75,20899
4,AAPL,2016/03/03,09:38:57,100.75,20999
4,AAPL,2016/03/03,09:39:53,100.75,23018
4,AAPL,2016/03/03,09:40:48,100.75,24018
4,AAPL,2016/03/03,09:41:43,100.75,25118
4,AAPL,2016/03/03,09:42:39,100.75,25218
4,AAPL,2016/03/03,09:43:34,100.75,26919
4,AAPL,2016/03/03,09:44:29,100.75,27429
4,AAPL,2016/03/03,09:45:25,100.62,343522
4,AAPL,2016/03/03,09:46:20,100.58,409213
4,AAPL,2016/03/03,09:47:15,100.61,507927
4,AAPL,2016/03/03,09:48:11,100.51,609579
4,AAPL,2016/03/03,09:49:06,100.51,683450
4,AAPL,2016/03/03,09:50:02,100.53,772791
4,AAPL,2016/03/03,09:50:57,100.53,845601
4,AAPL,2016/03/03,09:51:53,100.68,979570
4,AAPL,2016/03/03,09:52:48,100.70,1031839
4,AAPL,2016/03/03,09:53:43,101.07,1336354
4,AAPL,2016/03/03,09:54:39,101.10,1492698
4,AAPL,2016/03/03,09:55:34,101.22,1712857
4,AAPL,2016/03/03,09:56:29,101.32,1873835
4,AAPL,2016/03/03,09:57:25,101.28,2020438
4,AAPL,2016/03/03,09:58:20,101.15,2228672
4,AAPL,2016/03/03,09:59:16,101.19,2362105
4,AAPL,2016/03/03,10:00:11,101.22,2466183
4,AAPL,2016/03/03,10:01:07,101.30,2603298
4,AAPL,2016/03/03,10:02:02,101.30,2727049
4,AAPL,2016/03/03,10:02:58,101.21,2862564
4,AAPL,2016/03/03,10:03:53,101.22,2947860
4,AAPL,2016/03/03,10:04:48,101.12,3049354
4,AAPL,2016/03/03,10:05:44,101.12,3196496
4,AAPL,2016/03/03,10:06:40,101.15,3316358
4,AAPL,2016/03/03,10:07:35,101.15,3438596
4,AAPL,2016/03/03,10:08:31,101.18,3524130
4,AAPL,2016/03/03,10:09:27,101.29,3651422
4,AAPL,2016/03/03,10:10:22,101.47,3926228
4,AAPL,2016/03/03,10:11:17,101.35,4105195
4,AAPL,2016/03/03,10:12:13,101.42,4200869
4,AAPL,2016/03/03,10:13:08,101.35,4286461
4,AAPL,2016/03/03,10:14:04,101.15,4437466
4,AAPL,2016/03/03,10:14:59,101.27,4496120
4,AAPL,2016/03/03,10:15:54,101.28,4573838
4,AAPL,2016/03/03,10:16:50,101.13,4734720
4,AAPL,2016/03/03,10:17:45,101.13,4876985
4,AAPL,2016/03/03,10:18:41,101.18,4982350
4,AAPL,2016/03/03,10:19:36,101.40,5120420
4,AAPL,2016/03/03,10:20:31,101.46,5296926
4,AAPL,2016/03/03,10:21:27,101.62,5607985
4,AAPL,2016/03/03,10:22:22,101.68,5898106
4,AAPL,2016/03/03,10:23:18,101.49,6098709
4,AAPL,2016/03/03,10:24:13,101.50,6199192
4,AAPL,2016/03/03,10:25:08,101.54,6550123
4,AAPL,2016/03/03,10:26:04,101.52,6627736
4,AAPL,2016/03/03,10:26:59,101.48,6716725
4,AAPL,2016/03/03,10:27:54,101.38,6850516
4,AAPL,2016/03/03,10:28:50,101.29,6934114
4,AAPL,2016/03/03,10:29:45,101.19,7064599
4,AAPL,2016/03/03,10:30:41,101.16,7210000
4,AAPL,2016/03/03,10:31:36,101.25,7364483
4,AAPL,2016/03/03,10:32:31,101.15,7470188
4,AAPL,2016/03/03,10:33:27,101.23,7607456
4,AAPL,2016/03/03,10:34:22,101.26,7710764
4,AAPL,2016/03/03,10:35:17,101.35,7821196
4,AAPL,2016/03/03,10:36:13,101.36,7891188
4,AAPL,2016/03/03,10:37:08,101.45,7982633
4,AAPL,2016/03/03,10:38:04,101.45,8130671
4,AAPL,2016/03/03,10:38:59,101.49,8224297
4,AAPL,2016/03/03,10:39:54,101.41,8308015
4,AAPL,2016/03/03,10:40:51,101.31,8370304
4,AAPL,2016/03/03,10:41:49,101.22,8531071
4,AAPL,2016/03/03,10:42:45,101.36,8606496
4,AAPL,2016/03/03,10:43:40,101.45,8732520
4,AAPL,2016/03/03,10:44:35,101.45,8869234
4,AAPL,2016/03/03,10:45:31,101.52,8951590
4,AAPL,2016/03/03,10:46:26,101.48,9038883
4,AAPL,2016/03/03,10:47:21,101.48,9150002
4,AAPL,2016/03/03,10:48:17,101.43,9224739
4,AAPL,2016/03/03,10:49:12,101.44,9329989
4,AAPL,2016/03/03,10:50:08,101.45,9382406
4,AAPL,2016/03/03,10:51:07,101.52,9522394
4,AAPL,2016/03/03,10:52:02,101.46,9602703
4,AAPL,2016/03/03,10:52:58,101.49,9691002
4,AAPL,2016/03/03,10:53:53,101.46,9816136
4,AAPL,2016/03/03,10:54:49,101.50,9893088
4,AAPL,2016/03/03,10:55:44,101.59,10016894
4,AAPL,2016/03/03,10:56:40,101.65,10198295
4,AAPL,2016/03/03,10:57:35,101.46,10404619
4,AAPL,2016/03/03,10:58:31,101.38,10788095
4,AAPL,2016/03/03,10:59:26,101.49,10896813
4,AAPL,2016/03/03,11:00:22,101.37,11009844
4,AAPL,2016/03/03,11:01:18,101.35,11092816
4,AAPL,2016/03/03,11:02:14,101.40,11165967
4,AAPL,2016/03/03,11:03:09,101.44,11289342
4,AAPL,2016/03/03,11:04:05,101.45,11343561
4,AAPL,2016/03/03,11:05:03,101.45,11373512
4,AAPL,2016/03/03,11:05:58,101.45,11443464
4,AAPL,2016/03/03,11:06:53,101.47,11514051
4,AAPL,2016/03/03,11:07:49,101.47,11565065
4,AAPL,2016/03/03,11:08:44,101.48,11647963
4,AAPL,2016/03/03,11:09:40,101.38,11726488
4,AAPL,2016/03/03,11:10:35,101.45,11782503
4,AAPL,2016/03/03,11:11:31,101.34,11963348
4,AAPL,2016/03/03,11:12:26,101.36,12028489
4,AAPL,2016/03/03,11:13:21,101.36,12098851
4,AAPL,2016/03/03,11:14:17,101.20,12285381
4,AAPL,2016/03/03,11:15:12,101.24,12384209
4,AAPL,2016/03/03,11:16:08,101.27,12467846
4,AAPL,2016/03/03,11:17:03,101.30,12539777
4,AAPL,2016/03/03,11:17:58,101.28,12599502
4,AAPL,2016/03/03,11:18:54,101.33,12676576
4,AAPL,2016/03/03,11:19:49,101.28,12756693
4,AAPL,2016/03/03,11:20:45,101.23,12872542
4,AAPL,2016/03/03,11:21:40,101.22,12965187
4,AAPL,2016/03/03,11:22:36,101.24,13023715
4,AAPL,2016/03/03,11:23:31,101.23,13065052
4,AAPL,2016/03/03,11:24:27,101.28,13193239
4,AAPL,2016/03/03,11:25:22,101.30,13224333
4,AAPL,2016/03/03,11:26:17,101.34,13268139
4,AAPL,2016/03/03,11:27:13,101.35,13347802
4,AAPL,2016/03/03,11:28:08,101.25,13443181
4,AAPL,2016/03/03,11:29:03,101.21,13500183
4,AAPL,2016/03/03,11:29:59,101.18,13572041
4,AAPL,2016/03/03,11:30:54,101.14,13676411
4,AAPL,2016/03/03,11:31:50,101.17,13741891
4,AAPL,2016/03/03,11:32:45,101.11,13801927
4,AAPL,2016/03/03,11:33:40,101.01,13903608
4,AAPL,2016/03/03,11:34:36,100.96,14092832
4,AAPL,2016/03/03,11:35:31,100.99,14157378
4,AAPL,2016/03/03,11:36:26,100.98,14233628
4,AAPL,2016/03/03,11:37:22,100.93,14302516
4,AAPL,2016/03/03,11:38:17,100.81,14420490
4,AAPL,2016/03/03,11:39:13,100.86,14491391
4,AAPL,2016/03/03,11:40:08,100.83,14583551
4,AAPL,2016/03/03,11:41:03,100.90,14683222
4,AAPL,2016/03/03,11:41:59,100.90,14790550
4,AAPL,2016/03/03,11:42:54,100.89,14897608
4,AAPL,2016/03/03,11:43:49,100.83,14971970
4,AAPL,2016/03/03,11:44:45,100.82,15041149
4,AAPL,2016/03/03,11:45:40,100.82,15177225
4,AAPL,2016/03/03,11:46:36,100.82,15262120
4,AAPL,2016/03/03,11:47:31,100.92,15361504
4,AAPL,2016/03/03,11:48:27,100.87,15416333
4,AAPL,2016/03/03,11:49:22,100.86,15510557
4,AAPL,2016/03/03,11:50:18,100.79,15620400
4,AAPL,2016/03/03,11:51:13,100.74,15749411
4,AAPL,2016/03/03,11:52:08,100.66,15841795
4,AAPL,2016/03/03,11:53:04,100.71,15958254
4,AAPL,2016/03/03,11:53:59,100.74,16025802
4,AAPL,2016/03/03,11:54:54,100.76,16090588
4,AAPL,2016/03/03,11:55:50,100.77,16169674
4,AAPL,2016/03/03,11:56:46,100.74,16237228
4,AAPL,2016/03/03,11:57:53,100.75,16291761
4,AAPL,2016/03/03,11:58:48,100.75,16345212
4,AAPL,2016/03/03,11:59:44,100.76,16463998
4,AAPL,2016/03/03,12:00:48,100.71,16575829
4,AAPL,2016/03/03,12:01:59,100.79,16697223
4,AAPL,2016/03/03,12:03:06,100.75,16812299
4,AAPL,2016/03/03,12:04:17,100.78,16877619
4,AAPL,2016/03/03,12:05:27,100.86,17008654
4,AAPL,2016/03/03,12:06:25,100.87,17104159
4,AAPL,2016/03/03,12:07:33,100.86,17243477
4,AAPL,2016/03/03,12:08:37,100.81,17296595
4,AAPL,2016/03/03,12:09:39,100.67,17422968
4,AAPL,2016/03/03,12:10:49,100.67,17530349
4,AAPL,2016/03/03,12:11:47,100.63,17608456
4,AAPL,2016/03/03,12:12:55,100.72,17690815
4,AAPL,2016/03/03,12:14:05,100.72,17751941
4,AAPL,2016/03/03,12:15:03,100.84,17917324
4,AAPL,2016/03/03,12:15:59,100.89,18033102
4,AAPL,2016/03/03,12:16:54,100.85,18133799
4,AAPL,2016/03/03,12:17:49,100.85,18197480
4,AAPL,2016/03/03,12:18:45,100.83,18234838
4,AAPL,2016/03/03,12:19:40,100.80,18284493
4,AAPL,2016/03/03,12:20:36,100.74,18401206
4,AAPL,2016/03/03,12:21:31,100.70,18472781
4,AAPL,2016/03/03,12:22:26,100.72,18520217
4,AAPL,2016/03/03,12:23:22,100.75,18585917
4,AAPL,2016/03/03,12:24:17,100.85,18668678
4,AAPL,2016/03/03,12:25:12,100.78,18720778
4,AAPL,2016/03/03,12:26:08,100.75,18760947
4,AAPL,2016/03/03,12:27:03,100.67,19054481
4,AAPL,2016/03/03,12:27:59,100.71,19100606
4,AAPL,2016/03/03,12:28:54,100.74,19131973
4,AAPL,2016/03/03,12:29:50,100.67,19166781
4,AAPL,2016/03/03,12:30:45,100.69,19190853
4,AAPL,2016/03/03,12:31:40,100.70,19272322
4,AAPL,2016/03/03,12:32:45,100.70,19312203
4,AAPL,2016/03/03,12:33:52,100.67,19400703
4,AAPL,2016/03/03,12:35:03,100.69,19468743
4,AAPL,2016/03/03,12:36:10,100.68,19518832
4,AAPL,2016/03/03,12:37:14,100.71,19578998
4,AAPL,2016/03/03,12:38:25,100.76,19671152
4,AAPL,2016/03/03,12:39:39,100.86,19802666
4,AAPL,2016/03/03,12:40:47,100.80,19899927
4,AAPL,2016/03/03,12:41:55,100.81,20037260
4,AAPL,2016/03/03,12:43:05,100.80,20113569
4,AAPL,2016/03/03,12:44:15,100.78,20167931
4,AAPL,2016/03/03,12:45:22,100.74,20217392
4,AAPL,2016/03/03,12:46:33,100.77,20263524
4,AAPL,2016/03/03,12:47:46,100.82,20324194
4,AAPL,2016/03/03,12:48:56,100.77,20379634
4,AAPL,2016/03/03,12:50:07,100.78,20429918
4,AAPL,2016/03/03,12:51:08,100.75,20470164
4,AAPL,2016/03/03,12:52:04,100.77,20499144
4,AAPL,2016/03/03,12:52:59,100.89,20600464
4,AAPL,2016/03/03,12:53:54,100.93,20655312
4,AAPL,2016/03/03,12:54:50,100.94,20688940
4,AAPL,2016/03/03,12:55:45,100.95,20762085
4,AAPL,2016/03/03,12:56:40,100.95,20801424
4,AAPL,2016/03/03,12:57:39,100.97,20859842
4,AAPL,2016/03/03,12:58:43,100.98,20895806
4,AAPL,2016/03/03,12:59:51,100.97,20943345
4,AAPL,2016/03/03,13:01:01,100.96,20976573
4,AAPL,2016/03/03,13:02:08,100.98,21020311
4,AAPL,2016/03/03,13:03:19,100.90,21128986
4,AAPL,2016/03/03,13:04:26,100.84,21206201
4,AAPL,2016/03/03,13:05:21,100.83,21263066
4,AAPL,2016/03/03,13:06:17,100.85,21325445
4,AAPL,2016/03/03,13:07:24,100.88,21362764
4,AAPL,2016/03/03,13:08:34,100.89,21394113
4,AAPL,2016/03/03,13:09:51,100.90,21445659
4,AAPL,2016/03/03,13:10:58,100.89,21469644
4,AAPL,2016/03/03,13:12:09,100.90,21501759
4,AAPL,2016/03/03,13:13:16,100.90,21524566
4,AAPL,2016/03/03,13:14:26,100.89,21576256
4,AAPL,2016/03/03,13:15:37,100.89,21612238
4,AAPL,2016/03/03,13:16:44,100.91,21710747
4,AAPL,2016/03/03,13:17:55,100.89,21761686
4,AAPL,2016/03/03,13:18:59,100.91,21806639
4,AAPL,2016/03/03,13:19:54,100.93,21872816
4,AAPL,2016/03/03,13:20:50,100.93,21902903
4,AAPL,2016/03/03,13:21:45,100.94,21946251
4,AAPL,2016/03/03,13:22:40,100.93,21970700
4,AAPL,2016/03/03,13:23:36,100.93,22006610
4,AAPL,2016/03/03,13:24:31,100.99,22034591
4,AAPL,2016/03/03,13:25:27,100.96,22077704
4,AAPL,2016/03/03,13:26:22,100.94,22118047
4,AAPL,2016/03/03,13:27:18,100.93,22135018
4,AAPL,2016/03/03,13:28:13,100.93,22176127
4,AAPL,2016/03/03,13:29:08,100.94,22204467
4,AAPL,2016/03/03,13:30:04,100.94,22232761
4,AAPL,2016/03/03,13:30:59,100.94,22249057
4,AAPL,2016/03/03,13:31:55,100.89,22293108
4,AAPL,2016/03/03,13:32:50,100.83,22335294
4,AAPL,2016/03/03,13:33:45,100.83,22364218
4,AAPL,2016/03/03,13:34:41,100.89,22404655
4,AAPL,2016/03/03,13:35:51,100.95,22483087
4,AAPL,2016/03/03,13:36:58,100.97,22518101
4,AAPL,2016/03/03,13:38:09,100.94,22572717
4,AAPL,2016/03/03,13:39:16,100.89,22633535
4,AAPL,2016/03/03,13:40:27,100.95,22685083
4,AAPL,2016/03/03,13:41:37,100.86,22750781
4,AAPL,2016/03/03,13:43:26,100.88,22812499
4,AAPL,2016/03/03,13:44:37,100.92,22845962
4,AAPL,2016/03/03,13:45:44,100.93,22896060
4,AAPL,2016/03/03,13:46:45,100.96,22928946
4,AAPL,2016/03/03,13:47:53,100.95,22968860
4,AAPL,2016/03/03,13:49:00,100.95,23012904
4,AAPL,2016/03/03,13:50:10,100.98,23052455
4,AAPL,2016/03/03,13:51:21,101.12,23247988
4,AAPL,2016/03/03,13:52:28,101.09,23331773
4,AAPL,2016/03/03,13:53:39,101.12,23377119
4,AAPL,2016/03/03,13:54:46,101.12,23430330
4,AAPL,2016/03/03,13:55:57,101.17,23520828
4,AAPL,2016/03/03,13:57:13,101.14,23652020
4,AAPL,2016/03/03,13:58:11,101.14,23697044
4,AAPL,2016/03/03,13:59:19,101.10,23732200
4,AAPL,2016/03/03,14:00:20,101.17,23766125
4,AAPL,2016/03/03,14:01:31,101.22,24027096
4,AAPL,2016/03/03,14:02:41,101.20,24081702
4,AAPL,2016/03/03,14:03:48,101.25,24141084
4,AAPL,2016/03/03,14:04:59,101.23,24188445
4,AAPL,2016/03/03,14:06:07,101.27,24331071
4,AAPL,2016/03/03,14:07:14,101.21,24422526
4,AAPL,2016/03/03,14:08:25,101.08,24487767
4,AAPL,2016/03/03,14:09:41,101.16,24547844
4,AAPL,2016/03/03,14:10:49,101.27,24648607
4,AAPL,2016/03/03,14:11:59,101.25,24711913
4,AAPL,2016/03/03,14:13:06,101.29,24776700
4,AAPL,2016/03/03,14:14:17,101.25,24812114
4,AAPL,2016/03/03,14:16:30,101.36,24967033
4,AAPL,2016/03/03,14:17:37,101.32,25067166
4,AAPL,2016/03/03,14:18:44,101.33,25114927
4,AAPL,2016/03/03,14:19:55,101.32,25149238
4,AAPL,2016/03/03,14:21:02,101.23,25220374
4,AAPL,2016/03/03,14:22:01,101.15,25318702
4,AAPL,2016/03/03,14:23:08,101.20,25402525
4,AAPL,2016/03/03,14:24:04,101.19,25424715
4,AAPL,2016/03/03,14:25:11,101.20,25479983
4,AAPL,2016/03/03,14:26:19,101.26,25503637
4,AAPL,2016/03/03,14:27:26,101.24,25559626
4,AAPL,2016/03/03,14:28:37,101.18,25656065
4,AAPL,2016/03/03,14:29:44,101.18,25704491
4,AAPL,2016/03/03,14:30:49,101.16,25718616
4,AAPL,2016/03/03,14:31:56,101.16,25762122
4,AAPL,2016/03/03,14:33:06,101.11,25784352
4,AAPL,2016/03/03,14:34:17,101.11,25833222
4,AAPL,2016/03/03,14:35:24,101.14,25894891
4,AAPL,2016/03/03,14:36:35,101.23,25988690
4,AAPL,2016/03/03,14:37:43,101.21,26017473
4,AAPL,2016/03/03,14:38:56,101.28,26065641
4,AAPL,2016/03/03,14:40:07,101.26,26113277
4,AAPL,2016/03/03,14:41:20,101.33,26204932
4,AAPL,2016/03/03,14:42:31,101.35,26287841
4,AAPL,2016/03/03,14:43:38,101.26,26377664
4,AAPL,2016/03/03,14:44:49,101.26,26416318
4,AAPL,2016/03/03,14:45:56,101.29,26459864
4,AAPL,2016/03/03,14:47:07,101.19,26526432
4,AAPL,2016/03/03,14:48:14,101.16,26613534
4,AAPL,2016/03/03,14:49:19,101.14,26647202
4,AAPL,2016/03/03,14:50:29,101.19,26689295
4,AAPL,2016/03/03,14:51:36,101.24,26727737
4,AAPL,2016/03/03,14:52:47,101.27,26757818
4,AAPL,2016/03/03,14:54:00,101.22,26807381
4,AAPL,2016/03/03,14:55:09,101.27,26847057
4,AAPL,2016/03/03,14:56:16,101.30,26898374
4,AAPL,2016/03/03,14:57:27,101.30,26944727
4,AAPL,2016/03/03,14:58:52,101.31,26973299
4,AAPL,2016/03/03,15:00:03,101.31,27059522
4,AAPL,2016/03/03,15:01:08,101.31,27108394
4,AAPL,2016/03/03,15:02:19,101.30,27145371
4,AAPL,2016/03/03,15:03:29,101.33,27188272
4,AAPL,2016/03/03,15:04:24,101.38,27322062
4,AAPL,2016/03/03,15:05:20,101.37,27351105
4,AAPL,2016/03/03,15:06:15,101.38,27394431
4,AAPL,2016/03/03,15:07:11,101.36,27422057
4,AAPL,2016/03/03,15:08:06,101.40,27461037
4,AAPL,2016/03/03,15:09:01,101.41,27515156
4,AAPL,2016/03/03,15:09:57,101.43,27555730
4,AAPL,2016/03/03,15:11:01,101.36,27620593
4,AAPL,2016/03/03,15:11:59,101.40,27662464
4,AAPL,2016/03/03,15:12:55,101.40,27696631
4,AAPL,2016/03/03,15:13:56,101.42,27738567
4,AAPL,2016/03/03,15:15:07,101.41,27789544
4,AAPL,2016/03/03,15:16:17,101.45,28187863
4,AAPL,2016/03/03,15:17:24,101.49,28290324
4,AAPL,2016/03/03,15:18:35,101.48,28388602
4,AAPL,2016/03/03,15:21:48,101.36,28661860
4,AAPL,2016/03/03,15:22:59,101.37,28722431
4,AAPL,2016/03/03,15:24:27,101.39,28789706
4,AAPL,2016/03/03,15:25:34,101.39,28845721
4,AAPL,2016/03/03,15:26:45,101.38,28888331
4,AAPL,2016/03/03,15:27:52,101.38,29001114
4,AAPL,2016/03/03,15:28:55,101.40,29070582
4,AAPL,2016/03/03,15:29:56,101.41,29105435
4,AAPL,2016/03/03,15:31:07,101.44,29174316
4,AAPL,2016/03/03,15:32:11,101.39,29253966
4,AAPL,2016/03/03,15:33:19,101.32,29338545
4,AAPL,2016/03/03,15:34:29,101.35,29418951
4,AAPL,2016/03/03,15:35:36,101.32,29477228
4,AAPL,2016/03/03,15:36:44,101.32,29558287
4,AAPL,2016/03/03,15:37:49,101.38,29606174
4,AAPL,2016/03/03,15:38:59,101.39,29931892
4,AAPL,2016/03/03,15:40:00,101.43,29976778
4,AAPL,2016/03/03,15:41:11,101.45,30063166
4,AAPL,2016/03/03,15:42:18,101.47,30185036
4,AAPL,2016/03/03,15:43:23,101.47,30405279
4,AAPL,2016/03/03,15:44:33,101.47,30442317
4,AAPL,2016/03/03,15:45:28,101.49,30502351
4,AAPL,2016/03/03,15:46:33,101.48,30566599
4,AAPL,2016/03/03,15:47:34,101.52,30679742
4,AAPL,2016/03/03,15:48:45,101.55,30757594
4,AAPL,2016/03/03,15:49:52,101.63,30886026
4,AAPL,2016/03/03,15:50:56,101.62,30976473
4,AAPL,2016/03/03,15:51:55,101.58,31070306
4,AAPL,2016/03/03,15:52:59,101.56,31186109
4,AAPL,2016/03/03,15:53:58,101.57,31264544
4,AAPL,2016/03/03,15:54:53,101.55,31327083
4,AAPL,2016/03/03,15:55:51,101.57,31385488
4,AAPL,2016/03/03,15:56:47,101.62,31491851
4,AAPL,2016/03/03,15:57:42,101.59,31648017
4,AAPL,2016/03/03,15:58:37,101.62,31739004
4,AAPL,2016/03/03,15:59:33,101.59,31795777
4,AAPL,2016/03/03,16:00:28,101.60,31871976
4,AAPL,2016/03/03,16:01:24,101.59,31973369
4,AAPL,2016/03/03,16:02:19,101.55,32047114
4,AAPL,2016/03/03,16:03:15,101.54,32111020
4,AAPL,2016/03/03,16:04:10,101.51,32161400
4,AAPL,2016/03/03,16:05:06,101.47,32255922
4,AAPL,2016/03/03,16:06:01,101.41,32429910
4,AAPL,2016/03/03,16:06:56,101.38,32558845
4,AAPL,2016/03/03,16:07:52,101.40,32730036
4,AAPL,2016/03/03,16:08:47,101.34,32834178
4,AAPL,2016/03/03,16:09:43,101.31,32934988
4,AAPL,2016/03/03,16:10:38,101.34,33067764
4,AAPL,2016/03/03,16:11:34,101.31,33195122
4,AAPL,2016/03/03,16:12:29,101.30,33333405
4,AAPL,2016/03/03,16:13:25,101.33,33527504
4,AAPL,2016/03/03,16:14:20,101.44,33819453
4,AAPL,2016/03/03,16:15:16,101.46,34410798
4,AAPL,2016/03/03,16:16:12,101.50,35850521
4,AAPL,2016/03/03,16:17:08,101.50,36002021
4,AAPL,2016/03/03,16:18:03,101.50,36010841
4,AAPL,2016/03/03,16:18:59,101.50,36024396
4,AAPL,2016/03/03,16:19:54,101.50,36024406
4,AAPL,2016/03/03,16:20:50,101.50,36035036
4,AAPL,2016/03/03,16:21:45,101.50,36035086
4,AAPL,2016/03/03,16:22:40,101.50,36194011
4,AAPL,2016/03/03,16:23:36,101.50,36195015
4,AAPL,2016/03/03,16:24:31,101.50,36195025
4,AAPL,2016/03/03,16:25:27,101.50,36203525
4,AAPL,2016/03/03,16:26:22,101.50,36565294
4,AAPL,2016/03/03,16:27:17,101.50,36565294
4,AAPL,2016/03/03,16:28:13,101.50,36588194
4,AAPL,2016/03/03,16:29:08,101.50,36641894
4,AAPL,2016/03/03,16:30:04,101.50,36641944
4,AAPL,2016/03/03,16:30:59,101.50,36665995
4,AAPL,2016/03/03,16:31:54,101.50,36697729
4,AAPL,2016/03/03,16:32:50,101.50,36701929
4,AAPL,2016/03/03,16:33:45,101.50,36702429
4,AAPL,2016/03/03,16:34:41,101.50,36702514
4,AAPL,2016/03/03,16:35:36,101.50,36732114
4,AAPL,2016/03/03,16:36:31,101.50,36736714
4,AAPL,2016/03/03,16:37:27,101.50,36764159
4,AAPL,2016/03/03,16:38:22,101.50,36764159
4,AAPL,2016/03/03,16:39:18,101.50,36764159
4,AAPL,2016/03/03,16:40:13,101.50,36774317
4,AAPL,2016/03/03,16:41:09,101.50,36774317
4,AAPL,2016/03/03,16:42:04,101.50,36774627
4,AAPL,2016/03/03,16:43:02,101.50,36790049
4,AAPL,2016/03/03,16:43:58,101.50,36791795
4,AAPL,2016/03/03,16:44:53,101.50,36792145
4,AAPL,2016/03/03,16:45:48,101.50,36792245
4,AAPL,2016/03/03,16:46:44,101.50,36792245
4,AAPL,2016/03/03,16:47:39,101.50,36792245
4,AAPL,2016/03/03,16:48:35,101.50,36792245
4,AAPL,2016/03/03,16:49:30,101.50,36792254
4,AAPL,2016/03/03,16:50:32,101.50,36793254
4,AAPL,2016/03/03,16:51:27,101.50,36793254
4,AAPL,2016/03/03,16:52:22,101.50,36793254
4,AAPL,2016/03/03,16:53:18,101.50,36793254
4,AAPL,2016/03/03,16:54:13,101.50,36794254
4,AAPL,2016/03/03,16:55:09,101.50,36798502
4,AAPL,2016/03/03,16:56:04,101.50,36799653
4,AAPL,2016/03/03,16:56:59,101.50,36801653
4,AAPL,2016/03/03,16:57:55,101.50,36802453
4,AAPL,2016/03/03,16:58:50,101.50,36807842
4,AAPL,2016/03/03,16:59:46,101.50,36809042
4,AAPL,2016/03/03,17:00:41,101.50,36809542
4,AAPL,2016/03/03,17:01:36,101.50,36812322
4,AAPL,2016/03/03,17:02:32,101.50,36812322
4,AAPL,2016/03/03,17:03:27,101.50,36812522
4,AAPL,2016/03/03,17:04:22,101.50,36812522
4,AAPL,2016/03/03,17:05:18,101.50,36812522
4,AAPL,2016/03/03,17:06:13,101.50,36821423
4,AAPL,2016/03/03,17:07:09,101.50,36821823
4,AAPL,2016/03/03,17:08:04,101.50,36822243
4,AAPL,2016/03/03,17:08:59,101.50,36823243
4,AAPL,2016/03/03,17:09:55,101.50,36823243
4,AAPL,2016/03/03,17:10:50,101.50,36825118
4,AAPL,2016/03/03,17:11:46,101.50,36825148
4,AAPL,2016/03/03,17:12:41,101.50,36825148
4,AAPL,2016/03/03,17:13:36,101.50,36825148
4,AAPL,2016/03/03,17:14:32,101.50,36825648
4,AAPL,2016/03/03,17:15:27,101.50,36825648
4,AAPL,2016/03/03,17:16:23,101.50,36831661
4,AAPL,2016/03/03,17:17:18,101.50,36831661
4,AAPL,2016/03/03,17:18:13,101.50,36831661
4,AAPL,2016/03/03,17:19:09,101.50,36836802
4,AAPL,2016/03/03,17:20:04,101.50,36836822
4,AAPL,2016/03/03,17:21:00,101.50,36879822
4,AAPL,2016/03/03,17:21:55,101.50,36879872
4,AAPL,2016/03/03,17:22:51,101.50,36880322
4,AAPL,2016/03/03,17:23:46,101.50,36880372
4,AAPL,2016/03/03,17:24:42,101.50,36880432
4,AAPL,2016/03/03,17:25:37,101.50,36880491
4,AAPL,2016/03/03,17:26:32,101.50,36881391
4,AAPL,2016/03/03,17:27:28,101.50,36881391
4,AAPL,2016/03/03,17:28:23,101.50,36881391
4,AAPL,2016/03/03,17:29:19,101.50,36882391
4,AAPL,2016/03/03,17:30:14,101.50,36882391
4,AAPL,2016/03/03,17:31:09,101.50,36882391
4,AAPL,2016/03/03,17:32:06,101.50,36882391
4,AAPL,2016/03/03,17:33:01,101.50,36882391
4,AAPL,2016/03/03,17:33:18,101.50,36882635
4,AAPL,2016/03/03,17:33:57,101.50,36883391
4,AAPL,2016/03/03,17:34:14,101.50,36883391
4,AAPL,2016/03/03,17:34:52,101.50,36883391
4,AAPL,2016/03/03,17:35:10,101.50,36883391
4,AAPL,2016/03/03,17:36:05,101.50,36883791
4,AAPL,2016/03/03,17:37:02,101.50,36883941
4,AAPL,2016/03/03,17:37:58,101.50,36884141
4,AAPL,2016/03/03,17:38:53,101.50,36884373
4,AAPL,2016/03/03,17:39:11,101.50,36884390
4,AAPL,2016/03/03,17:39:24,101.50,36884390
4,AAPL,2016/03/03,17:39:48,101.50,36884390
4,AAPL,2016/03/03,17:40:06,101.50,36884390
4,AAPL,2016/03/03,17:40:19,101.50,36884490
4,AAPL,2016/03/03,17:40:38,101.50,36884490
4,AAPL,2016/03/03,17:40:43,101.50,36884490
4,AAPL,2016/03/03,17:41:02,101.50,36884490
4,AAPL,2016/03/03,17:41:15,101.50,36884490
4,AAPL,2016/03/03,17:41:34,101.50,36884490
4,AAPL,2016/03/03,17:41:39,101.50,36884490
4,AAPL,2016/03/03,17:41:57,101.50,36884500
4,AAPL,2016/03/03,17:42:10,101.50,36884500
4,AAPL,2016/03/03,17:42:29,101.50,36884500
4,AAPL,2016/03/03,17:42:34,101.50,36884500
4,AAPL,2016/03/03,17:42:39,101.50,36884500
4,AAPL,2016/03/03,17:42:52,101.50,36884500
4,AAPL,2016/03/03,17:43:05,101.50,36884500
4,AAPL,2016/03/03,17:43:25,101.50,36884500
4,AAPL,2016/03/03,17:43:30,101.50,36884510
4,AAPL,2016/03/03,17:43:35,101.50,36884510
4,AAPL,2016/03/03,17:43:48,101.50,36884510
4,AAPL,2016/03/03,17:44:01,101.50,36884910
4,AAPL,2016/03/03,17:44:20,101.50,36884910
4,AAPL,2016/03/03,17:44:26,101.50,36884910
4,AAPL,2016/03/03,17:44:30,101.50,36884910
4,AAPL,2016/03/03,17:44:43,101.50,36884910
4,AAPL,2016/03/03,17:44:56,101.50,36884910
4,AAPL,2016/03/03,17:45:15,101.50,36885072
4,AAPL,2016/03/03,17:45:21,101.50,36885072
4,AAPL,2016/03/03,17:45:27,101.50,36885072
4,AAPL,2016/03/03,17:45:38,101.50,36885072
4,AAPL,2016/03/03,17:45:52,101.50,36885072
4,AAPL,2016/03/03,17:46:11,101.50,36885472
4,AAPL,2016/03/03,17:46:17,101.50,36885472
4,AAPL,2016/03/03,17:46:22,101.50,36885472
4,AAPL,2016/03/03,17:46:34,101.50,36885472
4,AAPL,2016/03/03,17:46:47,101.50,36885472
4,AAPL,2016/03/03,17:47:06,101.50,36885472
4,AAPL,2016/03/03,17:47:12,101.50,36885472
4,AAPL,2016/03/03,17:47:18,101.50,36885472
4,AAPL,2016/03/03,17:47:29,101.50,36885472
4,AAPL,2016/03/03,17:47:42,101.50,36885472
4,AAPL,2016/03/03,17:47:42,101.50,36885472
4,AAPL,2016/03/03,17:48:02,101.50,36885472
4,AAPL,2016/03/03,17:48:08,101.50,36885472
4,AAPL,2016/03/03,17:48:13,101.50,36885472
4,AAPL,2016/03/03,17:48:25,101.50,36885472
4,AAPL,2016/03/03,17:48:38,101.50,36885472
4,AAPL,2016/03/03,17:48:38,101.50,36885472
4,AAPL,2016/03/03,17:48:57,101.50,36885472
4,AAPL,2016/03/03,17:49:03,101.50,36885472
4,AAPL,2016/03/03,17:49:08,101.50,36885472
4,AAPL,2016/03/03,17:49:09,101.50,36885472
4,AAPL,2016/03/03,17:49:20,101.50,36885472
4,AAPL,2016/03/03,17:49:33,101.50,36885472
4,AAPL,2016/03/03,17:49:33,101.50,36885472
4,AAPL,2016/03/03,17:49:53,101.50,36885472
4,AAPL,2016/03/03,17:49:59,101.50,36885472
4,AAPL,2016/03/03,17:50:07,101.50,36885472
4,AAPL,2016/03/03,17:50:09,101.50,36885472
4,AAPL,2016/03/03,17:50:15,101.50,36885472
4,AAPL,2016/03/03,17:50:28,101.50,36885472
4,AAPL,2016/03/03,17:50:28,101.50,36885472
4,AAPL,2016/03/03,17:50:48,101.50,36885472
4,AAPL,2016/03/03,17:50:54,101.50,36885472
4,AAPL,2016/03/03,17:51:02,101.50,36885472
4,AAPL,2016/03/03,17:51:04,101.50,36885472
4,AAPL,2016/03/03,17:51:11,101.50,36885472
4,AAPL,2016/03/03,17:51:24,101.50,36885472
4,AAPL,2016/03/03,17:51:24,101.50,36885472
4,AAPL,2016/03/03,17:51:43,101.50,36885472
4,AAPL,2016/03/03,17:51:50,101.50,36885472
4,AAPL,2016/03/03,17:51:58,101.50,36886472
4,AAPL,2016/03/03,17:51:59,101.50,36886472
4,AAPL,2016/03/03,17:52:06,101.50,36886472
4,AAPL,2016/03/03,17:56:01,101.50,36887412
4,AAPL,2016/03/03,17:56:57,101.50,36887412
4,AAPL,2016/03/03,17:57:52,101.50,36887816
4,AAPL,2016/03/03,17:58:49,101.50,36887816
4,AAPL,2016/03/03,17:59:44,101.50,36887816
4,AAPL,2016/03/03,18:00:41,101.50,36887816
4,AAPL,2016/03/03,18:01:36,101.50,36887852
4,AAPL,2016/03/03,18:02:31,101.50,36887852
4,AAPL,2016/03/03,18:03:27,101.50,36887852
4,AAPL,2016/03/03,18:04:22,101.50,36888052
4,AAPL,2016/03/03,18:05:18,101.50,36889046
4,AAPL,2016/03/03,18:06:14,101.50,36914479
4,AAPL,2016/03/03,18:07:09,101.50,36914585
4,AAPL,2016/03/03,18:08:06,101.50,36914589
4,AAPL,2016/03/03,18:09:01,101.50,36914589
4,AAPL,2016/03/03,18:09:57,101.50,36914589
4,AAPL,2016/03/03,18:10:52,101.50,36914589
4,AAPL,2016/03/08,14:12:13,101.47,18920480
4,AAPL,2016/03/08,14:13:26,101.52,19015965
4,AAPL,2016/03/08,14:14:37,101.52,19044717
4,AAPL,2016/03/08,14:15:50,101.44,19086328
4,AAPL,2016/03/08,15:41:38,101.34,24484583
4,AAPL,2016/03/08,22:09:04,101.03,31561889
4,AAPL,2016/03/08,22:09:59,101.03,31561889
4,AAPL,2016/03/08,22:10:55,101.03,31561889
4,AAPL,2016/03/08,22:11:50,101.03,31561889
4,AAPL,2016/03/08,22:12:46,101.03,31561889
4,AAPL,2016/03/08,22:13:41,101.03,31561889
4,AAPL,2016/03/08,22:14:38,101.03,31561889
4,AAPL,2016/03/08,22:15:34,101.03,31561889
4,AAPL,2016/03/08,22:16:29,101.03,31561889
4,AAPL,2016/03/08,22:17:24,101.03,31561889
4,AAPL,2016/03/08,22:18:20,101.03,31561889
4,AAPL,2016/03/08,22:19:17,101.03,31561889
4,AAPL,2016/03/08,22:20:12,101.03,31561889
4,AAPL,2016/03/08,22:21:09,101.03,31561889
4,AAPL,2016/03/08,22:22:04,101.03,31561889
4,AAPL,2016/03/08,22:22:59,101.03,31561889
4,AAPL,2016/03/08,22:23:55,101.03,31561889
4,AAPL,2016/03/08,22:24:50,101.03,31561889
4,AAPL,2016/03/08,22:25:47,101.03,31561889
4,AAPL,2016/03/08,22:26:43,101.03,31561889
4,AAPL,2016/03/08,22:27:40,101.03,31561889
4,AAPL,2016/03/08,22:28:35,101.03,31561889
4,AAPL,2016/03/08,22:29:31,101.03,31561889
4,AAPL,2016/03/08,22:30:26,101.03,31561889
4,AAPL,2016/03/08,22:31:22,101.03,31561889
4,AAPL,2016/03/08,22:32:17,101.03,31561889
4,AAPL,2016/03/08,22:33:13,101.03,31561889
4,AAPL,2016/03/08,22:34:08,101.03,31561889
4,AAPL,2016/03/08,22:35:04,101.03,31561889
4,AAPL,2016/03/08,22:35:59,101.03,31561889
4,AAPL,2016/03/08,22:36:55,101.03,31561889
4,AAPL,2016/03/08,22:37:50,101.03,31561889
4,AAPL,2016/03/08,22:38:47,101.03,31561889
4,AAPL,2016/03/08,22:39:42,101.03,31561889
4,AAPL,2016/03/08,22:40:38,101.03,31561889
4,AAPL,2016/03/08,22:41:33,101.03,31561889
4,AAPL,2016/03/08,22:42:28,101.03,31561889
4,AAPL,2016/03/08,22:43:24,101.03,31561889
4,AAPL,2016/03/08,22:44:21,101.03,31561889
4,AAPL,2016/03/08,22:45:17,101.03,31561889
4,AAPL,2016/03/08,22:46:13,101.03,31561889
4,AAPL,2016/03/08,22:47:08,101.03,31561889
4,AAPL,2016/03/08,22:48:04,101.03,31561889
4,AAPL,2016/03/08,22:49:00,101.03,31561889
4,AAPL,2016/03/08,22:49:55,101.03,31561889
4,AAPL,2016/03/08,22:50:51,101.03,31561889
4,AAPL,2016/03/08,22:51:46,101.03,31561889
4,AAPL,2016/03/08,22:52:42,101.03,31561889
4,AAPL,2016/03/08,22:53:37,101.03,31561889
4,AAPL,2016/03/08,22:54:33,101.03,31561889
4,AAPL,2016/03/08,22:55:28,101.03,31561889
4,AAPL,2016/03/08,22:56:23,101.03,31561889
4,AAPL,2016/03/08,22:57:19,101.03,31561889
4,AAPL,2016/03/08,22:58:14,101.03,31561889
4,AAPL,2016/03/08,22:59:09,101.03,31561889
4,AAPL,2016/03/08,23:00:05,101.03,31561889
4,AAPL,2016/03/08,23:01:00,101.03,31561889
4,AAPL,2016/03/08,23:01:55,101.03,31561889
4,AAPL,2016/03/08,23:02:51,101.03,31561889
4,AAPL,2016/03/08,23:03:46,101.03,31561889
4,AAPL,2016/03/08,23:04:43,101.03,31561889
4,AAPL,2016/03/08,23:05:39,101.03,31561889
4,AAPL,2016/03/08,23:06:35,101.03,31561889
4,AAPL,2016/03/08,23:07:32,101.03,31561889
4,AAPL,2016/03/08,23:08:27,101.03,31561889
4,AAPL,2016/03/08,23:09:24,101.03,31561889
4,AAPL,2016/03/08,23:10:20,101.03,31561889
4,AAPL,2016/03/08,23:11:17,101.03,31561889
4,AAPL,2016/03/08,23:12:14,101.03,31561889
4,AAPL,2016/03/08,23:13:11,101.03,31561889
4,AAPL,2016/03/08,23:14:06,101.03,31561889
4,AAPL,2016/03/08,23:15:02,101.03,31561889
4,AAPL,2016/03/08,23:15:57,101.03,31561889
4,AAPL,2016/03/08,23:16:52,101.03,31561889
4,AAPL,2016/03/08,23:17:48,101.03,31561889
4,AAPL,2016/03/08,23:18:43,101.03,31561889
4,AAPL,2016/03/08,23:19:38,101.03,31561889
4,AAPL,2016/03/08,23:20:36,101.03,31561889
4,AAPL,2016/03/08,23:21:32,101.03,31561889
4,AAPL,2016/03/08,23:22:27,101.03,31561889
4,AAPL,2016/03/08,23:23:23,101.03,31561889
4,AAPL,2016/03/08,23:24:19,101.03,31561889
4,AAPL,2016/03/08,23:25:14,101.03,31561889
4,AAPL,2016/03/08,23:26:10,101.03,31561889
4,AAPL,2016/03/08,23:27:05,101.03,31561889
4,AAPL,2016/03/08,23:28:01,101.03,31561889
4,AAPL,2016/03/08,23:28:56,101.03,31561889
4,AAPL,2016/03/08,23:29:51,101.03,31561889
4,AAPL,2016/03/08,23:30:47,101.03,31561889
4,AAPL,2016/03/08,23:31:43,101.03,31561889
4,AAPL,2016/03/08,23:32:38,101.03,31561889
4,AAPL,2016/03/08,23:33:34,101.03,31561889
4,AAPL,2016/03/08,23:34:29,101.03,31561889
4,AAPL,2016/03/08,23:35:26,101.03,31561889
4,AAPL,2016/03/08,23:36:21,101.03,31561889
4,AAPL,2016/03/08,23:37:16,101.03,31561889
4,AAPL,2016/03/08,23:38:12,101.03,31561889
4,AAPL,2016/03/08,23:39:07,101.03,31561889
4,AAPL,2016/03/08,23:40:02,101.03,31561889
4,AAPL,2016/03/08,23:40:58,101.03,31561889
4,AAPL,2016/03/08,23:41:53,101.03,31561889
4,AAPL,2016/03/08,23:42:49,101.03,31561889
4,AAPL,2016/03/08,23:43:44,101.03,31561889
4,AAPL,2016/03/08,23:44:39,101.03,31561889
4,AAPL,2016/03/08,23:45:35,101.03,31561889
4,AAPL,2016/03/08,23:46:30,101.03,31561889
4,AAPL,2016/03/08,23:47:26,101.03,31561889
4,AAPL,2016/03/08,23:48:27,101.03,31561889
4,AAPL,2016/03/08,23:49:23,101.03,31561889
4,AAPL,2016/03/08,23:50:18,101.03,31561889
4,AAPL,2016/03/08,23:51:13,101.03,31561889
4,AAPL,2016/03/08,23:52:09,101.03,31561889
4,AAPL,2016/03/08,23:53:04,101.03,31561889
4,AAPL,2016/03/08,23:53:59,101.03,31561889
4,AAPL,2016/03/08,23:54:55,101.03,31561889
4,AAPL,2016/03/08,23:55:51,101.03,31561889
4,AAPL,2016/03/08,23:56:46,101.03,31561889
4,AAPL,2016/03/08,23:57:42,101.03,31561889
4,AAPL,2016/03/08,23:58:38,101.03,31561889
4,AAPL,2016/03/08,23:59:34,101.03,31561889
4,AAPL,2016/03/09,00:00:30,101.03,31561889
4,AAPL,2016/03/09,00:01:27,101.03,31561889
4,AAPL,2016/03/09,00:02:24,101.03,31561889
4,AAPL,2016/03/09,00:03:21,101.03,31561889
4,AAPL,2016/03/09,00:04:16,101.03,31561889
4,AAPL,2016/03/09,00:05:12,101.03,31561889
4,AAPL,2016/03/09,00:06:07,101.03,31561889
4,AAPL,2016/03/09,00:07:03,101.03,31561889
4,AAPL,2016/03/09,00:07:58,101.03,31561889
4,AAPL,2016/03/09,00:08:53,101.03,31561889
4,AAPL,2016/03/09,00:09:49,101.03,31561889
4,AAPL,2016/03/09,00:10:45,101.03,31561889
4,AAPL,2016/03/09,00:11:43,101.03,31561889
4,AAPL,2016/03/09,00:12:39,101.03,31561889
4,AAPL,2016/03/09,00:13:34,101.03,31561889
4,AAPL,2016/03/09,00:14:29,101.03,31561889
4,AAPL,2016/03/09,00:15:28,101.03,31561889
4,AAPL,2016/03/09,00:16:23,101.03,31561889
4,AAPL,2016/03/09,00:17:19,101.03,31561889
4,AAPL,2016/03/09,00:18:14,101.03,31561889
4,AAPL,2016/03/09,00:19:09,101.03,31561889
4,AAPL,2016/03/09,00:20:05,101.03,31561889
4,AAPL,2016/03/09,00:21:02,101.03,31561889
4,AAPL,2016/03/09,00:21:57,101.03,31561889
4,AAPL,2016/03/09,00:22:53,101.03,31561889
4,AAPL,2016/03/09,00:23:48,101.03,31561889
4,AAPL,2016/03/09,00:24:43,101.03,31561889
4,AAPL,2016/03/09,00:25:39,101.03,31561889
4,AAPL,2016/03/09,00:26:36,101.03,31561889
4,AAPL,2016/03/09,00:27:34,101.03,31561889
4,AAPL,2016/03/09,00:28:29,101.03,31561889
4,AAPL,2016/03/09,00:29:24,101.03,31561889
4,AAPL,2016/03/09,00:30:20,101.03,31561889
4,AAPL,2016/03/09,00:31:16,101.03,31561889
4,AAPL,2016/03/09,00:32:13,101.03,31561889
4,AAPL,2016/03/09,00:33:08,101.03,31561889
4,AAPL,2016/03/09,00:34:06,101.03,31561889
4,AAPL,2016/03/09,00:35:01,101.03,31561889
4,AAPL,2016/03/09,00:35:56,101.03,31561889
4,AAPL,2016/03/09,00:36:52,101.03,31561889
4,AAPL,2016/03/09,00:37:47,101.03,31561889
4,AAPL,2016/03/09,00:38:42,101.03,31561889
4,AAPL,2016/03/09,00:39:38,101.03,31561889
4,AAPL,2016/03/09,00:40:33,101.03,31561889
4,AAPL,2016/03/09,00:41:29,101.03,31561889
4,AAPL,2016/03/09,00:42:24,101.03,31561889
4,AAPL,2016/03/09,00:43:20,101.03,31561889
4,AAPL,2016/03/09,00:44:15,101.03,31561889
4,AAPL,2016/03/09,00:45:10,101.03,31561889
4,AAPL,2016/03/09,00:46:06,101.03,31561889
4,AAPL,2016/03/09,00:47:02,101.03,31561889
4,AAPL,2016/03/09,00:47:57,101.03,31561889
4,AAPL,2016/03/09,00:48:53,101.03,31561889
4,AAPL,2016/03/09,00:49:49,101.03,31561889
4,AAPL,2016/03/09,00:50:46,101.03,31561889
4,AAPL,2016/03/09,00:51:41,101.03,31561889
4,AAPL,2016/03/09,00:52:37,101.03,31561889
4,AAPL,2016/03/09,00:53:33,101.03,31561889
4,AAPL,2016/03/09,00:54:29,101.03,31561889
4,AAPL,2016/03/09,00:55:24,101.03,31561889
4,AAPL,2016/03/09,00:56:21,101.03,31561889
4,AAPL,2016/03/09,00:57:16,101.03,31561889
4,AAPL,2016/03/09,00:58:12,101.03,31561889
4,AAPL,2016/03/09,00:59:11,101.03,31561889
4,AAPL,2016/03/09,01:00:07,101.03,31561889
4,AAPL,2016/03/09,01:01:02,101.03,31561889
4,AAPL,2016/03/09,01:01:57,101.03,31561889
4,AAPL,2016/03/09,01:02:53,101.03,31561889
4,AAPL,2016/03/09,01:03:48,101.03,31561889
4,AAPL,2016/03/09,01:04:44,101.03,31561889
4,AAPL,2016/03/09,01:05:39,101.03,31561889
4,AAPL,2016/03/09,01:06:34,101.03,31561889
4,AAPL,2016/03/09,01:07:30,101.03,31561889
4,AAPL,2016/03/09,01:08:26,101.03,31561889
4,AAPL,2016/03/09,01:09:21,101.03,31561889
4,AAPL,2016/03/09,01:10:17,101.03,31561889
4,AAPL,2016/03/09,01:11:12,101.03,31561889
4,AAPL,2016/03/09,01:12:08,101.03,31561889
4,AAPL,2016/03/09,01:13:03,101.03,31561889
4,AAPL,2016/03/09,01:13:58,101.03,31561889
4,AAPL,2016/03/09,01:14:54,101.03,31561889
4,AAPL,2016/03/09,01:15:49,101.03,31561889
4,AAPL,2016/03/09,01:16:46,101.03,31561889
4,AAPL,2016/03/09,01:17:41,101.03,31561889
4,AAPL,2016/03/09,01:18:36,101.03,31561889
4,AAPL,2016/03/09,01:19:32,101.03,31561889
4,AAPL,2016/03/09,01:20:27,101.03,31561889
4,AAPL,2016/03/09,01:21:23,101.03,31561889
4,AAPL,2016/03/09,01:22:19,101.03,31561889
4,AAPL,2016/03/09,01:23:15,101.03,31561889
4,AAPL,2016/03/09,01:24:10,101.03,31561889
4,AAPL,2016/03/09,01:25:05,101.03,31561889
4,AAPL,2016/03/09,01:26:01,101.03,31561889
4,AAPL,2016/03/09,01:26:56,101.03,31561889
4,AAPL,2016/03/09,01:27:52,101.03,31561889
4,AAPL,2016/03/09,01:28:47,101.03,31561889
4,AAPL,2016/03/09,01:29:42,101.03,31561889
4,AAPL,2016/03/09,01:30:38,101.03,31561889
4,AAPL,2016/03/09,01:31:33,101.03,31561889
4,AAPL,2016/03/09,01:32:28,101.03,31561889
4,AAPL,2016/03/09,01:33:24,101.03,31561889
4,AAPL,2016/03/09,01:34:19,101.03,31561889
4,AAPL,2016/03/09,01:35:14,101.03,31561889
4,AAPL,2016/03/09,01:36:09,101.03,31561889
4,AAPL,2016/03/09,01:37:05,101.03,31561889
4,AAPL,2016/03/09,01:38:00,101.03,31561889
4,AAPL,2016/03/09,01:38:55,101.03,31561889
4,AAPL,2016/03/09,01:39:51,101.03,31561889
4,AAPL,2016/03/09,01:40:46,101.03,31561889
4,AAPL,2016/03/09,01:41:41,101.03,31561889
4,AAPL,2016/03/09,01:42:37,101.03,31561889
4,AAPL,2016/03/09,01:43:32,101.03,31561889
4,AAPL,2016/03/09,01:44:27,101.03,31561889
4,AAPL,2016/03/09,01:45:23,101.03,31561889
4,AAPL,2016/03/09,01:46:18,101.03,31561889
4,AAPL,2016/03/09,01:47:13,101.03,31561889
4,AAPL,2016/03/09,01:48:09,101.03,31561889
4,AAPL,2016/03/09,01:49:04,101.03,31561889
4,AAPL,2016/03/09,01:49:59,101.03,31561889
4,AAPL,2016/03/09,01:50:55,101.03,31561889
4,AAPL,2016/03/09,01:51:50,101.03,31561889
4,AAPL,2016/03/09,01:52:45,101.03,31561889
4,AAPL,2016/03/09,01:53:41,101.03,31561889
4,AAPL,2016/03/09,01:54:36,101.03,31561889
4,AAPL,2016/03/09,01:55:32,101.03,31561889
4,AAPL,2016/03/09,01:56:27,101.03,31561889
4,AAPL,2016/03/09,01:57:22,101.03,31561889
4,AAPL,2016/03/09,01:58:18,101.03,31561889
4,AAPL,2016/03/09,01:59:13,101.03,31561889
4,AAPL,2016/03/09,02:00:09,101.03,31561889
4,AAPL,2016/03/09,02:01:04,101.03,31561889
4,AAPL,2016/03/09,02:02:00,101.03,31561889
4,AAPL,2016/03/09,02:02:55,101.03,31561889
4,AAPL,2016/03/09,02:03:51,101.03,31561889
4,AAPL,2016/03/09,02:04:46,101.03,31561889
4,AAPL,2016/03/09,02:05:41,101.03,31561889
4,AAPL,2016/03/09,02:06:37,101.03,31561889
4,AAPL,2016/03/09,02:07:32,101.03,31561889
4,AAPL,2016/03/09,02:08:28,101.03,31561889
4,AAPL,2016/03/09,02:09:24,101.03,31561889
4,AAPL,2016/03/09,02:10:19,101.03,31561889
4,AAPL,2016/03/09,02:11:14,101.03,31561889
4,AAPL,2016/03/09,02:12:10,101.03,31561889
4,AAPL,2016/03/09,02:13:05,101.03,31561889
4,AAPL,2016/03/09,02:14:00,101.03,31561889
4,AAPL,2016/03/09,02:14:56,101.03,31561889
4,AAPL,2016/03/09,02:15:51,101.03,31561889
4,AAPL,2016/03/09,02:16:47,101.03,31561889
4,AAPL,2016/03/09,02:17:42,101.03,31561889
4,AAPL,2016/03/09,02:18:37,101.03,31561889
4,AAPL,2016/04/24,01:58:31,105.68,33683121
4,AAPL,2016/04/24,01:59:32,105.68,33683121
4,AAPL,2016/04/24,02:00:33,105.68,33683121
4,AAPL,2016/04/24,02:01:33,105.68,33683121
4,AAPL,2016/04/24,02:02:34,105.68,33683121
4,AAPL,2016/04/24,02:03:35,105.68,33683121
4,AAPL,2016/04/24,02:04:36,105.68,33683121
4,AAPL,2016/04/24,02:05:36,105.68,33683121
4,AAPL,2016/04/24,02:06:37,105.68,33683121
4,AAPL,2016/04/24,02:07:38,105.68,33683121
4,AAPL,2016/04/24,02:08:39,105.68,33683121
4,AAPL,2016/04/24,02:09:41,105.68,33683121
4,AAPL,2016/04/24,02:10:41,105.68,33683121
4,AAPL,2016/04/24,02:11:43,105.68,33683121
4,AAPL,2016/04/24,02:12:44,105.68,33683121
4,AAPL,2016/04/24,02:13:45,105.68,33683121
4,AAPL,2016/04/24,02:14:45,105.68,33683121
4,AAPL,2016/04/24,02:15:46,105.68,33683121
4,AAPL,2016/04/24,02:16:47,105.68,33683121
4,AAPL,2016/04/24,02:17:47,105.68,33683121
4,AAPL,2016/04/24,02:18:48,105.68,33683121
4,AAPL,2016/04/24,02:19:49,105.68,33683121
4,AAPL,2016/04/24,02:20:50,105.68,33683121
4,AAPL,2016/04/24,02:21:50,105.68,33683121
4,AAPL,2016/04/24,02:22:51,105.68,33683121
4,AAPL,2016/04/24,02:23:52,105.68,33683121
4,AAPL,2016/04/24,02:24:53,105.68,33683121
4,AAPL,2016/04/24,02:25:53,105.68,33683121
4,AAPL,2016/04/24,02:26:54,105.68,33683121
4,AAPL,2016/04/24,02:27:55,105.68,33683121
4,AAPL,2016/04/24,02:28:56,105.68,33683121
4,AAPL,2016/04/24,02:29:57,105.68,33683121
4,AAPL,2016/04/24,02:30:58,105.68,33683121
4,AAPL,2016/04/24,02:31:59,105.68,33683121
4,AAPL,2016/04/24,02:32:59,105.68,33683121
4,AAPL,2016/04/24,02:34:00,105.68,33683121
4,AAPL,2016/04/24,02:35:00,105.68,33683121
4,AAPL,2016/04/24,02:36:01,105.68,33683121
4,AAPL,2016/04/24,02:37:02,105.68,33683121
4,AAPL,2016/04/24,02:38:03,105.68,33683121
4,AAPL,2016/04/24,02:39:04,105.68,33683121
4,AAPL,2016/04/24,02:40:05,105.68,33683121
4,AAPL,2016/04/24,02:41:05,105.68,33683121
4,AAPL,2016/04/24,02:42:06,105.68,33683121
4,AAPL,2016/04/24,02:43:07,105.68,33683121
4,AAPL,2016/04/24,02:44:07,105.68,33683121
4,AAPL,2016/04/24,02:45:08,105.68,33683121
4,AAPL,2016/04/24,02:46:09,105.68,33683121
4,AAPL,2016/04/24,02:47:10,105.68,33683121
4,AAPL,2016/04/24,02:48:10,105.68,33683121
4,AAPL,2016/04/24,02:49:11,105.68,33683121
4,AAPL,2016/04/24,02:50:12,105.68,33683121
4,AAPL,2016/04/24,02:51:12,105.68,33683121
4,AAPL,2016/04/24,02:52:13,105.68,33683121
4,AAPL,2016/04/24,02:53:14,105.68,33683121
4,AAPL,2016/04/24,02:54:14,105.68,33683121
4,AAPL,2016/04/24,02:55:15,105.68,33683121
4,AAPL,2016/04/24,02:56:16,105.68,33683121
4,AAPL,2016/04/24,02:57:16,105.68,33683121
4,AAPL,2016/04/24,02:58:17,105.68,33683121
4,AAPL,2016/04/24,02:59:18,105.68,33683121
4,AAPL,2016/04/24,03:00:19,105.68,33683121
4,AAPL,2016/04/24,03:01:20,105.68,33683121
4,AAPL,2016/04/24,03:02:20,105.68,33683121
4,AAPL,2016/04/24,03:03:21,105.68,33683121
4,AAPL,2016/04/24,03:04:22,105.68,33683121
4,AAPL,2016/04/24,03:05:23,105.68,33683121
4,AAPL,2016/04/24,03:06:23,105.68,33683121
4,AAPL,2016/04/24,03:07:24,105.68,33683121
4,AAPL,2016/04/24,03:08:25,105.68,33683121
4,AAPL,2016/04/24,03:09:26,105.68,33683121
4,AAPL,2016/04/24,03:10:27,105.68,33683121
4,AAPL,2016/04/24,03:11:27,105.68,33683121
4,AAPL,2016/04/24,03:12:28,105.68,33683121
4,AAPL,2016/04/24,03:13:29,105.68,33683121
4,AAPL,2016/04/24,03:14:30,105.68,33683121
4,AAPL,2016/04/24,03:15:31,105.68,33683121
4,AAPL,2016/04/24,03:16:31,105.68,33683121
4,AAPL,2016/04/24,03:17:32,105.68,33683121
4,AAPL,2016/04/24,03:18:33,105.68,33683121
4,AAPL,2016/04/24,03:19:34,105.68,33683121
4,AAPL,2016/04/24,03:20:34,105.68,33683121
4,AAPL,2016/04/24,03:21:35,105.68,33683121
4,AAPL,2016/04/24,03:22:36,105.68,33683121
4,AAPL,2016/04/24,03:23:37,105.68,33683121
4,AAPL,2016/04/24,03:24:38,105.68,33683121
4,AAPL,2016/04/24,03:25:38,105.68,33683121
4,AAPL,2016/04/24,03:26:39,105.68,33683121
4,AAPL,2016/04/24,03:27:40,105.68,33683121
4,AAPL,2016/04/24,03:28:41,105.68,33683121
4,AAPL,2016/04/24,03:29:42,105.68,33683121
4,AAPL,2016/04/24,03:30:42,105.68,33683121
4,AAPL,2016/04/24,03:31:43,105.68,33683121
4,AAPL,2016/04/24,03:32:44,105.68,33683121
4,AAPL,2016/04/24,03:33:44,105.68,33683121
4,AAPL,2016/04/24,03:34:45,105.68,33683121
4,AAPL,2016/04/24,03:35:46,105.68,33683121
4,AAPL,2016/04/24,03:36:47,105.68,33683121
4,AAPL,2016/04/24,03:37:48,105.68,33683121
4,AAPL,2016/04/24,03:38:48,105.68,33683121
4,AAPL,2016/04/24,03:39:49,105.68,33683121
4,AAPL,2016/04/24,03:40:50,105.68,33683121
4,AAPL,2016/04/24,03:41:50,105.68,33683121
4,AAPL,2016/04/24,03:42:51,105.68,33683121
4,AAPL,2016/04/24,03:43:51,105.68,33683121
4,AAPL,2016/04/24,03:44:52,105.68,33683121
4,AAPL,2016/04/24,03:45:53,105.68,33683121
4,AAPL,2016/04/24,03:46:53,105.68,33683121
4,AAPL,2016/04/24,03:47:54,105.68,33683121
4,AAPL,2016/04/24,03:48:55,105.68,33683121
4,AAPL,2016/04/24,03:49:55,105.68,33683121
4,AAPL,2016/04/24,03:50:56,105.68,33683121
4,AAPL,2016/04/24,03:51:57,105.68,33683121
4,AAPL,2016/04/24,03:52:58,105.68,33683121
4,AAPL,2016/04/24,03:53:58,105.68,33683121
4,AAPL,2016/04/24,03:54:59,105.68,33683121
4,AAPL,2016/04/24,03:56:00,105.68,33683121
4,AAPL,2016/04/24,03:57:01,105.68,33683121
4,AAPL,2016/04/24,03:58:02,105.68,33683121
4,AAPL,2016/04/24,03:59:04,105.68,33683121
4,AAPL,2016/04/24,04:00:05,105.68,33683121
4,AAPL,2016/04/24,04:01:05,105.68,33683121
4,AAPL,2016/04/24,04:02:06,105.68,33683121
4,AAPL,2016/04/24,04:03:07,105.68,33683121
4,AAPL,2016/04/24,04:04:08,105.68,33683121
4,AAPL,2016/04/24,04:05:08,105.68,33683121
4,AAPL,2016/04/24,04:06:09,105.68,33683121
4,AAPL,2016/04/24,04:07:10,105.68,33683121
4,AAPL,2016/04/24,04:08:11,105.68,33683121
4,AAPL,2016/04/24,04:09:11,105.68,33683121
4,AAPL,2016/04/24,17:05:54,105.68,33683121
4,AAPL,2016/04/24,17:06:55,105.68,33683121
4,AAPL,2016/04/24,17:07:56,105.68,33683121
4,AAPL,2016/04/24,17:08:58,105.68,33683121
4,AAPL,2016/04/24,17:09:59,105.68,33683121
4,AAPL,2016/04/24,17:10:59,105.68,33683121
4,AAPL,2016/04/24,17:12:00,105.68,33683121
4,AAPL,2016/04/24,17:13:01,105.68,33683121
4,AAPL,2016/04/24,17:14:02,105.68,33683121
4,AAPL,2016/04/24,17:15:02,105.68,33683121
4,AAPL,2016/04/24,17:16:03,105.68,33683121
4,AAPL,2016/04/24,17:17:04,105.68,33683121
4,AAPL,2016/04/24,17:18:05,105.68,33683121
4,AAPL,2016/04/24,17:19:06,105.68,33683121
4,AAPL,2016/04/24,17:20:07,105.68,33683121
4,AAPL,2016/04/24,17:21:08,105.68,33683121
4,AAPL,2016/04/24,17:22:09,105.68,33683121
4,AAPL,2016/04/24,17:23:10,105.68,33683121
4,AAPL,2016/04/24,17:24:11,105.68,33683121
4,AAPL,2016/04/24,17:25:12,105.68,33683121
4,AAPL,2016/04/24,17:26:12,105.68,33683121
4,AAPL,2016/04/24,17:27:13,105.68,33683121
4,AAPL,2016/04/24,17:28:14,105.68,33683121
4,AAPL,2016/04/24,17:29:15,105.68,33683121
4,AAPL,2016/04/24,17:30:16,105.68,33683121
4,AAPL,2016/04/24,17:31:16,105.68,33683121
4,AAPL,2016/04/24,17:32:17,105.68,33683121
4,AAPL,2016/04/24,17:33:18,105.68,33683121
4,AAPL,2016/04/24,17:34:19,105.68,33683121
4,AAPL,2016/04/24,17:35:21,105.68,33683121
4,AAPL,2016/04/24,17:36:25,105.68,33683121
4,AAPL,2016/04/24,17:37:26,105.68,33683121
4,AAPL,2016/04/24,17:38:27,105.68,33683121
4,AAPL,2016/04/24,17:39:31,105.68,33683121
4,AAPL,2016/04/24,17:40:32,105.68,33683121
4,AAPL,2016/04/24,17:41:33,105.68,33683121
4,AAPL,2016/04/24,17:42:33,105.68,33683121
4,AAPL,2016/04/24,17:43:37,105.68,33683121
4,AAPL,2016/04/24,17:44:38,105.68,33683121
4,AAPL,2016/04/24,17:45:40,105.68,33683121
4,AAPL,2016/04/24,17:48:38,105.68,33683121
4,AAPL,2016/04/24,17:49:39,105.68,33683121
4,AAPL,2016/04/24,17:50:39,105.68,33683121
4,AAPL,2016/04/24,17:51:41,105.68,33683121
4,AAPL,2016/04/24,17:52:45,105.68,33683121
4,AAPL,2016/04/24,17:53:45,105.68,33683121
4,AAPL,2016/04/24,17:54:46,105.68,33683121
4,AAPL,2016/04/24,17:55:47,105.68,33683121
4,AAPL,2016/04/24,17:56:48,105.68,33683121
4,AAPL,2016/04/24,17:57:49,105.68,33683121
4,AAPL,2016/04/24,17:58:50,105.68,33683121
4,AAPL,2016/04/24,17:59:50,105.68,33683121
4,AAPL,2016/04/24,18:00:51,105.68,33683121
4,AAPL,2016/04/24,18:01:55,105.68,33683121
4,AAPL,2016/04/24,18:02:56,105.68,33683121
4,AAPL,2016/04/24,18:03:56,105.68,33683121
4,AAPL,2016/04/24,18:04:57,105.68,33683121
4,AAPL,2016/04/24,18:05:58,105.68,33683121
4,AAPL,2016/04/24,18:07:00,105.68,33683121
4,AAPL,2016/04/24,18:08:01,105.68,33683121
4,AAPL,2016/04/24,18:09:02,105.68,33683121
4,AAPL,2016/04/24,18:10:03,105.68,33683121
4,AAPL,2016/04/24,18:11:04,105.68,33683121
4,AAPL,2016/04/24,18:12:05,105.68,33683121
4,AAPL,2016/04/24,18:13:06,105.68,33683121
4,AAPL,2016/04/24,18:14:07,105.68,33683121
4,AAPL,2016/04/24,18:15:07,105.68,33683121
4,AAPL,2016/04/24,18:16:09,105.68,33683121
4,AAPL,2016/04/24,18:17:10,105.68,33683121
4,AAPL,2016/04/24,18:18:10,105.68,33683121
4,AAPL,2016/04/24,18:19:11,105.68,33683121
4,AAPL,2016/04/24,18:20:12,105.68,33683121
4,AAPL,2016/04/24,18:21:13,105.68,33683121
4,AAPL,2016/04/24,18:22:14,105.68,33683121
4,AAPL,2016/04/24,18:23:14,105.68,33683121
4,AAPL,2016/04/24,18:24:15,105.68,33683121
4,AAPL,2016/04/24,18:25:16,105.68,33683121
4,AAPL,2016/04/24,18:26:17,105.68,33683121
4,AAPL,2016/04/24,18:27:18,105.68,33683121
4,AAPL,2016/04/24,18:28:19,105.68,33683121
4,AAPL,2016/04/24,18:29:20,105.68,33683121
4,AAPL,2016/04/24,18:30:20,105.68,33683121
4,AAPL,2016/04/24,18:31:21,105.68,33683121
4,AAPL,2016/04/24,18:32:22,105.68,33683121
4,AAPL,2016/04/24,18:33:23,105.68,33683121
4,AAPL,2016/04/24,18:34:23,105.68,33683121
4,AAPL,2016/04/24,18:35:24,105.68,33683121
4,AAPL,2016/04/24,18:36:25,105.68,33683121
4,AAPL,2016/04/24,18:37:26,105.68,33683121
4,AAPL,2016/04/24,18:38:27,105.68,33683121
4,AAPL,2016/04/24,18:39:28,105.68,33683121
4,AAPL,2016/04/24,18:40:29,105.68,33683121
4,AAPL,2016/04/24,18:41:30,105.68,33683121
4,AAPL,2016/04/24,18:42:31,105.68,33683121
4,AAPL,2016/04/24,18:43:31,105.68,33683121
4,AAPL,2016/04/24,18:44:32,105.68,33683121
4,AAPL,2016/04/24,18:45:33,105.68,33683121
4,AAPL,2016/04/24,18:46:33,105.68,33683121
4,AAPL,2016/04/24,18:47:34,105.68,33683121
4,AAPL,2016/04/24,18:48:35,105.68,33683121
4,AAPL,2016/04/24,18:49:36,105.68,33683121
4,AAPL,2016/04/24,18:50:37,105.68,33683121
4,AAPL,2016/04/24,18:51:38,105.68,33683121
4,AAPL,2016/04/24,18:52:39,105.68,33683121
4,AAPL,2016/04/24,18:53:40,105.68,33683121
4,AAPL,2016/04/24,18:54:42,105.68,33683121
4,AAPL,2016/04/24,18:55:42,105.68,33683121
4,AAPL,2016/04/24,18:56:43,105.68,33683121
4,AAPL,2016/04/24,18:57:44,105.68,33683121
4,AAPL,2016/04/24,18:58:45,105.68,33683121
4,AAPL,2016/04/24,18:59:46,105.68,33683121
4,AAPL,2016/04/24,19:00:47,105.68,33683121
4,AAPL,2016/04/24,19:01:47,105.68,33683121
4,AAPL,2016/04/24,19:02:48,105.68,33683121
4,AAPL,2016/04/24,19:03:49,105.68,33683121
4,AAPL,2016/04/24,19:04:50,105.68,33683121
4,AAPL,2016/04/24,19:05:51,105.68,33683121
4,AAPL,2016/04/24,19:06:52,105.68,33683121
4,AAPL,2016/04/24,19:07:53,105.68,33683121
4,AAPL,2016/04/24,19:08:54,105.68,33683121
4,AAPL,2016/04/24,19:09:54,105.68,33683121
4,AAPL,2016/04/24,19:10:55,105.68,33683121
4,AAPL,2016/04/24,19:11:56,105.68,33683121
4,AAPL,2016/04/24,19:12:57,105.68,33683121
4,AAPL,2016/04/24,19:13:58,105.68,33683121
4,AAPL,2016/04/24,19:15:00,105.68,33683121
4,AAPL,2016/04/24,19:16:00,105.68,33683121
4,AAPL,2016/04/24,19:17:03,105.68,33683121
4,AAPL,2016/04/24,19:18:04,105.68,33683121
4,AAPL,2016/04/24,19:19:05,105.68,33683121
4,AAPL,2016/04/24,19:20:06,105.68,33683121
4,AAPL,2016/04/24,19:21:07,105.68,33683121
4,AAPL,2016/04/24,19:22:09,105.68,33683121
4,AAPL,2016/04/24,19:23:09,105.68,33683121
4,AAPL,2016/04/24,19:24:10,105.68,33683121
4,AAPL,2016/04/24,19:25:11,105.68,33683121
4,AAPL,2016/04/28,11:08:39,97.67,17445919
4,AAPL,2016/04/28,11:09:40,97.75,17551631
4,AAPL,2016/04/28,11:10:41,97.76,17639047
4,AAPL,2016/04/28,11:11:42,97.84,17832944
4,AAPL,2016/04/28,11:12:43,97.73,17962575
4,AAPL,2016/04/28,11:13:44,97.79,18071487
4,AAPL,2016/04/28,11:14:45,97.77,18233564
4,AAPL,2016/04/28,11:15:46,97.82,18330230
4,AAPL,2016/04/28,11:16:47,97.81,18412628
4,AAPL,2016/04/28,11:17:47,97.73,18541901
4,AAPL,2016/04/28,11:18:48,97.76,18668817
4,AAPL,2016/04/28,11:19:49,97.75,18739342
4,AAPL,2016/04/28,11:20:50,97.79,18900307
4,AAPL,2016/04/28,11:21:53,97.81,18989923
4,AAPL,2016/04/28,11:22:54,97.73,19092923
4,AAPL,2016/04/28,11:27:00,97.55,19540244
4,AAPL,2016/04/28,11:28:01,97.58,19640717
4,AAPL,2016/04/28,11:29:02,97.51,19704456
4,AAPL,2016/04/28,11:30:03,97.53,19808115
4,AAPL,2016/04/28,11:31:04,97.55,19904544
4,AAPL,2016/04/28,11:32:05,97.44,20085790
4,AAPL,2016/04/28,11:33:05,97.40,20196758
4,AAPL,2016/04/28,11:34:06,97.37,20279203
4,AAPL,2016/04/28,11:35:07,97.36,20401919
4,AAPL,2016/04/28,11:36:09,97.33,20536416
4,AAPL,2016/04/28,11:37:10,97.30,20698513
4,AAPL,2016/04/28,11:38:11,97.28,20809061
4,AAPL,2016/04/28,11:39:11,97.28,20931383
4,AAPL,2016/04/28,11:40:12,97.29,21073202
4,AAPL,2016/04/28,11:41:13,97.40,21186638
4,AAPL,2016/04/28,11:42:14,97.47,21349609
4,AAPL,2016/04/28,11:43:19,97.47,21437446
4,AAPL,2016/04/28,11:44:20,97.47,21510636
4,AAPL,2016/04/28,11:45:22,97.43,21590112
4,AAPL,2016/04/28,11:46:23,97.43,21675607
4,AAPL,2016/04/28,11:47:23,97.50,21736793
4,AAPL,2016/04/28,11:48:24,97.54,21843454
4,AAPL,2016/04/28,11:49:25,97.51,21906390
4,AAPL,2016/04/28,11:50:26,97.52,21960754
4,AAPL,2016/04/28,11:51:27,97.51,22068742
4,AAPL,2016/04/28,11:52:27,97.51,22126609
4,AAPL,2016/04/28,11:53:28,97.48,22224759
4,AAPL,2016/04/28,11:54:29,97.42,22301497
4,AAPL,2016/04/28,11:55:30,97.42,22350539
4,AAPL,2016/04/28,11:56:31,97.43,22412111
4,AAPL,2016/04/28,11:57:32,97.45,22542691
4,AAPL,2016/04/28,11:58:32,97.41,22586454
4,AAPL,2016/04/28,11:59:33,97.42,22630710
4,AAPL,2016/04/28,12:00:33,97.43,22696218
4,AAPL,2016/04/28,12:01:34,97.43,22754450
4,AAPL,2016/04/28,12:02:35,97.42,22853173
4,AAPL,2016/04/28,12:03:36,97.41,22890317
4,AAPL,2016/04/28,12:04:36,97.31,22984590
4,AAPL,2016/04/28,12:05:37,97.31,23092016
4,AAPL,2016/04/28,12:06:38,97.30,23163456
4,AAPL,2016/04/28,12:07:38,97.30,23255893
4,AAPL,2016/04/28,12:08:39,97.30,23309646
4,AAPL,2016/04/28,12:09:40,97.28,23367880
4,AAPL,2016/04/28,12:10:40,97.26,23418322
4,AAPL,2016/04/28,12:11:41,97.29,23498570
4,AAPL,2016/04/28,12:12:42,97.25,23560725
4,AAPL,2016/04/28,12:13:42,97.27,23617356
4,AAPL,2016/04/28,12:14:43,97.26,23696412
4,AAPL,2016/04/28,12:15:44,97.27,23768219
4,AAPL,2016/04/28,12:16:45,97.35,23830590
4,AAPL,2016/04/28,12:17:46,97.35,23868665
4,AAPL,2016/04/28,12:18:47,97.37,23911264
4,AAPL,2016/04/28,12:19:48,97.30,23975169
4,AAPL,2016/04/28,12:20:48,97.33,24018151
4,AAPL,2016/04/28,12:21:49,97.32,24053069
4,AAPL,2016/04/28,12:22:50,97.33,24090561
4,AAPL,2016/04/28,12:23:51,97.36,24146676
4,AAPL,2016/04/28,12:24:52,97.33,24187278
4,AAPL,2016/04/28,12:25:52,97.35,24237203
4,AAPL,2016/04/28,12:26:53,97.31,24264821
4,AAPL,2016/04/28,12:27:54,97.31,24299556
4,AAPL,2016/04/28,12:28:55,97.25,24390120
4,AAPL,2016/04/28,12:29:55,97.16,24560825
4,AAPL,2016/04/28,12:30:56,97.14,24646482
4,AAPL,2016/04/28,12:31:57,97.13,24734198
4,AAPL,2016/04/28,12:32:57,97.06,24836381
4,AAPL,2016/04/28,12:33:58,97.05,24935491
4,AAPL,2016/04/28,12:35:00,97.08,24984290
4,AAPL,2016/04/28,12:36:01,97.09,25023581
4,AAPL,2016/04/28,12:37:02,97.09,25108866
4,AAPL,2016/04/28,12:38:03,97.08,25164602
4,AAPL,2016/04/28,12:39:03,97.07,25226318
4,AAPL,2016/04/28,12:40:07,97.03,25306886
4,AAPL,2016/04/28,12:41:08,97.01,25380455
4,AAPL,2016/04/28,12:42:09,97.00,25674880
4,AAPL,2016/04/28,12:43:10,96.96,25731091
4,AAPL,2016/04/28,12:44:10,96.93,25925591
4,AAPL,2016/04/28,12:45:11,96.99,26073678
4,AAPL,2016/04/28,12:46:12,96.92,26142152
4,AAPL,2016/04/28,12:47:13,96.92,26198034
4,AAPL,2016/04/28,12:48:14,96.98,26257441
4,AAPL,2016/04/28,12:49:15,97.02,26338053
4,AAPL,2016/04/28,12:50:16,97.02,26425175
4,AAPL,2016/04/28,12:51:17,96.98,26500868
4,AAPL,2016/04/28,12:52:18,96.97,26594506
4,AAPL,2016/04/28,12:53:18,96.92,26668991
4,AAPL,2016/04/28,12:54:19,96.96,26737154
4,AAPL,2016/04/28,12:55:20,96.99,26822268
4,AAPL,2016/04/28,12:56:21,96.99,26870064
4,AAPL,2016/04/28,12:57:23,96.99,26953528
4,AAPL,2016/04/28,12:58:25,97.04,26999687
4,AAPL,2016/04/28,12:59:27,97.01,27086326
4,AAPL,2016/04/28,13:00:28,97.04,27147696
4,AAPL,2016/04/28,13:01:29,97.02,27196627
4,AAPL,2016/04/28,13:02:30,97.02,27232190
4,AAPL,2016/04/28,13:03:31,97.02,27296779
4,AAPL,2016/04/28,13:04:32,97.01,27343084
4,AAPL,2016/04/28,13:05:32,96.99,27381022
4,AAPL,2016/04/28,13:06:34,96.94,27520622
4,AAPL,2016/04/28,13:07:35,96.92,27730851
4,AAPL,2016/04/28,13:08:35,96.92,27841979
4,AAPL,2016/04/28,13:09:36,96.95,27973700
4,AAPL,2016/04/28,13:10:37,96.95,28075320
4,AAPL,2016/04/28,13:11:38,96.97,28150253
4,AAPL,2016/04/28,13:12:39,97.01,28239567
4,AAPL,2016/04/28,13:13:40,96.97,28299173
4,AAPL,2016/04/28,13:14:40,96.92,28352302
4,AAPL,2016/04/28,13:15:41,96.92,28412048
4,AAPL,2016/04/28,13:16:42,96.88,28589002
4,AAPL,2016/04/28,13:17:43,96.86,28695614
4,AAPL,2016/04/28,13:18:44,96.86,28819173
4,AAPL,2016/04/28,13:19:44,96.80,28995325
4,AAPL,2016/04/28,13:20:45,96.81,29212380
4,AAPL,2016/04/28,13:21:46,96.78,29322158
4,AAPL,2016/04/28,13:22:47,96.84,29401343
4,AAPL,2016/04/28,13:23:47,96.86,29516469
4,AAPL,2016/04/28,13:24:48,96.83,29612311
4,AAPL,2016/04/28,13:25:49,96.80,29724375
4,AAPL,2016/04/28,13:26:50,96.80,29806718
4,AAPL,2016/04/28,13:27:51,96.80,29865102
4,AAPL,2016/04/28,13:28:51,96.84,29957632
4,AAPL,2016/04/28,13:29:52,96.88,30023632
4,AAPL,2016/04/28,13:30:53,96.89,30188911
4,AAPL,2016/04/28,13:31:54,96.85,30239107
4,AAPL,2016/04/28,13:32:55,96.88,30288911
4,AAPL,2016/04/28,13:33:55,96.88,30359809
4,AAPL,2016/04/28,13:34:56,96.97,30492066
4,AAPL,2016/04/28,13:35:57,97.01,30694752
4,AAPL,2016/04/28,13:36:58,97.01,30812980
4,AAPL,2016/04/28,13:37:59,97.01,31073125
4,AAPL,2016/04/28,13:38:59,97.03,31193205
4,AAPL,2016/04/28,13:40:00,97.05,31285943
4,AAPL,2016/04/28,13:41:01,97.07,31393569
4,AAPL,2016/04/28,13:42:02,97.07,31453164
4,AAPL,2016/04/28,13:43:02,97.08,31519273
4,AAPL,2016/04/28,13:44:03,97.09,31587822
4,AAPL,2016/04/28,13:45:04,97.16,31789436
4,AAPL,2016/04/28,13:46:05,97.19,31861930
4,AAPL,2016/04/28,13:47:07,97.18,31917726
4,AAPL,2016/04/28,13:48:08,97.23,31967859
4,AAPL,2016/04/28,13:49:09,97.20,32034122
4,AAPL,2016/04/28,13:50:09,97.14,32141751
4,AAPL,2016/04/28,13:51:10,97.14,32183942
4,AAPL,2016/04/28,13:52:11,97.09,32251310
4,AAPL,2016/04/28,13:53:12,97.04,32306660
4,AAPL,2016/04/28,13:54:13,97.12,32414193
4,AAPL,2016/04/28,13:55:15,97.14,32459029
4,AAPL,2016/04/28,13:56:17,97.12,32499934
4,AAPL,2016/04/28,13:57:18,97.15,32550393
4,AAPL,2016/04/28,13:58:19,97.15,32570817
4,AAPL,2016/04/28,13:59:20,97.15,32655162
4,AAPL,2016/04/28,14:00:21,97.14,32693212
4,AAPL,2016/04/28,14:01:22,97.07,32737750
4,AAPL,2016/04/28,14:02:22,97.14,32781105
4,AAPL,2016/04/28,14:03:23,97.14,32832619
4,AAPL,2016/04/28,14:04:24,97.11,32872395
4,AAPL,2016/04/28,14:05:25,97.10,32918060
4,AAPL,2016/04/28,14:06:26,97.15,33015952
4,AAPL,2016/04/28,14:07:38,97.12,33107692
4,AAPL,2016/04/28,14:08:39,97.11,33150893
4,AAPL,2016/04/28,14:09:40,97.10,33193831
4,AAPL,2016/04/28,14:10:41,97.05,33275085
4,AAPL,2016/04/28,14:11:41,97.03,33420612
4,AAPL,2016/04/28,14:12:42,96.99,33550668
4,AAPL,2016/04/28,14:13:43,96.91,33660461
4,AAPL,2016/04/28,14:14:44,96.86,33782924
4,AAPL,2016/04/28,14:15:45,96.86,33861241
4,AAPL,2016/04/28,14:16:45,96.85,33962525
4,AAPL,2016/04/28,14:17:46,96.94,34027843
4,AAPL,2016/04/28,14:18:47,96.84,34134854
4,AAPL,2016/04/28,14:19:48,96.07,36266206
4,AAPL,2016/04/28,14:20:48,96.36,37335218
4,AAPL,2016/04/28,14:21:49,96.34,38132902
4,AAPL,2016/04/28,14:22:50,96.28,38811945
4,AAPL,2016/04/28,14:23:51,96.13,39526671
4,AAPL,2016/04/28,14:24:52,96.08,40696633
4,AAPL,2016/04/28,14:25:53,95.90,41303363
4,AAPL,2016/04/28,14:26:53,96.22,42039209
4,AAPL,2016/04/28,14:27:54,96.29,42490101
4,AAPL,2016/04/28,14:28:55,96.25,42853065
4,AAPL,2016/04/28,14:29:56,96.32,43183684
4,AAPL,2016/04/28,14:30:56,96.33,43523066
4,AAPL,2016/04/28,14:31:57,96.34,43824093
4,AAPL,2016/04/28,14:32:58,96.40,44135342
4,AAPL,2016/04/28,14:33:10,96.38,44229312
4,AAPL,2016/04/28,14:33:25,96.36,44302002
4,AAPL,2016/04/28,14:33:59,96.34,44384299
4,AAPL,2016/04/28,14:34:10,96.35,44395572
4,AAPL,2016/04/28,14:34:26,96.31,44421502
4,AAPL,2016/04/28,14:35:00,96.24,44536442
4,AAPL,2016/04/28,14:35:11,96.18,44597706
4,AAPL,2016/04/28,14:35:27,96.25,44759498
4,AAPL,2016/04/28,14:36:00,96.16,44848303
4,AAPL,2016/04/28,14:36:12,96.16,44899793
4,AAPL,2016/04/28,14:36:12,96.16,44899793
4,AAPL,2016/04/28,14:36:28,96.18,44976698
4,AAPL,2016/04/28,14:37:01,96.09,45147705
4,AAPL,2016/04/28,14:37:13,96.12,45186583
4,AAPL,2016/04/28,14:37:13,96.12,45186583
4,AAPL,2016/04/28,14:37:28,96.09,45247711
4,AAPL,2016/04/28,14:38:02,96.09,45307427
4,AAPL,2016/04/28,14:38:13,96.07,45360465
4,AAPL,2016/04/28,14:38:14,96.07,45360465
4,AAPL,2016/04/28,14:38:29,96.07,45419220
4,AAPL,2016/04/28,14:39:02,96.07,45524364
4,AAPL,2016/04/28,14:39:14,96.05,45562414
4,AAPL,2016/04/28,14:39:14,96.05,45562414
4,AAPL,2016/04/28,14:39:30,96.07,45605722
4,AAPL,2016/04/28,14:40:03,96.08,45792111
4,AAPL,2016/04/28,14:40:15,96.08,45826922
4,AAPL,2016/04/28,14:40:15,96.08,45826922
4,AAPL,2016/04/28,14:40:34,96.09,45910754
4,AAPL,2016/04/28,14:41:04,96.10,46052097
4,AAPL,2016/04/28,14:41:16,96.17,46101887
4,AAPL,2016/04/28,14:41:16,96.17,46101887
4,AAPL,2016/04/28,14:41:35,96.26,46243880
4,AAPL,2016/04/28,14:42:05,96.28,46397734
4,AAPL,2016/04/28,14:42:16,96.27,46427342
4,AAPL,2016/04/28,14:42:17,96.27,46427342
4,AAPL,2016/04/28,14:42:35,96.27,46484053
4,AAPL,2016/04/28,14:43:07,96.39,46649428
4,AAPL,2016/04/28,14:43:17,96.46,46715130
4,AAPL,2016/04/28,14:43:17,96.46,46715130
4,AAPL,2016/04/28,14:43:36,96.38,46774431
4,AAPL,2016/04/28,14:44:07,96.38,46842615
4,AAPL,2016/04/28,14:44:18,96.39,46860287
4,AAPL,2016/04/28,14:44:18,96.39,46860897
4,AAPL,2016/04/28,14:44:37,96.36,46897716
4,AAPL,2016/04/28,14:45:08,96.37,46954117
4,AAPL,2016/04/28,14:45:19,96.34,46989852
4,AAPL,2016/04/28,14:45:19,96.34,46989852
4,AAPL,2016/04/28,14:45:38,96.35,47036921
4,AAPL,2016/04/28,14:46:09,96.33,47090207
4,AAPL,2016/04/28,14:46:20,96.38,47111265
4,AAPL,2016/04/28,14:46:20,96.38,47111265
4,AAPL,2016/04/28,14:46:39,96.36,47131988
4,AAPL,2016/04/28,14:47:10,96.30,47191791
4,AAPL,2016/04/28,14:47:21,96.31,47207697
4,AAPL,2016/04/28,14:47:21,96.31,47207697
4,AAPL,2016/04/28,14:47:40,96.26,47230375
4,AAPL,2016/04/28,14:48:11,96.25,47338699
4,AAPL,2016/04/28,14:48:21,96.26,47363203
4,AAPL,2016/04/28,14:48:22,96.26,47363303
4,AAPL,2016/04/28,14:48:40,96.25,47407939
4,AAPL,2016/04/28,14:49:11,96.19,47516118
4,AAPL,2016/04/28,14:49:22,96.20,47529949
4,AAPL,2016/04/28,14:49:23,96.20,47530674
4,AAPL,2016/04/28,14:49:41,96.21,47580715
4,AAPL,2016/04/28,14:50:12,96.21,47660756
4,AAPL,2016/04/28,14:50:23,96.22,47674919
4,AAPL,2016/04/28,14:50:23,96.22,47674919
4,AAPL,2016/04/28,14:50:43,96.28,47728507
4,AAPL,2016/04/28,14:51:13,96.27,47825410
4,AAPL,2016/04/28,14:51:24,96.26,47848915
4,AAPL,2016/04/28,14:51:25,96.27,47849431
4,AAPL,2016/04/28,14:51:43,96.26,47869630
4,AAPL,2016/04/28,14:52:15,96.10,48007631
4,AAPL,2016/04/28,14:52:25,96.19,48044963
4,AAPL,2016/04/28,14:52:26,96.19,48044963
4,AAPL,2016/04/28,14:52:44,96.20,48107941
4,AAPL,2016/04/28,14:53:16,96.12,48187783
4,AAPL,2016/04/28,14:53:26,96.13,48203034
4,AAPL,2016/04/28,14:53:27,96.14,48203192
4,AAPL,2016/04/28,14:53:45,96.10,48266048
4,AAPL,2016/04/28,14:54:17,96.02,48481997
4,AAPL,2016/04/28,14:54:26,96.04,48521867
4,AAPL,2016/04/28,14:54:27,96.04,48521867
4,AAPL,2016/04/28,14:54:46,96.01,48758162
4,AAPL,2016/04/28,14:55:20,95.99,48995740
4,AAPL,2016/04/28,14:55:27,95.96,49051541
4,AAPL,2016/04/28,14:55:28,95.96,49051541
4,AAPL,2016/04/28,14:55:47,95.99,49096243
4,AAPL,2016/04/28,14:56:21,96.00,49295961
4,AAPL,2016/04/28,14:56:28,95.99,49314171
4,AAPL,2016/04/28,14:56:29,95.99,49317265
4,AAPL,2016/04/28,14:56:48,95.98,49366639
4,AAPL,2016/04/28,14:57:22,96.06,49582972
4,AAPL,2016/04/28,14:57:29,96.08,49598379
4,AAPL,2016/04/28,14:57:30,96.08,49598379
4,AAPL,2016/04/28,14:57:48,96.05,49657384
4,AAPL,2016/04/28,14:58:23,96.10,49742966
4,AAPL,2016/04/28,14:58:30,96.15,49778587
4,AAPL,2016/04/28,14:58:31,96.15,49778587
4,AAPL,2016/04/28,14:58:50,96.13,49846534
4,AAPL,2016/04/28,14:59:23,96.16,49976128
4,AAPL,2016/04/28,14:59:31,96.11,49999633
4,AAPL,2016/04/28,14:59:31,96.11,49999633
4,AAPL,2016/04/28,14:59:50,96.04,50204658
4,AAPL,2016/04/28,15:00:24,95.93,50363717
4,AAPL,2016/04/28,15:00:32,95.90,50412303
4,AAPL,2016/04/28,15:00:33,95.91,50414643
4,AAPL,2016/04/28,15:00:51,95.88,50605247
4,AAPL,2016/04/28,15:01:25,95.87,50718040
4,AAPL,2016/04/28,15:01:33,95.86,50742325
4,AAPL,2016/04/28,15:01:33,95.86,50742325
4,AAPL,2016/04/28,15:01:53,95.83,50841645
4,AAPL,2016/04/28,15:02:26,95.81,50982210
4,AAPL,2016/04/28,15:02:33,95.80,51057629
4,AAPL,2016/04/28,15:02:34,95.80,51057629
4,AAPL,2016/04/28,15:02:54,95.77,51129378
4,AAPL,2016/04/28,15:03:26,95.79,51489437
4,AAPL,2016/04/28,15:03:34,95.81,51557870
4,AAPL,2016/04/28,15:03:35,95.82,51567644
4,AAPL,2016/04/28,15:03:55,95.85,51640611
4,AAPL,2016/04/28,15:04:27,95.81,51737012
4,AAPL,2016/04/28,15:04:35,95.83,51761101
4,AAPL,2016/04/28,15:04:36,95.83,51761101
4,AAPL,2016/04/28,15:04:56,95.78,51813178
4,AAPL,2016/04/28,15:05:28,95.72,51962742
4,AAPL,2016/04/28,15:05:36,95.71,52002461
4,AAPL,2016/04/28,15:05:39,95.71,52049229
4,AAPL,2016/04/28,15:05:57,95.68,52140595
4,AAPL,2016/04/28,15:06:29,95.65,52295285
4,AAPL,2016/04/28,15:06:36,95.61,52347141
4,AAPL,2016/04/28,15:06:40,95.63,52371232
4,AAPL,2016/04/28,15:06:58,95.64,52468233
4,AAPL,2016/04/28,15:07:30,95.60,52632759
4,AAPL,2016/04/28,15:07:37,95.58,52677386
4,AAPL,2016/04/28,15:07:41,95.58,52681594
4,AAPL,2016/04/28,15:07:58,95.47,53052841
4,AAPL,2016/04/28,15:08:31,95.47,53331919
4,AAPL,2016/04/28,15:08:38,95.47,53353624
4,AAPL,2016/04/28,15:08:42,95.52,53380884
4,AAPL,2016/04/28,15:08:59,95.53,53533717
4,AAPL,2016/04/28,15:09:31,95.58,53656464
4,AAPL,2016/04/28,15:09:39,95.52,53698089
4,AAPL,2016/04/28,15:09:43,95.52,53704045
4,AAPL,2016/04/28,15:10:00,95.56,53772813
4,AAPL,2016/04/28,15:10:32,95.58,53964064
4,AAPL,2016/04/28,15:10:39,95.54,53987087
4,AAPL,2016/04/28,15:10:43,95.50,54035471
4,AAPL,2016/04/28,15:11:01,95.47,54118000
4,AAPL,2016/04/28,15:11:33,95.53,54248111
4,AAPL,2016/04/28,15:11:43,95.54,54280121
4,AAPL,2016/04/28,15:11:44,95.55,54281050
4,AAPL,2016/04/28,15:12:01,95.55,54326090
4,AAPL,2016/04/28,15:12:37,95.64,54581360
4,AAPL,2016/04/28,15:12:44,95.64,54641359
4,AAPL,2016/04/28,15:12:45,95.63,54663325
4,AAPL,2016/04/28,15:13:02,95.68,54745055
4,AAPL,2016/04/28,15:13:38,95.59,54920341
4,AAPL,2016/04/28,15:13:45,95.61,54929309
4,AAPL,2016/04/28,15:13:46,95.60,54929709
4,AAPL,2016/04/28,15:14:03,95.56,55070539
4,AAPL,2016/04/28,15:14:39,95.56,55182342
4,AAPL,2016/04/28,15:14:46,95.56,55191731
4,AAPL,2016/04/28,15:14:46,95.56,55191731
4,AAPL,2016/04/28,15:15:04,95.56,55234027
4,AAPL,2016/04/28,15:15:39,95.60,55347583
4,AAPL,2016/04/28,15:15:46,95.61,55416570
4,AAPL,2016/04/28,15:15:47,95.61,55416570
4,AAPL,2016/04/28,15:16:05,95.58,55500872
4,AAPL,2016/04/28,15:16:40,95.59,55620104
4,AAPL,2016/04/28,15:16:48,95.58,55634628
4,AAPL,2016/04/28,15:16:48,95.58,55634628
4,AAPL,2016/04/28,15:17:06,95.54,55699392
4,AAPL,2016/04/28,15:17:41,95.52,55856005
4,AAPL,2016/04/28,15:17:49,95.52,55882505
4,AAPL,2016/04/28,15:17:49,95.52,55882505
4,AAPL,2016/04/28,15:18:06,95.53,55934467
4,AAPL,2016/04/28,15:18:43,95.51,56102161
4,AAPL,2016/04/28,15:18:49,95.51,56118702
4,AAPL,2016/04/28,15:18:50,95.51,56118702
4,AAPL,2016/04/28,15:19:07,95.49,56194785
4,AAPL,2016/04/28,15:19:43,95.46,56334242
4,AAPL,2016/04/28,15:19:50,95.48,56357282
4,AAPL,2016/04/28,15:19:50,95.49,56358780
4,AAPL,2016/04/28,15:20:08,95.49,56409051
4,AAPL,2016/04/28,15:20:44,95.43,56610723
4,AAPL,2016/04/28,15:20:51,95.43,56616131
4,AAPL,2016/04/28,15:20:51,95.43,56616131
4,AAPL,2016/04/28,15:21:08,95.47,56667004
4,AAPL,2016/04/28,15:21:45,95.37,56848117
4,AAPL,2016/04/28,15:21:52,95.37,56867391
4,AAPL,2016/04/28,15:21:52,95.37,56867391
4,AAPL,2016/04/28,15:22:09,95.36,57022516
4,AAPL,2016/04/28,15:22:46,95.35,57182486
4,AAPL,2016/04/28,15:22:53,95.36,57208921
4,AAPL,2016/04/28,15:22:53,95.36,57208921
4,AAPL,2016/04/28,15:23:10,95.34,57238743
4,AAPL,2016/04/28,15:23:47,95.29,57404841
4,AAPL,2016/04/28,15:23:53,95.27,57415711
4,AAPL,2016/04/28,15:23:54,95.27,57415711
4,AAPL,2016/04/28,15:24:11,95.25,57566706
4,AAPL,2016/04/28,15:24:48,95.24,57710307
4,AAPL,2016/04/28,15:24:54,95.23,57738817
4,AAPL,2016/04/28,15:24:54,95.23,57738817
4,AAPL,2016/04/28,15:25:12,95.21,57815801
4,AAPL,2016/04/28,15:25:49,95.18,58061624
4,AAPL,2016/04/28,15:25:55,95.18,58080703
4,AAPL,2016/04/28,15:25:55,95.18,58080703
4,AAPL,2016/04/28,15:26:12,95.17,58197625
4,AAPL,2016/04/28,15:26:49,95.13,58405890
4,AAPL,2016/04/28,15:26:55,95.12,58426815
4,AAPL,2016/04/28,15:26:56,95.12,58426815
4,AAPL,2016/04/28,15:27:13,95.15,58504968
4,AAPL,2016/04/28,15:27:50,95.15,58643850
4,AAPL,2016/04/28,15:27:56,95.12,58661749
4,AAPL,2016/04/28,15:27:56,95.12,58661749
4,AAPL,2016/04/28,15:28:14,95.14,58758242
4,AAPL,2016/04/28,15:28:51,95.13,59068383
4,AAPL,2016/04/28,15:28:57,95.08,59151028
4,AAPL,2016/04/28,15:28:57,95.08,59151028
4,AAPL,2016/04/28,15:29:16,95.07,59211329
4,AAPL,2016/04/28,15:29:52,95.01,59468367
4,AAPL,2016/04/28,15:29:58,95.01,59598528
4,AAPL,2016/04/28,15:29:59,95.04,59631042
4,AAPL,2016/04/28,15:30:16,94.97,60572275
4,AAPL,2016/04/28,15:30:52,95.05,61027151
4,AAPL,2016/04/28,15:30:59,95.04,61051946
4,AAPL,2016/04/28,15:30:59,95.04,61051946
4,AAPL,2016/04/28,15:31:17,94.97,61195033
4,AAPL,2016/04/28,15:31:53,94.96,61386005
4,AAPL,2016/04/28,15:32:00,94.92,61428166
4,AAPL,2016/04/28,15:32:02,94.91,61439181
4,AAPL,2016/04/28,15:32:17,94.91,61620758
4,AAPL,2016/04/28,15:32:55,94.87,61875519
4,AAPL,2016/04/28,15:33:02,94.88,61910701
4,AAPL,2016/04/28,15:33:04,94.88,61910701
4,AAPL,2016/04/28,15:33:19,94.89,62043888
4,AAPL,2016/04/28,15:33:56,94.83,62350044
4,AAPL,2016/04/28,15:34:03,94.78,62401628
4,AAPL,2016/04/28,15:34:04,94.78,62401628
4,AAPL,2016/04/28,15:34:20,94.75,62495152
4,AAPL,2016/04/28,15:34:56,94.68,62820690
4,AAPL,2016/04/28,15:35:04,94.69,62847314
4,AAPL,2016/04/28,15:35:05,94.70,62853126
4,AAPL,2016/04/28,15:35:20,94.72,62944147
4,AAPL,2016/04/28,15:35:57,94.83,63302330
4,AAPL,2016/04/28,15:36:04,94.85,63345502
4,AAPL,2016/04/28,15:36:06,94.85,63353302
4,AAPL,2016/04/28,15:36:21,94.81,63409953
4,AAPL,2016/04/28,15:36:58,94.81,63578775
4,AAPL,2016/04/28,15:37:05,94.81,63623343
4,AAPL,2016/04/28,15:37:06,94.82,63629595
4,AAPL,2016/04/28,15:37:22,94.75,63713028
4,AAPL,2016/04/28,15:37:58,94.64,64169873
4,AAPL,2016/04/28,15:38:06,94.66,64226802
4,AAPL,2016/04/28,15:38:07,94.66,64230332
4,AAPL,2016/04/28,15:38:23,94.62,64330679
4,AAPL,2016/04/28,15:39:00,94.57,64618423
4,AAPL,2016/04/28,15:39:07,94.64,64654599
4,AAPL,2016/04/28,15:39:08,94.64,64654599
4,AAPL,2016/04/28,15:39:24,94.59,64773676
4,AAPL,2016/04/28,15:40:00,94.57,64984035
4,AAPL,2016/04/28,15:40:07,94.57,65010567
4,AAPL,2016/04/28,15:40:09,94.53,65050714
4,AAPL,2016/04/28,15:40:25,94.45,65331933
4,AAPL,2016/04/28,15:41:01,94.31,65748623
4,AAPL,2016/04/28,15:41:08,94.33,65786565
4,AAPL,2016/04/28,15:41:09,94.34,65803352
4,AAPL,2016/04/28,15:41:26,94.38,65934733
4,AAPL,2016/04/28,15:42:02,94.42,66237243
4,AAPL,2016/04/28,15:42:09,94.42,66278345
4,AAPL,2016/04/28,15:42:10,94.42,66280442
4,AAPL,2016/04/28,15:42:27,94.38,66352012
4,AAPL,2016/04/28,15:43:02,94.48,66635047
4,AAPL,2016/04/28,15:43:10,94.49,66662595
4,AAPL,2016/04/28,15:43:11,94.49,66667540
4,AAPL,2016/04/28,15:43:27,94.41,66770453
4,AAPL,2016/04/28,15:44:03,94.36,66965263
4,AAPL,2016/04/28,15:44:10,94.44,66998067
4,AAPL,2016/04/28,15:44:12,94.44,66998067
4,AAPL,2016/04/28,15:44:28,94.55,67140995
4,AAPL,2016/04/28,15:45:04,94.43,67339550
4,AAPL,2016/04/28,15:45:11,94.50,67387760
4,AAPL,2016/04/28,15:45:13,94.56,67420023
4,AAPL,2016/04/28,15:45:30,94.61,67577708
4,AAPL,2016/04/28,15:46:06,94.71,67910027
4,AAPL,2016/04/28,15:46:13,94.71,67948525
4,AAPL,2016/04/28,15:46:13,94.71,67948525
4,AAPL,2016/04/28,15:46:31,94.80,68161556
4,AAPL,2016/04/28,15:47:06,94.87,68412855
4,AAPL,2016/04/28,15:47:14,94.88,68457177
4,AAPL,2016/04/28,15:47:14,94.88,68457177
4,AAPL,2016/04/28,15:47:32,94.85,68557405
4,AAPL,2016/04/28,15:48:07,94.82,68843650
4,AAPL,2016/04/28,15:48:14,94.83,68900934
4,AAPL,2016/04/28,15:48:15,94.83,68900934
4,AAPL,2016/04/28,15:48:34,94.83,68999379
4,AAPL,2016/04/28,15:49:08,94.80,69134710
4,AAPL,2016/04/28,15:49:15,94.84,69199330
4,AAPL,2016/04/28,15:49:16,94.84,69199330
4,AAPL,2016/04/28,15:49:34,94.83,69313830
4,AAPL,2016/04/28,15:50:09,94.83,69480232
4,AAPL,2016/04/28,15:50:16,94.87,69523346
4,AAPL,2016/04/28,15:50:16,94.87,69523346
4,AAPL,2016/04/28,15:50:35,94.86,69604019
4,AAPL,2016/04/28,15:51:09,94.87,69709336
4,AAPL,2016/04/28,15:51:17,94.92,69798109
4,AAPL,2016/04/28,15:51:17,94.92,69798109
4,AAPL,2016/04/28,15:51:36,94.93,69948800
4,AAPL,2016/04/28,15:52:10,94.88,70123242
4,AAPL,2016/04/28,15:52:17,94.80,70195399
4,AAPL,2016/04/28,15:52:17,94.80,70195399
4,AAPL,2016/04/28,15:52:37,94.82,70345208
4,AAPL,2016/04/28,15:53:11,94.84,70492557
4,AAPL,2016/04/28,15:53:18,94.86,70507150
4,AAPL,2016/04/28,15:53:18,94.86,70507150
4,AAPL,2016/04/28,15:53:37,94.81,70599952
4,AAPL,2016/04/28,15:54:11,94.91,70752066
4,AAPL,2016/04/28,15:54:19,94.89,70776903
4,AAPL,2016/04/28,15:54:19,94.89,70776903
4,AAPL,2016/04/28,15:54:38,94.91,70847567
4,AAPL,2016/04/28,15:55:12,94.88,71033173
4,AAPL,2016/04/28,15:55:20,94.90,71063317
4,AAPL,2016/04/28,15:55:20,94.90,71063317
4,AAPL,2016/04/28,15:55:39,94.91,71133742
4,AAPL,2016/04/28,15:56:13,94.96,71332440
4,AAPL,2016/04/28,15:56:20,94.97,71389815
4,AAPL,2016/04/28,15:56:21,94.97,71389815
4,AAPL,2016/04/28,15:56:40,94.98,71424278
4,AAPL,2016/04/28,15:57:14,94.94,71736819
4,AAPL,2016/04/28,15:57:21,94.97,71783464
4,AAPL,2016/04/28,15:57:21,94.97,71783464
4,AAPL,2016/04/28,15:57:40,95.05,71886974
4,AAPL,2016/04/28,15:58:18,95.04,72066312
4,AAPL,2016/04/28,15:58:22,95.00,72101131
4,AAPL,2016/04/28,15:58:22,95.00,72101131
4,AAPL,2016/04/28,15:58:41,95.06,72164371
4,AAPL,2016/04/28,15:59:19,95.05,72303217
4,AAPL,2016/04/28,15:59:22,95.03,72322108
4,AAPL,2016/04/28,15:59:23,95.03,72322108
4,AAPL,2016/04/28,15:59:42,94.97,72422445
4,AAPL,2016/04/28,16:00:19,94.97,72648528
4,AAPL,2016/04/28,16:00:26,94.95,72690629
4,AAPL,2016/04/28,16:00:27,94.95,72700332
4,AAPL,2016/04/28,16:00:42,94.99,72751926
4,AAPL,2016/04/28,16:01:20,94.99,72865830
4,AAPL,2016/04/28,16:01:27,94.99,72883146
4,AAPL,2016/04/28,16:01:28,94.99,72883146
4,AAPL,2016/04/28,16:01:43,95.09,72966644
4,AAPL,2016/04/28,16:02:21,95.06,73101587
4,AAPL,2016/04/28,16:02:28,95.04,73118380
4,AAPL,2016/04/28,16:02:28,95.04,73118939
4,AAPL,2016/04/28,16:02:44,95.08,73174600
4,AAPL,2016/04/28,16:03:22,94.97,73401481
4,AAPL,2016/04/28,16:03:28,94.93,73448925
4,AAPL,2016/04/28,16:03:29,94.92,73460412
4,AAPL,2016/04/28,16:03:45,94.93,73547843
4,AAPL,2016/04/28,16:04:22,94.82,73820126
4,AAPL,2016/04/28,16:04:29,94.83,73832082
4,AAPL,2016/04/28,16:04:30,94.83,73832082
4,AAPL,2016/04/28,16:04:45,94.78,73921201
4,AAPL,2016/04/28,16:05:23,94.75,74228077
4,AAPL,2016/04/28,16:05:30,94.74,74255839
4,AAPL,2016/04/28,16:05:31,94.73,74267362
4,AAPL,2016/04/28,16:05:46,94.70,74312373
4,AAPL,2016/04/28,16:06:24,94.60,74538590
4,AAPL,2016/04/28,16:06:31,94.60,74591165
4,AAPL,2016/04/28,16:06:31,94.60,74591165
4,AAPL,2016/04/28,16:06:47,94.64,74728923
4,AAPL,2016/04/28,16:07:24,94.55,75035899
4,AAPL,2016/04/28,16:07:32,94.54,75043491
4,AAPL,2016/04/28,16:07:32,94.54,75043491
4,AAPL,2016/04/28,16:07:48,94.52,75218183
4,AAPL,2016/04/28,16:08:25,94.58,75387078
4,AAPL,2016/04/28,16:08:32,94.57,75407865
4,AAPL,2016/04/28,16:08:36,94.57,75449559
4,AAPL,2016/04/28,16:08:48,94.57,75534015
4,AAPL,2016/04/28,16:09:26,94.50,75713318
4,AAPL,2016/04/28,16:09:36,94.50,75755456
4,AAPL,2016/04/28,16:09:40,94.45,75857017
4,AAPL,2016/04/28,16:09:49,94.55,75938657
4,AAPL,2016/04/28,16:10:27,94.57,76216469
4,AAPL,2016/04/28,16:10:37,94.59,76291828
4,AAPL,2016/04/28,16:10:41,94.66,76347837
4,AAPL,2016/04/28,16:10:50,94.62,76463955
4,AAPL,2016/04/28,16:11:28,94.59,76732825
4,AAPL,2016/04/28,16:11:37,94.64,76812303
4,AAPL,2016/04/28,16:11:41,94.64,76821959
4,AAPL,2016/04/28,16:11:50,94.60,76924273
4,AAPL,2016/04/28,16:12:29,94.56,77136190
4,AAPL,2016/04/28,16:12:38,94.56,77207424
4,AAPL,2016/04/28,16:12:42,94.57,77242751
4,AAPL,2016/04/28,16:12:51,94.60,77333850
4,AAPL,2016/04/28,16:13:29,94.53,77717303
4,AAPL,2016/04/28,16:13:39,94.57,77753050
4,AAPL,2016/04/28,16:13:43,94.59,77817365
4,AAPL,2016/04/28,16:13:52,94.62,77903765
4,AAPL,2016/04/28,16:14:30,94.74,78361275
4,AAPL,2016/04/28,16:14:40,94.70,78553613
4,AAPL,2016/04/28,16:14:43,94.75,78586099
4,AAPL,2016/04/28,16:14:53,94.81,78750117
4,AAPL,2016/04/28,16:15:31,94.81,80888492
4,AAPL,2016/04/28,16:15:40,94.81,80888592
4,AAPL,2016/04/28,16:15:44,94.81,80888842
4,AAPL,2016/04/28,16:15:54,94.81,80891192
4,AAPL,2016/04/28,16:16:31,94.81,80896261
4,AAPL,2016/04/28,16:16:45,94.81,80902744
4,AAPL,2016/04/28,16:16:46,94.81,80902744
4,AAPL,2016/04/28,16:16:54,94.81,80902844
4,AAPL,2016/04/28,16:17:46,94.81,80914937
4,AAPL,2016/04/28,16:17:47,94.81,80915487
4,AAPL,2016/04/28,16:17:55,94.81,80916877
4,AAPL,2016/04/28,16:18:46,94.81,80939632
4,AAPL,2016/04/28,16:18:47,94.81,80939632
4,AAPL,2016/04/28,16:18:56,94.81,80939632
4,AAPL,2016/04/28,16:19:47,94.81,80968747
4,AAPL,2016/04/28,16:19:48,94.81,80968747
4,AAPL,2016/04/28,16:19:57,94.81,80969567
4,AAPL,2016/04/28,16:20:48,94.81,80981117
4,AAPL,2016/04/28,16:20:51,94.81,80981967
4,AAPL,2016/04/28,16:20:57,94.81,80983092
4,AAPL,2016/04/28,16:21:49,94.81,80986817
4,AAPL,2016/04/28,16:21:51,94.81,80986817
4,AAPL,2016/04/28,16:21:58,94.81,80999348
4,AAPL,2016/04/28,16:22:49,94.81,81006309
4,AAPL,2016/04/28,16:22:52,94.81,81006384
4,AAPL,2016/04/28,16:22:59,94.81,81008015
4,AAPL,2016/04/28,16:23:50,94.81,81011680
4,AAPL,2016/04/28,16:23:53,94.81,81011680
4,AAPL,2016/04/28,16:23:59,94.81,81016880
4,AAPL,2016/04/28,16:24:51,94.81,81057557
4,AAPL,2016/04/28,16:24:54,94.81,81057557
4,AAPL,2016/04/28,16:25:00,94.81,81057557
4,AAPL,2016/04/28,16:25:53,94.81,81058708
4,AAPL,2016/04/28,16:25:54,94.81,81058708
4,AAPL,2016/04/28,16:26:01,94.81,81058808
4,AAPL,2016/04/28,16:26:54,94.81,81076603
4,AAPL,2016/04/28,16:26:55,94.81,81076603
4,AAPL,2016/04/28,16:27:01,94.81,81076603
4,AAPL,2016/04/28,16:27:55,94.81,81123971
4,AAPL,2016/04/28,16:27:56,94.81,81123971
4,AAPL,2016/04/28,16:28:02,94.81,81128771
4,AAPL,2016/04/28,19:06:31,94.83,82201640
4,AAPL,2016/04/28,19:07:32,94.83,82201840
4,AAPL,2016/04/28,19:08:33,94.83,82202000
4,AAPL,2016/04/28,19:09:34,94.83,82202000
4,AAPL,2016/04/28,19:10:34,94.83,82202091
4,AAPL,2016/04/28,19:11:35,94.83,82202091
4,AAPL,2016/04/28,19:12:36,94.83,82202800
4,AAPL,2016/04/28,19:13:36,94.83,82205706
4,AAPL,2016/04/28,19:14:37,94.83,82205756
4,AAPL,2016/04/28,19:15:38,94.83,82205856
4,AAPL,2016/04/28,19:16:38,94.83,82206637
4,AAPL,2016/04/28,19:17:39,94.83,82207231
4,AAPL,2016/04/28,19:18:40,94.83,82209931
4,AAPL,2016/04/28,19:19:41,94.83,82211931
4,AAPL,2016/04/28,19:20:41,94.83,82211931
4,AAPL,2016/04/28,19:21:42,94.83,82211931
4,AAPL,2016/04/28,19:22:43,94.83,82212111
4,AAPL,2016/04/28,19:23:43,94.83,82212161
4,AAPL,2016/04/28,19:24:44,94.83,82212354
4,AAPL,2016/04/28,19:25:45,94.83,82212869
4,AAPL,2016/04/28,19:26:46,94.83,82213635
4,AAPL,2016/04/28,19:27:46,94.83,82215409
4,AAPL,2016/04/28,19:28:47,94.83,82215569
4,AAPL,2016/04/28,19:29:48,94.83,82215639
4,AAPL,2016/04/28,19:30:48,94.83,82215774
4,AAPL,2016/04/28,19:31:49,94.83,82215904
4,AAPL,2016/04/28,19:32:50,94.83,82216169
4,AAPL,2016/04/28,19:33:51,94.83,82216269
4,AAPL,2016/04/28,19:34:51,94.83,82216369
4,AAPL,2016/04/28,19:35:52,94.83,82216419
4,AAPL,2016/04/28,19:36:53,94.83,82216469
4,AAPL,2016/04/28,19:37:54,94.83,82216995
4,AAPL,2016/04/28,19:38:54,94.83,82217967
4,AAPL,2016/04/28,19:39:55,94.83,82217977
4,AAPL,2016/04/28,19:40:56,94.83,82218409
4,AAPL,2016/04/28,19:41:56,94.83,82218409
4,AAPL,2016/04/28,19:42:57,94.83,82218458
4,AAPL,2016/04/28,19:43:58,94.83,82218463
4,AAPL,2016/04/28,19:44:59,94.83,82219087
4,AAPL,2016/04/28,19:45:59,94.83,82219340
4,AAPL,2016/04/28,19:47:01,94.83,82219787
4,AAPL,2016/04/28,19:48:01,94.83,82219902
4,AAPL,2016/04/28,19:49:02,94.83,82220002
4,AAPL,2016/04/28,19:50:03,94.83,82220118
4,AAPL,2016/04/28,19:51:04,94.83,82220213
4,AAPL,2016/04/28,19:52:04,94.83,82220445
4,AAPL,2016/04/28,19:53:05,94.83,82221075
4,AAPL,2016/04/28,19:54:06,94.83,82221191
4,AAPL,2016/04/28,19:55:07,94.83,82221346
4,AAPL,2016/04/28,19:56:08,94.83,82222108
4,AAPL,2016/04/28,19:57:09,94.83,82222931
4,AAPL,2016/04/28,19:58:09,94.83,82223274
4,AAPL,2016/04/28,19:59:10,94.83,82223574
4,AAPL,2016/04/28,20:00:11,94.83,82225867
4,AAPL,2016/04/28,20:01:12,94.83,82227024
4,AAPL,2016/04/28,20:02:13,94.83,82227424
4,AAPL,2016/04/28,20:03:13,94.83,82229434
4,AAPL,2016/04/28,20:04:14,94.83,82229444
4,AAPL,2016/04/28,20:05:15,94.83,82230098
4,AAPL,2016/04/28,20:06:16,94.83,82230598
4,AAPL,2016/04/28,20:07:18,94.83,82231444
4,AAPL,2016/04/28,20:08:19,94.83,82231694
4,AAPL,2016/04/28,20:09:19,94.83,82231694
4,AAPL,2016/04/28,20:10:20,94.83,82232222
4,AAPL,2016/04/28,20:11:21,94.83,82232748
4,AAPL,2016/04/28,20:12:21,94.83,82240159
4,AAPL,2016/04/28,20:13:22,94.83,82242551
4,AAPL,2016/04/28,20:14:23,94.83,82242685
4,AAPL,2016/04/28,20:15:24,94.83,82242690
4,AAPL,2016/04/28,20:16:25,94.83,82242690
4,AAPL,2016/04/28,20:17:26,94.83,82242690
4,AAPL,2016/04/28,20:18:27,94.83,82242690
4,AAPL,2016/04/28,20:19:28,94.83,82242690
4,AAPL,2016/04/28,20:20:29,94.83,82242690
4,AAPL,2016/04/28,20:21:57,94.83,82242690
4,AAPL,2016/04/28,20:22:58,94.83,82242690
4,AAPL,2016/04/28,20:23:59,94.83,82242690
4,AAPL,2016/04/28,20:24:59,94.83,82242690
4,AAPL,2016/04/28,20:26:00,94.83,82242690
4,AAPL,2016/04/28,20:27:03,94.83,82242690
4,AAPL,2016/04/28,20:28:04,94.83,82242690
4,AAPL,2016/04/28,20:29:05,94.83,82242690
4,AAPL,2016/04/28,20:30:05,94.83,82242690
4,AAPL,2016/04/28,20:31:06,94.83,82242690
4,AAPL,2016/04/28,20:32:08,94.83,82242690
4,AAPL,2016/04/28,20:33:09,94.83,82242690
4,AAPL,2016/04/28,20:34:10,94.83,82242690
4,AAPL,2016/04/28,20:35:12,94.83,82242690
4,AAPL,2016/04/28,20:36:13,94.83,82242690
4,AAPL,2016/04/28,20:37:14,94.83,82242690
4,AAPL,2016/04/28,20:38:15,94.83,82242690
4,AAPL,2016/04/28,20:39:16,94.83,82242690
4,AAPL,2016/04/28,20:40:16,94.83,82242690
4,AAPL,2016/04/28,20:41:18,94.83,82242690
4,AAPL,2016/04/28,20:42:19,94.83,82242690
4,AAPL,2016/04/28,20:43:20,94.83,82242690
4,AAPL,2016/04/28,20:44:22,94.83,82242690
4,AAPL,2016/04/28,20:45:23,94.83,82242690
4,AAPL,2016/04/28,20:46:24,94.83,82242690
4,AAPL,2016/04/28,20:47:25,94.83,82242690
4,AAPL,2016/04/28,20:48:25,94.83,82242690
4,AAPL,2016/04/28,20:49:26,94.83,82242690
4,AAPL,2016/04/28,20:50:28,94.83,82242690
4,AAPL,2016/04/28,20:51:30,94.83,82242690
4,AAPL,2016/04/28,20:52:31,94.83,82242690
4,AAPL,2016/04/28,20:53:32,94.83,82242690
4,AAPL,2016/04/28,20:54:33,94.83,82242690
4,AAPL,2016/04/28,20:55:34,94.83,82242690
4,AAPL,2016/04/28,20:56:35,94.83,82242690
4,AAPL,2016/04/28,20:57:36,94.83,82242690
4,AAPL,2016/04/28,20:58:36,94.83,82242690
4,AAPL,2016/04/28,20:59:37,94.83,82242690
4,AAPL,2016/04/28,21:00:38,94.83,82242690
4,AAPL,2016/04/28,21:01:39,94.83,82242690
4,AAPL,2016/04/28,21:02:40,94.83,82242690
4,AAPL,2016/04/28,21:03:42,94.83,82242690
4,AAPL,2016/04/28,21:04:42,94.83,82242690
4,AAPL,2016/04/28,21:05:45,94.83,82242690
4,AAPL,2016/04/28,21:06:45,94.83,82242690
4,AAPL,2016/04/28,21:07:46,94.83,82242690
4,AAPL,2016/04/28,21:08:47,94.83,82242690
4,AAPL,2016/04/28,21:09:49,94.83,82242690
4,AAPL,2016/04/28,21:10:50,94.83,82242690
4,AAPL,2016/04/28,21:11:51,94.83,82242690
4,AAPL,2016/04/28,21:12:51,94.83,82242690
4,AAPL,2016/04/28,21:13:52,94.83,82242690
4,AAPL,2016/04/28,21:14:53,94.83,82242690
4,AAPL,2016/04/28,21:15:53,94.83,82242690
4,AAPL,2016/04/28,21:16:54,94.83,82242690
4,AAPL,2016/04/28,21:17:54,94.83,82242690
4,AAPL,2016/04/28,21:18:55,94.83,82242690
4,AAPL,2016/04/28,21:19:56,94.83,82242690
4,AAPL,2016/04/28,21:20:57,94.83,82242690
4,AAPL,2016/04/28,21:21:58,94.83,82242690
4,AAPL,2016/04/28,21:22:58,94.83,82242690
4,AAPL,2016/04/28,21:24:01,94.83,82242690
4,AAPL,2016/04/28,21:25:03,94.83,82242690
4,AAPL,2016/04/28,21:26:03,94.83,82242690
4,AAPL,2016/04/28,21:27:04,94.83,82242690
4,AAPL,2016/04/28,21:28:05,94.83,82242690
4,AAPL,2016/04/28,21:29:06,94.83,82242690
4,AAPL,2016/04/28,21:30:07,94.83,82242690
4,AAPL,2016/04/28,21:31:09,94.83,82242690
4,AAPL,2016/04/28,21:32:10,94.83,82242690
4,AAPL,2016/04/28,21:33:11,94.83,82242690
4,AAPL,2016/04/28,21:34:12,94.83,82242690
4,AAPL,2016/04/28,21:35:12,94.83,82242690
4,AAPL,2016/04/28,21:36:13,94.83,82242690
4,AAPL,2016/04/28,21:37:15,94.83,82242690
4,AAPL,2016/04/28,21:38:16,94.83,82242690
4,AAPL,2016/04/28,21:39:17,94.83,82242690
4,AAPL,2016/04/28,21:40:19,94.83,82242690
4,AAPL,2016/04/28,21:41:21,94.83,82242690
4,AAPL,2016/04/28,21:42:21,94.83,82242690
4,AAPL,2016/04/28,21:43:22,94.83,82242690
4,AAPL,2016/04/28,21:44:23,94.83,82242690
4,AAPL,2016/04/28,21:45:25,94.83,82242690
4,AAPL,2016/04/28,21:46:30,94.83,82242690
4,AAPL,2016/04/28,21:47:31,94.83,82242690
4,AAPL,2016/04/28,21:48:31,94.83,82242690
4,AAPL,2016/04/28,21:49:32,94.83,82242690
4,AAPL,2016/04/28,21:50:33,94.83,82242690
4,AAPL,2016/04/28,21:51:34,94.83,82242690
4,AAPL,2016/04/28,21:52:35,94.83,82242690
4,AAPL,2016/04/28,21:53:36,94.83,82242690
4,AAPL,2016/04/28,21:54:37,94.83,82242690
4,AAPL,2016/04/28,21:55:39,94.83,82242690
4,AAPL,2016/04/28,21:56:41,94.83,82242690
4,AAPL,2016/04/28,21:57:42,94.83,82242690
4,AAPL,2016/04/28,21:58:43,94.83,82242690
4,AAPL,2016/04/28,21:59:43,94.83,82242690
4,AAPL,2016/04/28,22:00:44,94.83,82242690
4,AAPL,2016/04/28,22:01:47,94.83,82242690
4,AAPL,2016/04/28,22:02:48,94.83,82242690
4,AAPL,2016/04/28,22:03:48,94.83,82242690
4,AAPL,2016/04/28,22:04:49,94.83,82242690
4,AAPL,2016/04/28,22:05:50,94.83,82242690
4,AAPL,2016/04/28,22:06:51,94.83,82242690
4,AAPL,2016/04/28,22:07:52,94.83,82242690
4,AAPL,2016/04/28,22:08:53,94.83,82242690
4,AAPL,2016/04/28,22:09:54,94.83,82242690
4,AAPL,2016/04/28,22:10:58,94.83,82242690
4,AAPL,2016/04/28,22:11:59,94.83,82242690
4,AAPL,2016/04/28,22:13:00,94.83,82242690
4,AAPL,2016/04/28,22:14:01,94.83,82242690
4,AAPL,2016/04/28,22:15:05,94.83,82242690
4,AAPL,2016/04/28,22:16:36,94.83,82242690
4,AAPL,2016/04/28,22:17:37,94.83,82242690
4,AAPL,2016/04/28,22:18:38,94.83,82242690
4,AAPL,2016/04/28,22:19:39,94.83,82242690
4,AAPL,2016/04/28,22:20:40,94.83,82242690
4,AAPL,2016/04/28,22:21:41,94.83,82242690
4,AAPL,2016/04/28,22:22:42,94.83,82242690
4,AAPL,2016/04/28,22:23:42,94.83,82242690
4,AAPL,2016/04/28,22:24:45,94.83,82242690
4,AAPL,2016/04/28,22:25:47,94.83,82242690
4,AAPL,2016/04/28,22:26:48,94.83,82242690
4,AAPL,2016/04/28,22:27:48,94.83,82242690
4,AAPL,2016/04/28,22:28:49,94.83,82242690
4,AAPL,2016/04/28,22:29:50,94.83,82242690
4,AAPL,2016/04/28,22:30:51,94.83,82242690
4,AAPL,2016/04/28,22:31:51,94.83,82242690
4,AAPL,2016/04/28,22:32:53,94.83,82242690
