3,FB,2016-04-22,111.21,109.01,111.75,110.56,38331600,11,7,18
3,FB,2016-04-21,112.55,112.31,114.04,113.44,20409400,5,4,3
3,FB,2016-04-20,112.43,111.56,113.27,112.42,20998300,5,8,8
3,FB,2016-04-19,111.10,109.16,112.45,112.29,30147600,8,6,3
3,FB,2016-04-18,109.74,109.20,110.81,110.45,21092700,0,0,0
3,FB,2016-04-15,110.79,109.20,110.97,109.64,20763400,0,0,0
3,FB,2016-04-14,110.62,110.26,112.04,110.84,28430900,0,0,0
3,FB,2016-04-13,112.23,106.52,112.65,110.51,88113000,0,0,0
3,FB,2016-04-12,109.34,108.99,111.16,110.61,26175900,0,0,0
3,FB,2016-04-11,110.70,108.77,110.91,108.99,39563900,0,0,0
3,FB,2016-04-08,114.25,109.90,114.33,110.63,48424800,0,0,0
3,FB,2016-04-07,113.79,113.07,114.89,113.64,20324800,0,0,0
3,FB,2016-04-06,112.47,112.42,113.81,113.71,20522400,0,0,0
3,FB,2016-04-05,112.11,111.90,113.32,112.22,22752500,0,0,0
3,FB,2016-04-04,114.07,111.61,114.55,112.55,48429700,0,0,0
3,FB,2016-04-01,113.75,113.35,116.17,116.06,24726000,0,0,0
3,FB,2016-03-31,114.70,113.77,115.01,114.10,21138700,0,0,0
3,FB,2016-03-30,116.73,114.36,116.99,114.70,33180300,0,0,0
3,FB,2016-03-29,113.83,113.64,116.32,116.14,29765800,0,0,0
3,FB,2016-03-28,113.32,112.95,114.59,113.69,21312800,0,0,0
3,FB,2016-03-24,112.13,111.68,113.09,113.05,17063800,0,0,0
3,FB,2016-03-23,112.01,112.00,113.19,112.54,18468700,0,0,0
3,FB,2016-03-22,111.36,111.17,112.88,112.25,18957800,0,0,0
3,FB,2016-03-21,111.66,111.03,112.37,111.85,18394500,0,0,0
3,FB,2016-03-18,111.56,110.27,112.42,111.45,36217000,0,0,0
3,FB,2016-03-17,112.15,110.73,112.69,111.02,24204800,0,0,0
3,FB,2016-03-16,110.49,110.10,112.50,112.18,24619700,0,0,0
3,FB,2016-03-15,109.11,108.84,110.83,110.67,17586100,0,0,0
3,FB,2016-03-14,109.28,108.77,110.33,109.89,17236100,0,0,0
3,FB,2016-03-11,108.48,107.92,109.42,109.41,20581300,0,0,0
3,FB,2016-03-10,107.91,105.77,108.66,107.32,24780700,0,0,0
3,FB,2016-03-09,106.70,105.49,107.51,107.51,20449900,0,0,0
3,FB,2016-03-08,104.78,104.40,107.37,105.93,25493500,0,0,0
3,FB,2016-03-07,108.07,104.72,108.07,105.73,31436400,0,0,0
3,FB,2016-03-04,110.05,107.93,110.05,108.39,24872900,0,0,0
3,FB,2016-03-03,110.25,108.54,110.30,109.58,21333500,0,0,0
3,FB,2016-03-02,109.68,108.77,110.55,109.95,25641600,0,0,0
3,FB,2016-03-01,107.83,107.60,109.82,109.82,26694700,0,0,0
3,FB,2016-02-29,107.60,106.75,108.91,106.92,32243600,0,0,0
3,FB,2016-02-26,108.70,107.16,109.45,107.92,26578900,0,0,0
3,FB,2016-02-25,107.11,105.61,108.07,108.07,29796200,0,0,0
3,FB,2016-02-24,104.21,102.74,106.95,106.88,34239400,0,0,0
3,FB,2016-02-23,106.85,105.12,107.47,105.46,25204900,0,0,0
3,FB,2016-02-22,105.49,105.34,108.25,107.16,35630900,0,0,0
3,FB,2016-02-19,102.55,102.06,105.02,104.57,32337400,0,0,0
3,FB,2016-02-18,105.80,103.03,106.00,103.47,29374600,0,0,0
3,FB,2016-02-17,102.02,100.40,105.72,105.20,44009600,0,0,0
3,FB,2016-02-16,103.80,100.24,103.93,101.61,45438300,0,0,0
3,FB,2016-02-12,103.74,101.09,104.24,102.01,36038100,0,0,0
3,FB,2016-02-11,99.60,98.88,105.11,101.91,43493100,0,0,0
3,FB,2016-02-10,101.55,100.24,103.25,101.00,44943900,0,0,0
3,FB,2016-02-09,97.14,96.82,102.40,99.54,62580100,0,0,0
3,FB,2016-02-08,100.41,97.46,102.68,99.75,71016500,0,0,0
3,FB,2016-02-05,109.51,103.18,109.58,104.07,76522700,0,0,0
3,FB,2016-02-04,111.80,109.25,111.94,110.49,38648500,0,0,0
3,FB,2016-02-03,115.27,109.75,115.34,112.69,56848100,0,0,0
3,FB,2016-02-02,114.80,113.20,117.59,114.61,59644900,0,0,0
3,FB,2016-02-01,112.27,112.01,115.72,115.09,45840900,0,0,0
3,FB,2016-01-29,108.99,108.84,112.84,112.21,62357500,0,0,0
3,FB,2016-01-28,107.20,104.81,110.34,109.11,107084100,0,0,0
3,FB,2016-01-27,97.79,94.23,97.85,94.45,48311900,0,0,0
3,FB,2016-01-26,97.76,95.66,97.88,97.34,26637400,0,0,0
3,FB,2016-01-25,98.72,96.93,99.48,97.01,32319100,0,0,0
3,FB,2016-01-22,96.41,95.49,98.07,97.94,30331400,0,0,0
3,FB,2016-01-21,94.91,92.62,95.99,94.16,30468900,0,0,0
3,FB,2016-01-20,92.83,89.37,95.00,94.35,58982400,0,0,0
3,FB,2016-01-19,96.53,93.92,97.42,95.26,30620600,0,0,0
3,FB,2016-01-15,93.98,93.54,96.38,94.97,45935600,0,0,0
3,FB,2016-01-14,95.85,92.45,98.87,98.37,48488500,0,0,0
3,FB,2016-01-13,100.58,95.21,100.58,95.44,33091600,0,0,0
3,FB,2016-01-12,99.00,97.55,99.96,99.37,28212800,0,0,0
3,FB,2016-01-11,97.91,95.39,98.60,97.51,29873100,0,0,0
3,FB,2016-01-08,99.88,97.03,100.50,97.33,35267300,0,0,0
3,FB,2016-01-07,100.50,97.30,101.43,97.92,44864700,0,0,0
3,FB,2016-01-06,101.13,100.90,103.77,102.97,24988900,0,0,0
3,FB,2016-01-05,102.89,101.67,103.71,102.73,23225100,0,0,0
3,FB,2016-01-04,101.95,99.75,102.24,102.22,37717300,0,0,0
3,FB,2015-12-31,106.00,104.62,106.17,104.66,18298700,0,0,0
3,FB,2015-12-30,107.00,106.06,107.25,106.22,13101600,0,0,0
3,FB,2015-12-29,106.42,106.25,107.74,107.26,17137900,0,0,0
3,FB,2015-12-28,105.02,104.53,105.98,105.93,13031200,0,0,0
3,FB,2015-12-24,104.74,104.50,105.32,105.02,6501800,0,0,0
3,FB,2015-12-23,105.89,103.86,106.11,104.63,19246600,0,0,0
3,FB,2015-12-22,105.22,104.81,105.66,105.51,14420600,0,0,0
3,FB,2015-12-21,104.91,103.60,105.15,104.77,15999900,0,0,0
3,FB,2015-12-18,106.08,103.97,106.59,104.04,35546500,0,0,0
3,FB,2015-12-17,107.49,106.13,107.75,106.22,21508700,0,0,0
3,FB,2015-12-16,105.37,104.19,107.09,106.79,21994800,0,0,0
3,FB,2015-12-15,105.30,104.28,105.80,104.55,21644900,0,0,0
3,FB,2015-12-14,102.29,101.46,104.74,104.66,24648100,0,0,0
3,FB,2015-12-11,104.15,101.91,104.34,102.12,26286300,0,0,0
3,FB,2015-12-10,105.05,104.41,106.40,105.42,17414500,0,0,0
3,FB,2015-12-09,106.18,103.55,106.44,104.60,23123000,0,0,0
3,FB,2015-12-08,104.00,103.95,106.91,106.49,20365300,0,0,0
3,FB,2015-12-07,106.48,104.66,106.83,105.61,15403400,0,0,0
3,FB,2015-12-04,104.81,104.11,107.73,106.18,20941200,0,0,0
3,FB,2015-12-03,106.27,103.35,106.85,104.38,23171000,0,0,0
3,FB,2015-12-02,107.00,105.79,107.92,106.07,24295200,0,0,0
3,FB,2015-12-01,104.83,104.50,107.15,107.12,22715600,0,0,0
3,FB,2015-11-30,105.84,103.75,106.10,104.24,20009000,0,0,0
3,FB,2015-11-27,105.78,104.86,105.96,105.45,5899600,0,0,0
3,FB,2015-11-25,106.33,105.10,106.60,105.41,15150800,0,0,0
3,FB,2015-11-24,106.00,104.39,106.49,105.74,23577300,0,0,0
3,FB,2015-11-23,107.19,106.08,107.47,106.95,19897200,0,0,0
3,FB,2015-11-20,106.84,106.62,107.87,107.32,22129600,0,0,0
3,FB,2015-11-19,107.36,105.95,107.73,106.26,25520600,0,0,0
3,FB,2015-11-18,105.80,105.39,107.88,107.77,23836500,0,0,0
3,FB,2015-11-17,104.62,104.14,106.20,105.13,26807200,0,0,0
3,FB,2015-11-16,103.32,100.47,104.17,104.04,49309200,0,0,0
3,FB,2015-11-13,107.71,103.83,108.25,103.95,30278400,0,0,0
3,FB,2015-11-12,108.48,108.00,109.39,108.02,20924700,0,0,0
3,FB,2015-11-11,108.27,107.11,109.87,109.01,25057100,0,0,0
3,FB,2015-11-10,105.96,105.24,108.15,107.91,25031700,0,0,0
3,FB,2015-11-09,107.00,105.86,108.25,106.49,26383500,0,0,0
3,FB,2015-11-06,108.04,105.91,108.74,107.10,35084300,0,0,0
3,FB,2015-11-05,108.80,107.95,110.65,108.76,63232900,0,0,0
3,FB,2015-11-04,103.19,102.48,104.14,103.94,43469300,0,0,0
3,FB,2015-11-03,103.22,102.40,103.65,102.58,21242300,0,0,0
3,FB,2015-11-02,101.72,101.18,103.47,103.31,24003900,0,0,0
3,FB,2015-10-30,104.51,101.65,104.72,101.97,33487100,0,0,0
3,FB,2015-10-29,103.96,103.52,105.12,104.88,20316700,0,0,0
3,FB,2015-10-28,103.90,102.92,104.48,104.20,24081500,0,0,0
3,FB,2015-10-27,102.94,102.40,104.10,103.70,23795500,0,0,0
3,FB,2015-10-26,102.20,101.55,103.81,103.77,25961200,0,0,0
3,FB,2015-10-23,101.91,100.16,102.85,102.19,42809700,0,0,0
3,FB,2015-10-22,97.79,97.55,99.73,99.67,26392100,0,0,0
3,FB,2015-10-21,97.37,96.47,98.18,97.11,21917800,0,0,0
3,FB,2015-10-20,98.73,96.56,99.59,97.00,30881800,0,0,0
3,FB,2015-10-19,97.18,96.92,98.57,98.47,23729900,0,0,0
3,FB,2015-10-16,96.18,95.35,97.59,97.54,25412900,0,0,0
3,FB,2015-10-15,94.99,94.90,96.30,95.96,27557500,0,0,0
3,FB,2015-10-14,94.08,93.61,95.20,94.07,19253400,0,0,0
3,FB,2015-10-13,93.66,93.55,95.37,94.12,19480300,0,0,0
3,FB,2015-10-12,93.32,92.67,94.60,94.26,18449600,0,0,0
3,FB,2015-10-09,92.90,92.24,93.74,93.24,20012900,0,0,0
3,FB,2015-10-08,91.89,90.47,93.22,92.47,27290500,0,0,0
3,FB,2015-10-07,93.11,91.37,93.66,92.40,24129300,0,0,0
3,FB,2015-10-06,94.08,92.34,94.17,92.80,22488300,0,0,0
3,FB,2015-10-05,92.94,92.66,94.27,94.01,27292500,0,0,0
3,FB,2015-10-02,88.90,88.37,92.20,92.07,37881700,0,0,0
3,FB,2015-10-01,90.05,88.36,90.95,90.95,29283700,0,0,0
3,FB,2015-09-30,88.44,88.01,90.02,89.90,36169100,0,0,0
3,FB,2015-09-29,89.10,85.72,90.06,86.67,42281800,0,0,0
3,FB,2015-09-28,92.08,88.18,92.29,89.21,41199900,0,0,0
3,FB,2015-09-25,95.79,92.06,95.85,92.77,28961600,0,0,0
3,FB,2015-09-24,93.06,92.24,94.77,94.41,29106000,0,0,0
3,FB,2015-09-23,93.40,92.80,94.32,93.97,21701400,0,0,0
3,FB,2015-09-22,93.77,91.92,94.68,92.96,36888900,0,0,0
3,FB,2015-09-21,94.62,94.52,96.49,95.55,28790000,0,0,0
3,FB,2015-09-18,93.20,93.05,95.19,94.40,62300000,0,0,0
3,FB,2015-09-17,93.37,92.90,95.51,94.34,27841800,0,0,0
3,FB,2015-09-16,92.90,92.63,93.60,93.45,16321200,0,0,0
3,FB,2015-09-15,92.37,91.79,93.25,92.90,18859400,0,0,0
3,FB,2015-09-14,92.31,91.60,92.62,92.31,20127900,0,0,0
3,FB,2015-09-11,91.68,91.13,92.08,92.05,21185000,0,0,0
3,FB,2015-09-10,90.07,89.63,92.06,91.98,26437400,0,0,0
3,FB,2015-09-09,90.78,90.17,91.98,90.44,32551100,0,0,0
3,FB,2015-09-08,89.69,88.83,90.24,89.53,27012500,0,0,0
3,FB,2015-09-04,87.20,86.70,88.39,88.26,27328700,0,0,0
3,FB,2015-09-03,89.76,87.73,89.82,88.15,27048200,0,0,0
3,FB,2015-09-02,88.81,87.63,89.89,89.89,27190500,0,0,0
3,FB,2015-09-01,86.85,86.50,89.39,87.23,36097400,0,0,0
3,FB,2015-08-31,90.60,88.89,91.05,89.43,32850700,0,0,0
3,FB,2015-08-28,89.88,89.79,91.48,91.01,33215900,0,0,0
3,FB,2015-08-27,89.10,87.19,90.06,89.73,42431400,0,0,0
3,FB,2015-08-26,85.95,83.26,87.46,87.19,45124300,0,0,0
3,FB,2015-08-25,86.95,83.00,87.67,83.00,52021200,0,0,0
3,FB,2015-08-24,77.03,72.00,82.09,82.09,83710700,0,0,0
3,FB,2015-08-21,87.52,85.61,89.18,86.06,62778700,0,0,0
3,FB,2015-08-20,93.54,90.46,94.77,90.56,44598200,0,0,0
3,FB,2015-08-19,94.63,94.16,96.10,95.31,23251300,0,0,0
3,FB,2015-08-18,94.08,94.04,95.85,95.17,22278800,0,0,0
3,FB,2015-08-17,94.42,93.39,94.46,93.93,18313500,0,0,0
3,FB,2015-08-14,93.54,93.21,94.72,94.42,15929700,0,0,0
3,FB,2015-08-13,94.05,93.35,94.73,93.43,17451800,0,0,0
3,FB,2015-08-12,92.70,91.19,94.44,94.19,27050500,0,0,0
3,FB,2015-08-11,93.73,92.90,94.76,93.62,22491000,0,0,0
3,FB,2015-08-10,95.68,93.63,95.90,94.15,21624200,0,0,0
3,FB,2015-08-07,95.38,93.61,95.40,94.30,23199100,0,0,0
3,FB,2015-08-06,97.18,94.42,98.74,95.12,42271300,0,0,0
3,FB,2015-08-05,95.25,95.18,97.09,96.44,29813200,0,0,0
3,FB,2015-08-04,93.79,93.33,94.73,94.06,20136000,0,0,0
3,FB,2015-08-03,93.53,92.80,95.08,94.14,29343100,0,0,0
3,FB,2015-07-31,94.95,93.95,96.33,94.01,46509000,0,0,0
3,FB,2015-07-30,94.91,91.80,95.81,95.21,86211300,0,0,0
3,FB,2015-07-29,96.32,94.74,97.28,96.99,64648300,0,0,0
3,FB,2015-07-28,94.84,93.31,95.56,95.29,35236000,0,0,0
3,FB,2015-07-27,96.58,93.83,96.61,94.17,38585400,0,0,0
3,FB,2015-07-24,97.35,95.88,97.76,96.95,33444900,0,0,0
3,FB,2015-07-23,96.96,94.81,97.45,95.44,29418800,0,0,0
3,FB,2015-07-22,96.74,95.92,97.58,97.04,28299500,0,0,0
3,FB,2015-07-21,98.95,97.14,99.24,98.39,39453300,0,0,0
3,FB,2015-07-20,95.85,95.36,98.60,97.91,54860500,0,0,0
3,FB,2015-07-17,92.55,92.54,95.39,94.97,54001600,0,0,0
3,FB,2015-07-16,90.28,89.77,90.86,90.85,21804100,0,0,0
3,FB,2015-07-15,90.00,89.42,90.99,89.76,30886600,0,0,0
3,FB,2015-07-14,90.46,89.65,90.80,89.68,26627800,0,0,0
3,FB,2015-07-13,88.66,88.42,90.22,90.10,29976700,0,0,0
3,FB,2015-07-10,87.35,86.77,88.22,87.95,23245900,0,0,0
3,FB,2015-07-09,86.73,85.65,87.60,85.88,23307400,0,0,0
3,FB,2015-07-08,86.29,85.45,86.75,85.65,24399300,0,0,0
3,FB,2015-07-07,87.80,85.23,87.85,87.22,33059900,0,0,0
3,FB,2015-07-06,86.49,86.39,88.19,87.55,24635900,0,0,0
3,FB,2015-07-02,87.40,86.34,87.44,87.29,16908800,0,0,0
3,FB,2015-07-01,86.77,86.49,87.95,86.91,25260000,0,0,0
3,FB,2015-06-30,86.60,85.57,86.70,85.77,23233200,0,0,0
3,FB,2015-06-29,86.61,85.73,87.50,85.80,35957900,0,0,0
3,FB,2015-06-26,88.12,86.83,88.34,88.01,38214600,0,0,0
3,FB,2015-06-25,89.26,87.84,89.40,87.98,27302000,0,0,0
3,FB,2015-06-24,87.66,87.45,89.25,88.86,41370200,0,0,0
3,FB,2015-06-23,84.96,84.76,87.97,87.88,50667900,0,0,0
3,FB,2015-06-22,83.41,83.31,84.97,84.74,29383100,0,0,0
3,FB,2015-06-19,82.83,82.12,82.98,82.51,23353200,0,0,0
3,FB,2015-06-18,81.64,81.57,83.19,82.91,26782600,0,0,0
3,FB,2015-06-17,81.76,81.34,82.22,81.79,18350300,0,0,0
3,FB,2015-06-16,80.82,80.45,81.51,81.06,13693700,0,0,0
3,FB,2015-06-15,80.55,80.07,80.93,80.71,18805100,0,0,0
3,FB,2015-06-12,81.37,81.20,82.09,81.53,11417900,0,0,0
3,FB,2015-06-11,82.31,81.36,82.90,81.83,18656800,0,0,0
3,FB,2015-06-10,80.83,80.81,82.60,82.16,21531200,0,0,0
3,FB,2015-06-09,80.60,79.32,81.19,80.67,16497500,0,0,0
3,FB,2015-06-08,81.82,80.13,82.00,80.67,16915500,0,0,0
3,FB,2015-06-05,81.87,81.51,82.46,82.14,16143100,0,0,0
3,FB,2015-06-04,82.14,81.51,82.95,82.05,20863900,0,0,0
3,FB,2015-06-03,81.35,81.25,82.53,82.44,31775000,0,0,0
3,FB,2015-06-02,79.76,79.56,81.35,80.44,18923300,0,0,0
3,FB,2015-06-01,79.30,78.66,80.38,80.29,18119000,0,0,0
3,FB,2015-05-29,79.95,78.88,80.07,79.19,16134600,0,0,0
3,FB,2015-05-28,80.25,80.00,81.07,80.15,11982000,0,0,0
3,FB,2015-05-27,79.60,79.43,80.66,80.55,14160900,0,0,0
3,FB,2015-05-26,80.43,79.08,80.60,79.33,16321300,0,0,0
3,FB,2015-05-22,80.35,80.25,81.31,80.54,19567900,0,0,0
3,FB,2015-05-21,80.19,80.08,80.92,80.48,13402700,0,0,0
3,FB,2015-05-20,80.47,79.46,81.10,80.55,23056900,0,0,0
3,FB,2015-05-19,81.25,80.55,81.69,80.63,17955400,0,0,0
3,FB,2015-05-18,80.33,80.23,81.38,80.88,21613700,0,0,0
3,FB,2015-05-15,81.41,80.18,81.52,80.42,27069900,0,0,0
3,FB,2015-05-14,78.94,78.67,81.85,81.37,49438000,0,0,0
3,FB,2015-05-13,77.72,77.65,78.53,78.44,21512300,0,0,0
3,FB,2015-05-12,77.87,76.79,77.89,77.46,21285300,0,0,0
3,FB,2015-05-11,78.48,77.93,79.03,78.01,18874100,0,0,0
3,FB,2015-05-08,79.10,78.03,79.23,78.51,19943600,0,0,0
3,FB,2015-05-07,78.00,77.56,78.94,78.43,19749400,0,0,0
3,FB,2015-05-06,77.97,77.05,78.81,78.10,28663000,0,0,0
3,FB,2015-05-05,78.55,77.22,78.80,77.56,22311300,0,0,0
3,FB,2015-05-04,79.33,78.63,79.69,78.81,14692000,0,0,0
3,FB,2015-05-01,79.24,78.11,79.76,78.99,24136400,0,0,0
3,FB,2015-04-30,80.01,78.32,80.96,78.77,28999000,0,0,0
3,FB,2015-04-29,80.01,79.52,81.39,80.47,26430300,0,0,0
3,FB,2015-04-28,81.83,80.23,81.90,80.68,23775300,0,0,0
3,FB,2015-04-27,81.87,81.63,82.93,81.91,25446000,0,0,0
3,FB,2015-04-24,82.77,81.48,82.94,81.53,29660400,0,0,0
3,FB,2015-04-23,84.10,82.41,85.59,82.41,73728100,0,0,0
3,FB,2015-04-22,84.32,83.65,84.74,84.63,45548000,0,0,0
3,FB,2015-04-21,84.00,83.54,84.49,83.62,27171900,0,0,0
3,FB,2015-04-20,81.54,81.24,83.15,83.09,28796800,0,0,0
3,FB,2015-04-17,81.48,80.37,82.11,80.78,24076300,0,0,0
3,FB,2015-04-16,82.47,82.15,83.07,82.31,13769700,0,0,0
3,FB,2015-04-15,83.55,82.27,83.66,82.71,22390900,0,0,0
3,FB,2015-04-14,83.17,82.44,83.69,83.52,19634200,0,0,0
3,FB,2015-04-13,81.93,81.92,83.94,83.01,26883100,0,0,0
3,FB,2015-04-10,82.21,81.91,82.61,82.04,12529700,0,0,0
3,FB,2015-04-09,82.50,81.71,82.80,82.17,15927300,0,0,0
3,FB,2015-04-08,82.63,81.84,83.10,82.28,18966700,0,0,0
3,FB,2015-04-07,82.65,82.22,83.42,82.32,17467000,0,0,0
3,FB,2015-04-06,80.80,80.80,82.81,82.44,19062900,0,0,0
3,FB,2015-04-02,82.25,81.44,82.56,81.56,19664100,0,0,0
3,FB,2015-04-01,82.50,80.87,82.72,81.67,22058200,0,0,0
3,FB,2015-03-31,82.90,82.21,83.50,82.22,19734300,0,0,0
3,FB,2015-03-30,83.81,82.41,84.34,83.20,24527700,0,0,0
3,FB,2015-03-27,83.38,82.88,83.95,83.30,18372600,0,0,0
3,FB,2015-03-26,82.72,82.14,83.77,83.01,32794800,0,0,0
3,FB,2015-03-25,85.50,82.92,85.52,82.92,37436100,0,0,0
3,FB,2015-03-24,84.71,84.52,86.07,85.31,32576500,0,0,0
3,FB,2015-03-23,83.92,83.30,84.96,84.43,27357300,0,0,0
3,FB,2015-03-20,83.39,83.07,84.60,83.80,44466300,0,0,0
3,FB,2015-03-19,81.12,81.00,83.00,82.75,42099500,0,0,0
3,FB,2015-03-18,79.25,79.17,81.24,80.91,36912400,0,0,0
3,FB,2015-03-17,78.36,78.34,79.78,79.36,22170000,0,0,0
3,FB,2015-03-16,77.96,77.36,78.12,78.07,19305400,0,0,0
3,FB,2015-03-13,78.60,77.68,79.38,78.05,18557300,0,0,0
3,FB,2015-03-12,78.10,77.91,79.05,78.93,16093300,0,0,0
3,FB,2015-03-11,77.80,77.26,78.43,77.57,20215700,0,0,0
3,FB,2015-03-10,78.50,77.55,79.26,77.55,23067100,0,0,0
3,FB,2015-03-09,79.68,78.63,79.91,79.44,18925100,0,0,0
3,FB,2015-03-06,80.90,79.83,81.33,80.01,24488600,0,0,0
3,FB,2015-03-05,81.23,81.05,81.99,81.21,27825700,0,0,0
3,FB,2015-03-04,79.30,78.85,81.15,80.90,28126700,0,0,0
3,FB,2015-03-03,79.61,78.52,79.70,79.60,18635000,0,0,0
3,FB,2015-03-02,79.00,78.52,79.86,79.75,21662500,0,0,0
3,FB,2015-02-27,80.68,78.62,81.23,78.97,30739200,0,0,0
3,FB,2015-02-26,79.88,79.72,81.37,80.41,31111900,0,0,0
3,FB,2015-02-25,78.50,78.50,80.20,79.56,25593800,0,0,0
3,FB,2015-02-24,78.50,78.10,79.48,78.45,18897100,0,0,0
3,FB,2015-02-23,79.96,78.38,80.19,78.84,24139100,0,0,0
3,FB,2015-02-20,79.55,79.20,80.34,79.90,36931700,0,0,0
3,FB,2015-02-19,76.99,76.95,79.84,79.42,45851200,0,0,0
3,FB,2015-02-18,75.94,75.45,76.90,76.71,22426400,0,0,0
3,FB,2015-02-17,75.30,75.08,76.91,75.60,25254400,0,0,0
3,FB,2015-02-13,76.46,75.50,76.48,75.74,18621900,0,0,0
3,FB,2015-02-12,76.86,75.89,76.87,76.23,17235000,0,0,0
3,FB,2015-02-11,75.09,75.03,76.75,76.51,20877400,0,0,0
3,FB,2015-02-10,74.85,74.50,75.34,75.19,15811300,0,0,0
3,FB,2015-02-09,74.05,73.45,74.83,74.44,16194300,0,0,0
3,FB,2015-02-06,75.68,74.25,75.70,74.47,20989300,0,0,0
3,FB,2015-02-05,75.71,75.21,75.98,75.61,15062600,0,0,0
3,FB,2015-02-04,75.09,75.01,76.35,75.63,20277400,0,0,0
3,FB,2015-02-03,75.19,73.86,75.58,75.40,26957700,0,0,0
3,FB,2015-02-02,76.11,73.75,76.14,74.99,41955300,0,0,0
3,FB,2015-01-30,78.00,75.75,78.16,75.91,42649500,0,0,0
3,FB,2015-01-29,76.85,74.21,78.02,78.00,61293500,0,0,0
3,FB,2015-01-28,76.90,76.00,77.64,76.24,53306400,0,0,0
3,FB,2015-01-27,76.71,75.63,76.88,75.78,20110000,0,0,0
3,FB,2015-01-26,77.98,77.29,78.47,77.50,19260800,0,0,0
3,FB,2015-01-23,77.65,77.04,78.19,77.83,16746500,0,0,0
3,FB,2015-01-22,77.17,76.68,77.75,77.65,19519500,0,0,0
3,FB,2015-01-21,76.16,75.85,77.30,76.74,25096700,0,0,0
3,FB,2015-01-20,75.72,74.82,76.31,76.24,22821600,0,0,0
3,FB,2015-01-16,74.04,73.84,75.32,75.18,21791500,0,0,0
3,FB,2015-01-15,76.40,73.54,76.57,74.05,34134000,0,0,0
3,FB,2015-01-14,76.42,76.03,77.20,76.28,25918600,0,0,0
3,FB,2015-01-13,77.23,75.85,78.08,76.45,25179600,0,0,0
3,FB,2015-01-12,77.84,76.21,78.00,76.72,19190200,0,0,0
3,FB,2015-01-09,78.20,77.20,78.62,77.74,21157000,0,0,0
3,FB,2015-01-08,76.74,76.08,78.23,78.18,23961000,0,0,0
3,FB,2015-01-07,76.76,75.82,77.36,76.15,22045300,0,0,0
3,FB,2015-01-06,77.23,75.36,77.59,76.15,27399300,0,0,0
3,FB,2015-01-05,77.98,76.86,79.25,77.19,26452200,0,0,0
3,FB,2015-01-02,78.58,77.70,78.93,78.45,18177500,0,0,0
3,FB,2014-12-31,79.54,77.86,79.80,78.02,20040400,0,0,0
3,FB,2014-12-30,79.85,79.10,80.59,79.22,14370800,0,0,0
3,FB,2014-12-29,80.49,79.71,80.96,80.02,14134700,0,0,0
3,FB,2014-12-26,81.02,80.51,81.28,80.78,10647400,0,0,0
3,FB,2014-12-24,81.03,80.75,81.43,80.77,7685500,0,0,0
3,FB,2014-12-23,82.02,80.40,82.17,80.61,19865800,0,0,0
3,FB,2014-12-22,80.08,80.00,81.89,81.45,31395800,0,0,0
3,FB,2014-12-19,78.75,78.33,80.00,79.88,43335000,0,0,0
3,FB,2014-12-18,76.89,76.51,78.40,78.40,34222100,0,0,0
3,FB,2014-12-17,75.01,74.90,76.41,76.11,29203900,0,0,0
3,FB,2014-12-16,76.19,74.59,77.39,74.69,31554600,0,0,0
3,FB,2014-12-15,78.46,76.56,78.58,76.99,29396500,0,0,0
3,FB,2014-12-12,77.16,77.02,78.88,77.83,28091600,0,0,0
3,FB,2014-12-11,76.52,76.48,78.52,77.73,33462100,0,0,0
3,FB,2014-12-10,76.65,76.07,77.55,76.18,32210500,0,0,0
3,FB,2014-12-09,75.20,74.78,76.93,76.84,25358600,0,0,0
3,FB,2014-12-08,76.18,75.40,77.25,76.52,25733900,0,0,0
3,FB,2014-12-05,75.80,75.36,76.76,76.36,24306400,0,0,0
3,FB,2014-12-04,74.83,74.66,75.55,75.24,14362800,0,0,0
3,FB,2014-12-03,75.38,74.40,75.73,74.88,16689900,0,0,0
3,FB,2014-12-02,75.33,75.04,75.91,75.46,16724600,0,0,0
3,FB,2014-12-01,77.26,74.80,77.31,75.10,31789900,0,0,0
3,FB,2014-11-28,77.67,77.23,78.27,77.70,15992000,0,0,0
3,FB,2014-11-26,75.53,75.51,77.78,77.62,32695300,0,0,0
3,FB,2014-11-25,74.21,74.13,75.74,75.63,32250200,0,0,0
3,FB,2014-11-24,73.54,73.35,74.35,74.01,22103800,0,0,0
3,FB,2014-11-21,74.50,73.50,74.50,73.75,23055400,0,0,0
3,FB,2014-11-20,72.80,72.51,73.99,73.60,19154900,0,0,0
3,FB,2014-11-19,74.01,73.11,74.54,73.33,25441200,0,0,0
3,FB,2014-11-18,74.45,73.90,74.80,74.34,20690500,0,0,0
3,FB,2014-11-17,74.88,73.88,75.66,74.24,28701200,0,0,0
3,FB,2014-11-14,74.27,74.04,74.93,74.88,19476900,0,0,0
3,FB,2014-11-13,74.74,73.64,75.24,74.25,26448500,0,0,0
3,FB,2014-11-12,74.28,73.54,75.14,74.72,26536600,0,0,0
3,FB,2014-11-11,74.95,74.03,74.98,74.61,18715700,0,0,0
3,FB,2014-11-10,75.36,74.61,75.48,75.00,21575100,0,0,0
3,FB,2014-11-07,75.39,75.02,75.86,75.60,20774000,0,0,0
3,FB,2014-11-06,74.89,74.31,75.60,75.26,21383000,0,0,0
3,FB,2014-11-05,76.51,74.42,76.80,74.83,35913000,0,0,0
3,FB,2014-11-04,74.23,73.65,75.77,75.76,39326000,0,0,0
3,FB,2014-11-03,75.47,73.70,75.52,73.88,40727000,0,0,0
3,FB,2014-10-31,74.93,74.45,75.70,74.99,44544000,0,0,0
3,FB,2014-10-30,75.05,72.90,75.35,74.11,83270000,0,0,0
3,FB,2014-10-29,75.45,74.78,76.88,75.86,106120000,0,0,0
3,FB,2014-10-28,80.18,79.57,81.16,80.77,71343100,0,0,0
3,FB,2014-10-27,80.74,79.76,80.80,80.28,30169000,0,0,0
3,FB,2014-10-24,80.20,79.32,80.82,80.67,32248000,0,0,0
3,FB,2014-10-23,79.38,79.01,80.63,80.04,35056000,0,0,0
3,FB,2014-10-22,78.82,78.01,79.85,78.37,41808900,0,0,0
3,FB,2014-10-21,77.56,77.15,78.74,78.69,32252000,0,0,0
3,FB,2014-10-20,75.60,75.38,77.09,76.95,34701000,0,0,0
3,FB,2014-10-17,74.23,73.75,76.00,75.95,76342000,0,0,0
3,FB,2014-10-16,70.79,70.58,73.35,72.63,53529000,0,0,0
3,FB,2014-10-15,71.69,70.32,73.80,73.21,61528000,0,0,0
3,FB,2014-10-14,74.00,72.05,74.18,73.59,50299000,0,0,0
3,FB,2014-10-13,73.23,72.52,74.78,72.99,43938000,0,0,0
3,FB,2014-10-10,75.59,72.76,76.50,72.91,52146000,0,0,0
3,FB,2014-10-09,77.28,75.85,77.76,75.91,32487000,0,0,0
3,FB,2014-10-08,76.18,75.10,77.71,77.52,32976000,0,0,0
3,FB,2014-10-07,77.05,76.24,77.95,76.29,25317000,0,0,0
3,FB,2014-10-06,77.19,76.85,77.89,77.56,25729000,0,0,0
3,FB,2014-10-03,77.76,77.26,78.06,77.44,23340000,0,0,0
3,FB,2014-10-02,76.57,75.64,77.48,77.08,36488000,0,0,0
3,FB,2014-10-01,78.78,75.90,78.82,76.55,55090000,0,0,0
3,FB,2014-09-30,79.35,78.60,79.71,79.04,35899000,0,0,0
3,FB,2014-09-29,78.12,77.91,79.20,79.00,34031000,0,0,0
3,FB,2014-09-26,77.59,77.33,78.84,78.79,28872000,0,0,0
3,FB,2014-09-25,78.60,77.13,78.94,77.22,37533000,0,0,0
3,FB,2014-09-24,78.10,77.51,78.62,78.54,30680000,0,0,0
3,FB,2014-09-23,76.33,76.04,78.63,78.29,36814000,0,0,0
3,FB,2014-09-22,77.00,75.95,77.53,76.80,31961000,0,0,0
3,FB,2014-09-19,77.40,76.44,78.30,77.91,76671000,0,0,0
3,FB,2014-09-18,76.77,76.52,77.33,77.00,23031000,0,0,0
3,FB,2014-09-17,75.96,75.57,77.25,76.43,28693000,0,0,0
3,FB,2014-09-16,73.52,73.07,76.23,76.08,37742000,0,0,0
3,FB,2014-09-15,77.15,73.43,77.25,74.58,49679000,0,0,0
3,FB,2014-09-12,78.02,77.10,78.30,77.48,26744000,0,0,0
3,FB,2014-09-11,77.13,77.05,78.36,77.92,32219000,0,0,0
3,FB,2014-09-10,76.52,76.51,77.95,77.43,29909000,0,0,0
3,FB,2014-09-09,77.59,76.20,78.17,76.67,28882000,0,0,0
3,FB,2014-09-08,77.26,77.01,78.17,77.89,28183000,0,0,0
3,FB,2014-09-05,76.10,75.60,77.38,77.26,29476000,0,0,0
3,FB,2014-09-04,75.89,75.53,76.93,75.95,26676000,0,0,0
3,FB,2014-09-03,77.14,75.60,77.48,75.83,32389000,0,0,0
3,FB,2014-09-02,75.01,74.82,76.70,76.68,34979000,0,0,0
3,FB,2014-08-29,74.30,74.01,74.82,74.82,26241000,0,0,0
3,FB,2014-08-28,74.00,73.73,74.43,73.86,21947000,0,0,0
3,FB,2014-08-27,75.27,74.46,75.49,74.63,36323000,0,0,0
3,FB,2014-08-26,75.00,74.73,75.99,75.96,23993000,0,0,0
3,FB,2014-08-25,74.94,74.79,75.28,75.02,19734000,0,0,0
3,FB,2014-08-22,74.34,73.57,74.73,74.57,20897000,0,0,0
3,FB,2014-08-21,74.92,74.41,75.19,74.57,20102000,0,0,0
3,FB,2014-08-20,74.97,74.62,75.18,74.81,22917000,0,0,0
3,FB,2014-08-19,74.81,74.51,75.58,75.29,26679000,0,0,0
3,FB,2014-08-18,74.00,73.96,74.72,74.59,23974000,0,0,0
3,FB,2014-08-15,74.32,73.00,74.65,73.63,38846600,0,0,0
3,FB,2014-08-14,73.97,73.69,74.38,74.30,22207000,0,0,0
3,FB,2014-08-13,73.12,73.05,74.25,73.77,29266000,0,0,0
3,FB,2014-08-12,73.09,72.22,73.33,72.83,27419000,0,0,0
3,FB,2014-08-11,73.46,73.06,73.91,73.44,24591000,0,0,0
3,FB,2014-08-08,73.40,72.56,73.43,73.06,27202000,0,0,0
3,FB,2014-08-07,73.00,72.70,74.00,73.17,38141000,0,0,0
3,FB,2014-08-06,72.02,71.79,73.72,72.47,30986000,0,0,0
3,FB,2014-08-05,73.20,72.18,73.59,72.69,34986000,0,0,0
3,FB,2014-08-04,72.36,72.36,73.88,73.51,30777000,0,0,0
3,FB,2014-08-01,72.22,71.55,73.22,72.36,43535000,0,0,0
3,FB,2014-07-31,74.00,72.44,74.17,72.65,43992000,0,0,0
3,FB,2014-07-30,74.21,74.13,75.19,74.68,36853000,0,0,0
3,FB,2014-07-29,74.72,73.42,74.92,73.71,41324000,0,0,0
3,FB,2014-07-28,75.17,73.85,75.50,74.92,41725000,0,0,0
3,FB,2014-07-25,74.99,74.66,75.67,75.19,45917000,0,0,0
3,FB,2014-07-24,75.96,74.51,76.74,74.98,124168000,0,0,0
3,FB,2014-07-23,69.74,69.61,71.33,71.29,78435000,0,0,0
3,FB,2014-07-22,69.76,68.61,69.77,69.27,40398000,0,0,0
3,FB,2014-07-21,68.81,68.50,69.96,69.40,49539000,0,0,0
3,FB,2014-07-18,66.80,66.16,68.46,68.42,42456000,0,0,0
3,FB,2014-07-17,67.03,66.04,67.85,66.41,38188000,0,0,0
3,FB,2014-07-16,67.54,67.07,67.94,67.66,29594000,0,0,0
3,FB,2014-07-15,67.96,66.26,68.09,67.17,44213200,0,0,0
3,FB,2014-07-14,67.13,66.90,68.17,67.90,38537000,0,0,0
3,FB,2014-07-11,65.28,64.79,66.59,66.34,39212000,0,0,0
3,FB,2014-07-10,63.31,63.05,65.34,64.87,44422000,0,0,0
3,FB,2014-07-09,63.41,63.15,65.12,64.97,51432000,0,0,0
3,FB,2014-07-08,65.06,62.21,65.56,62.76,68926000,0,0,0
3,FB,2014-07-07,66.30,65.12,66.57,65.29,28745000,0,0,0
3,FB,2014-07-03,66.86,65.76,67.00,66.29,25203200,0,0,0
3,FB,2014-07-02,68.04,65.79,68.30,66.45,41895000,0,0,0
3,FB,2014-07-01,67.58,67.39,68.44,68.06,33243000,0,0,0
3,FB,2014-06-30,67.46,67.13,67.92,67.29,27202000,0,0,0
3,FB,2014-06-27,67.31,66.84,67.70,67.60,46461000,0,0,0
3,FB,2014-06-26,68.00,66.90,68.00,67.13,47714000,0,0,0
3,FB,2014-06-25,65.58,65.57,67.48,67.44,44308000,0,0,0
3,FB,2014-06-24,65.36,65.27,67.17,65.72,57335000,0,0,0
3,FB,2014-06-23,64.32,64.22,65.66,65.37,34560000,0,0,0
3,FB,2014-06-20,64.46,63.35,64.81,64.50,46466000,0,0,0
3,FB,2014-06-19,65.46,64.21,65.58,64.34,34245000,0,0,0
3,FB,2014-06-18,64.49,64.05,65.75,65.60,35570000,0,0,0
3,FB,2014-06-17,64.10,63.93,64.88,64.40,27715000,0,0,0
3,FB,2014-06-16,64.16,63.75,64.88,64.19,31046000,0,0,0
3,FB,2014-06-13,64.70,63.83,64.97,64.50,29419000,0,0,0
3,FB,2014-06-12,65.85,64.06,66.47,64.29,55730000,0,0,0
3,FB,2014-06-11,65.32,64.90,65.80,65.78,44242000,0,0,0
3,FB,2014-06-10,63.53,63.50,65.82,65.77,69206900,0,0,0
3,FB,2014-06-09,62.40,61.79,63.34,62.88,37617000,0,0,0
3,FB,2014-06-06,63.37,62.15,63.48,62.50,42442000,0,0,0
3,FB,2014-06-05,63.66,62.82,64.36,63.19,47352000,0,0,0
3,FB,2014-06-04,62.45,62.07,63.59,63.34,36514000,0,0,0
3,FB,2014-06-03,62.62,62.32,63.42,62.87,32217000,0,0,0
3,FB,2014-06-02,63.23,62.05,63.59,63.08,35947400,0,0,0
3,FB,2014-05-30,63.95,62.56,64.17,63.30,45253500,0,0,0
3,FB,2014-05-29,63.84,63.51,64.30,63.83,42700000,0,0,0
3,FB,2014-05-28,63.39,62.62,64.14,63.51,47795000,0,0,0
3,FB,2014-05-27,61.62,61.57,63.51,63.48,55682000,0,0,0
3,FB,2014-05-23,60.41,60.15,61.45,61.35,38294000,0,0,0
3,FB,2014-05-22,60.94,60.40,61.48,60.52,54200000,0,0,0
3,FB,2014-05-21,58.56,58.25,60.50,60.49,58992000,0,0,0
3,FB,2014-05-20,59.50,58.18,60.19,58.56,53931000,0,0,0
3,FB,2014-05-19,57.89,57.57,59.56,59.21,43034000,0,0,0
3,FB,2014-05-16,58.31,57.31,58.45,58.02,47933000,0,0,0
3,FB,2014-05-15,59.26,57.52,59.38,57.92,56814000,0,0,0
3,FB,2014-05-14,59.53,58.95,60.45,59.23,47429000,0,0,0
3,FB,2014-05-13,59.66,59.51,60.89,59.83,48525000,0,0,0
3,FB,2014-05-12,57.98,57.98,59.90,59.83,48575000,0,0,0
3,FB,2014-05-09,56.85,56.38,57.65,57.24,52584000,0,0,0
3,FB,2014-05-08,57.23,56.50,58.82,56.76,61251000,0,0,0
3,FB,2014-05-07,58.77,56.26,59.30,57.39,78587000,0,0,0
3,FB,2014-05-06,60.98,58.49,61.15,58.53,55901000,0,0,0
3,FB,2014-05-05,59.67,59.18,61.35,61.22,46057000,0,0,0
3,FB,2014-05-02,61.30,60.18,61.89,60.46,54189000,0,0,0
3,FB,2014-05-01,60.43,60.21,62.28,61.15,82429000,0,0,0
3,FB,2014-04-30,57.58,57.16,59.85,59.78,76093000,0,0,0
3,FB,2014-04-29,56.09,55.84,58.28,58.15,75557000,0,0,0
3,FB,2014-04-28,58.05,54.66,58.31,56.14,107758000,0,0,0
3,FB,2014-04-25,59.97,57.57,60.01,57.71,92502000,0,0,0
3,FB,2014-04-24,63.60,59.77,63.65,60.87,138769000,0,0,0
3,FB,2014-04-23,63.45,61.26,63.48,61.36,96565000,0,0,0
3,FB,2014-04-22,62.65,62.22,63.44,63.03,60631000,0,0,0
3,FB,2014-04-21,59.46,59.15,61.24,61.24,60364000,0,0,0
3,FB,2014-04-17,59.30,58.72,60.58,58.94,88040000,0,0,0
3,FB,2014-04-16,59.79,57.74,60.19,59.72,78774000,0,0,0
3,FB,2014-04-15,59.29,55.88,59.68,59.09,108623000,0,0,0
3,FB,2014-04-14,60.09,57.78,60.45,58.89,72325000,0,0,0
3,FB,2014-04-11,57.60,57.31,60.31,58.53,91452000,0,0,0
3,FB,2014-04-10,63.08,58.68,63.18,59.16,114988000,0,0,0
3,FB,2014-04-09,59.63,59.19,62.46,62.41,100215000,0,0,0
3,FB,2014-04-08,57.68,57.17,58.71,58.19,78836000,0,0,0
3,FB,2014-04-07,55.90,55.44,58.00,56.95,108488000,0,0,0
3,FB,2014-04-04,59.94,56.32,60.20,56.75,125214400,0,0,0
3,FB,2014-04-03,62.55,59.13,63.17,59.49,83859000,0,0,0
3,FB,2014-04-02,63.21,62.21,63.91,62.72,66277000,0,0,0
3,FB,2014-04-01,60.46,60.24,62.66,62.62,59291000,0,0,0
3,FB,2014-03-31,60.78,59.87,61.52,60.24,53011000,0,0,0
3,FB,2014-03-28,61.34,59.34,61.95,60.01,67052000,0,0,0
3,FB,2014-03-27,60.51,57.98,61.90,60.97,112650000,0,0,0
3,FB,2014-03-26,64.74,60.37,64.95,60.39,97503900,0,0,0
3,FB,2014-03-25,64.89,63.78,66.19,64.89,68786000,0,0,0
3,FB,2014-03-24,67.19,63.36,67.36,64.10,85696000,0,0,0
3,FB,2014-03-21,67.53,66.18,67.92,67.24,59999900,0,0,0
3,FB,2014-03-20,68.01,66.82,68.23,66.97,44439000,0,0,0
3,FB,2014-03-19,69.17,67.47,69.29,68.24,43981000,0,0,0
3,FB,2014-03-18,68.76,68.30,69.60,69.19,40827000,0,0,0
3,FB,2014-03-17,68.18,66.62,68.95,68.74,52197000,0,0,0
3,FB,2014-03-14,68.49,67.46,69.43,67.72,48227000,0,0,0
3,FB,2014-03-13,71.29,68.15,71.35,68.83,57091000,0,0,0
3,FB,2014-03-12,69.86,69.00,71.35,70.88,46340500,0,0,0
3,FB,2014-03-11,72.50,69.96,72.59,70.10,59408300,0,0,0
3,FB,2014-03-10,70.77,70.51,72.15,72.03,59871600,0,0,0
3,FB,2014-03-07,71.08,69.47,71.18,69.80,38927000,0,0,0
3,FB,2014-03-06,71.88,70.25,71.89,70.84,46026500,0,0,0
3,FB,2014-03-05,69.69,69.62,71.97,71.57,74567700,0,0,0
3,FB,2014-03-04,68.66,67.62,68.90,68.80,42013500,0,0,0
3,FB,2014-03-03,66.96,66.51,68.05,67.41,56824100,0,0,0
3,FB,2014-02-28,69.47,67.38,69.88,68.46,66783700,0,0,0
3,FB,2014-02-27,69.34,68.87,70.01,68.94,41653700,0,0,0
3,FB,2014-02-26,70.19,68.85,71.22,69.26,55322700,0,0,0
3,FB,2014-02-25,70.95,69.45,71.00,69.85,52077000,0,0,0
3,FB,2014-02-24,68.74,68.54,71.44,70.78,76620300,0,0,0
3,FB,2014-02-21,69.69,68.45,69.96,68.59,70932400,0,0,0
3,FB,2014-02-20,67.73,65.73,70.11,69.63,130928900,0,0,0
3,FB,2014-02-19,67.05,67.00,69.08,68.06,62087100,0,0,0
3,FB,2014-02-18,66.94,66.07,67.54,67.30,43809900,0,0,0
3,FB,2014-02-14,67.50,66.72,67.58,67.09,36694900,0,0,0
3,FB,2014-02-13,64.18,64.05,67.33,67.33,61911700,0,0,0
3,FB,2014-02-12,64.92,64.05,65.06,64.45,47282100,0,0,0
3,FB,2014-02-11,63.75,63.35,65.00,64.85,45675600,0,0,0
3,FB,2014-02-10,64.30,63.47,64.49,63.55,43666100,0,0,0
3,FB,2014-02-07,62.27,62.22,64.57,64.32,60704300,0,0,0
3,FB,2014-02-06,61.46,61.46,62.78,62.16,42086500,0,0,0
3,FB,2014-02-05,62.74,61.27,63.16,62.19,51685100,0,0,0
3,FB,2014-02-04,62.05,61.82,63.14,62.75,45985500,0,0,0
3,FB,2014-02-03,63.03,60.70,63.77,61.48,74866600,0,0,0
3,FB,2014-01-31,60.47,60.17,63.37,62.57,87794600,0,0,0
3,FB,2014-01-30,62.12,60.46,62.50,61.08,150178900,0,0,0
3,FB,2014-01-29,54.61,53.19,54.95,53.53,92995600,0,0,0
3,FB,2014-01-28,54.02,54.00,55.28,55.14,48191200,0,0,0
3,FB,2014-01-27,54.73,51.85,54.94,53.55,73924100,0,0,0
3,FB,2014-01-24,56.15,54.40,56.42,54.45,55200700,0,0,0
3,FB,2014-01-23,56.37,55.69,56.68,56.63,47951800,0,0,0
3,FB,2014-01-22,58.85,57.10,59.31,57.51,61352900,0,0,0
3,FB,2014-01-21,56.60,56.50,58.58,58.51,48669200,0,0,0
3,FB,2014-01-17,57.30,56.07,57.82,56.30,40849200,0,0,0
3,FB,2014-01-16,57.26,56.83,58.02,57.19,34541800,0,0,0
3,FB,2014-01-15,57.98,57.27,58.57,57.60,33663400,0,0,0
3,FB,2014-01-14,56.46,56.10,57.78,57.74,37503600,0,0,0
3,FB,2014-01-13,57.91,55.38,58.25,55.91,63010900,0,0,0
3,FB,2014-01-10,57.13,57.06,58.30,57.94,42449500,0,0,0
3,FB,2014-01-09,58.65,56.65,58.96,57.22,92253300,0,0,0
3,FB,2014-01-08,57.60,57.23,58.41,58.23,56682400,0,0,0
3,FB,2014-01-07,57.70,57.22,58.55,57.92,77207400,0,0,0
3,FB,2014-01-06,54.42,54.05,57.26,57.20,68852600,0,0,0
3,FB,2014-01-03,55.02,54.53,55.65,54.56,38246200,0,0,0
3,FB,2014-01-02,54.83,54.19,55.22,54.71,43195500,0,0,0
3,FB,2013-12-31,54.12,53.91,54.86,54.65,43076200,0,0,0
3,FB,2013-12-30,54.93,53.43,55.18,53.71,68307000,0,0,0
3,FB,2013-12-27,57.48,55.25,57.68,55.44,60466000,0,0,0
3,FB,2013-12-26,58.32,57.37,58.38,57.73,55101000,0,0,0
3,FB,2013-12-24,58.27,56.91,58.58,57.96,46617800,0,0,0
3,FB,2013-12-23,55.50,55.45,58.32,57.77,98297000,0,0,0
3,FB,2013-12-20,54.93,54.23,55.15,55.12,239824000,0,0,0
3,FB,2013-12-19,54.33,53.95,55.19,55.05,89753200,0,0,0
3,FB,2013-12-18,54.86,53.75,55.89,55.57,76003000,0,0,0
3,FB,2013-12-17,54.76,54.24,55.18,54.86,78751000,0,0,0
3,FB,2013-12-16,53.25,52.91,54.50,53.81,85119000,0,0,0
3,FB,2013-12-13,51.66,51.34,53.50,53.32,82641000,0,0,0
3,FB,2013-12-12,51.05,50.66,52.07,51.83,92723000,0,0,0
3,FB,2013-12-11,50.55,49.01,50.77,49.38,65776000,0,0,0
3,FB,2013-12-10,48.64,48.54,50.77,50.25,68479000,0,0,0
3,FB,2013-12-09,48.09,47.74,48.97,48.84,36056000,0,0,0
3,FB,2013-12-06,48.98,47.71,49.39,47.94,42938000,0,0,0
3,FB,2013-12-05,48.15,47.87,48.70,48.34,43855000,0,0,0
3,FB,2013-12-04,46.46,46.26,48.77,48.62,60890000,0,0,0
3,FB,2013-12-03,46.75,46.29,47.20,46.73,32086000,0,0,0
3,FB,2013-12-02,46.90,46.26,47.54,47.06,50774000,0,0,0
3,FB,2013-11-29,46.75,46.50,47.21,47.01,22953900,0,0,0
3,FB,2013-11-27,45.97,45.53,46.67,46.49,44993000,0,0,0
3,FB,2013-11-26,44.66,43.55,46.17,45.89,82016000,0,0,0
3,FB,2013-11-25,46.36,44.04,46.65,44.82,82565000,0,0,0
3,FB,2013-11-22,47.04,45.96,47.27,46.23,40545000,0,0,0
3,FB,2013-11-21,46.99,46.69,47.46,46.70,34886000,0,0,0
3,FB,2013-11-20,46.61,46.31,47.55,46.43,53933000,0,0,0
3,FB,2013-11-19,46.26,45.72,47.00,46.36,75602000,0,0,0
3,FB,2013-11-18,48.47,45.80,48.84,45.83,85910000,0,0,0
3,FB,2013-11-15,49.11,48.71,49.48,49.01,42453000,0,0,0
3,FB,2013-11-14,48.70,48.03,49.57,48.99,75117000,0,0,0
3,FB,2013-11-13,46.23,46.06,48.74,48.71,79245000,0,0,0
3,FB,2013-11-12,46.00,45.83,47.37,46.61,68196000,0,0,0
3,FB,2013-11-11,47.04,45.73,47.53,46.20,80910000,0,0,0
3,FB,2013-11-08,47.81,47.25,48.65,47.53,70731000,0,0,0
3,FB,2013-11-07,49.24,47.30,49.87,47.56,97128000,0,0,0
3,FB,2013-11-06,50.26,48.71,50.45,49.12,67889000,0,0,0
3,FB,2013-11-05,47.79,47.51,50.18,50.11,76835000,0,0,0
3,FB,2013-11-04,49.37,48.02,49.75,48.22,80371000,0,0,0
3,FB,2013-11-01,50.85,49.72,52.09,49.75,95033000,0,0,0
3,FB,2013-10-31,47.16,46.50,52.00,50.21,248809000,0,0,0
3,FB,2013-10-30,50.00,48.75,50.21,49.01,127073000,0,0,0
3,FB,2013-10-29,50.73,49.25,50.79,49.40,102143000,0,0,0
3,FB,2013-10-28,51.54,49.61,51.70,50.23,73472000,0,0,0
3,FB,2013-10-25,53.18,51.88,53.24,51.95,45085000,0,0,0
3,FB,2013-10-24,52.38,51.59,52.84,52.45,46775000,0,0,0
3,FB,2013-10-23,51.75,51.13,52.25,51.90,57207000,0,0,0
3,FB,2013-10-22,54.33,52.20,54.76,52.68,83204000,0,0,0
3,FB,2013-10-21,54.68,53.51,54.81,53.85,58235000,0,0,0
3,FB,2013-10-18,54.18,53.60,54.83,54.22,88260000,0,0,0
3,FB,2013-10-17,51.12,50.95,52.22,52.21,71522000,0,0,0
3,FB,2013-10-16,50.04,49.90,51.24,51.14,64678000,0,0,0
3,FB,2013-10-15,49.99,49.18,51.00,49.50,81167000,0,0,0
3,FB,2013-10-14,48.31,47.91,49.63,49.51,68781000,0,0,0
3,FB,2013-10-11,49.18,48.79,49.87,49.11,58428000,0,0,0
3,FB,2013-10-10,47.87,47.83,49.68,49.05,99774000,0,0,0
3,FB,2013-10-09,47.38,45.26,47.84,46.77,147297000,0,0,0
3,FB,2013-10-08,50.60,47.08,50.60,47.14,136081000,0,0,0
3,FB,2013-10-07,50.73,50.40,51.29,50.52,57204000,0,0,0
3,FB,2013-10-04,49.77,49.57,51.16,51.04,74447000,0,0,0
3,FB,2013-10-03,50.47,49.06,50.72,49.18,82045000,0,0,0
3,FB,2013-10-02,50.13,49.95,51.10,50.28,62834000,0,0,0
3,FB,2013-10-01,49.97,49.45,51.03,50.42,98114000,0,0,0
3,FB,2013-09-30,50.14,49.80,51.60,50.23,100095000,0,0,0
3,FB,2013-09-27,50.29,49.86,51.28,51.24,81410500,0,0,0
3,FB,2013-09-26,50.01,49.50,50.60,50.39,98220100,0,0,0
3,FB,2013-09-25,49.23,48.46,49.54,49.46,87879700,0,0,0
3,FB,2013-09-24,48.51,48.16,49.66,48.45,136716100,0,0,0
3,FB,2013-09-23,47.28,46.29,47.55,47.19,75177000,0,0,0
3,FB,2013-09-20,46.32,45.74,47.60,47.49,115508400,0,0,0
3,FB,2013-09-19,45.51,45.23,46.05,45.98,63972400,0,0,0
3,FB,2013-09-18,44.84,44.40,45.47,45.23,79317000,0,0,0
3,FB,2013-09-17,42.50,42.43,45.44,45.07,91934600,0,0,0
3,FB,2013-09-16,44.85,42.43,44.94,42.51,70424200,0,0,0
3,FB,2013-09-13,45.04,43.93,45.08,44.31,52765300,0,0,0
3,FB,2013-09-12,45.53,44.65,45.62,44.75,68072300,0,0,0
3,FB,2013-09-11,43.39,43.11,45.09,45.04,72328300,0,0,0
3,FB,2013-09-10,44.24,43.23,44.26,43.60,54540300,0,0,0
3,FB,2013-09-09,44.36,43.70,44.79,44.04,75794700,0,0,0
3,FB,2013-09-06,43.09,42.40,44.61,43.95,117535700,0,0,0
3,FB,2013-09-05,41.79,41.77,42.77,42.66,50035400,0,0,0
3,FB,2013-09-04,42.01,41.44,42.17,41.78,42581900,0,0,0
3,FB,2013-09-03,41.84,41.51,42.16,41.87,48774900,0,0,0
3,FB,2013-08-30,42.02,41.06,42.26,41.29,67735100,0,0,0
3,FB,2013-08-29,40.89,40.80,41.78,41.28,58303400,0,0,0
3,FB,2013-08-28,39.96,39.88,40.85,40.55,57918200,0,0,0
3,FB,2013-08-27,40.68,39.42,41.20,39.64,72695100,0,0,0
3,FB,2013-08-26,40.90,40.62,41.94,41.34,94162400,0,0,0
3,FB,2013-08-23,39.00,38.93,40.63,40.55,86442300,0,0,0
3,FB,2013-08-22,38.37,38.34,38.75,38.55,21931200,0,0,0
3,FB,2013-08-21,38.38,38.15,38.85,38.32,46116900,0,0,0
3,FB,2013-08-20,38.35,37.69,38.58,38.41,57995200,0,0,0
3,FB,2013-08-19,37.43,37.14,38.28,37.81,57609600,0,0,0
3,FB,2013-08-16,36.97,36.90,37.49,37.08,45840800,0,0,0
3,FB,2013-08-15,36.36,36.02,37.07,36.56,56521100,0,0,0
3,FB,2013-08-14,36.83,36.62,37.55,36.65,48423900,0,0,0
3,FB,2013-08-13,38.24,36.77,38.32,37.02,65379200,0,0,0
3,FB,2013-08-12,38.20,38.10,38.50,38.22,31161000,0,0,0
3,FB,2013-08-09,38.59,38.01,38.74,38.50,43532300,0,0,0
3,FB,2013-08-08,39.13,38.43,39.19,38.54,41301000,0,0,0
3,FB,2013-08-07,38.61,37.70,38.94,38.87,68854800,0,0,0
3,FB,2013-08-06,39.11,37.94,39.25,38.55,63950800,0,0,0
3,FB,2013-08-05,38.43,38.25,39.32,39.19,79994800,0,0,0
3,FB,2013-08-02,37.66,37.50,38.49,38.05,73058500,0,0,0
3,FB,2013-08-01,37.30,36.92,38.29,37.49,106066500,0,0,0
3,FB,2013-07-31,37.96,36.33,38.31,36.80,154828700,0,0,0
3,FB,2013-07-30,35.65,35.32,37.96,37.63,173582800,0,0,0
3,FB,2013-07-29,34.07,34.01,35.63,35.43,124718800,0,0,0
3,FB,2013-07-26,33.77,33.56,34.73,34.01,136028900,0,0,0
3,FB,2013-07-25,33.54,32.75,34.88,34.36,365457900,0,0,0
3,FB,2013-07-24,26.32,26.05,26.53,26.51,82635600,0,0,0
3,FB,2013-07-23,26.10,25.97,26.30,26.13,28221600,0,0,0
3,FB,2013-07-22,25.99,25.72,26.13,26.05,27526300,0,0,0
3,FB,2013-07-19,25.82,25.60,26.11,25.88,46539700,0,0,0
3,FB,2013-07-18,26.75,26.12,26.77,26.18,24806900,0,0,0
3,FB,2013-07-17,26.37,26.30,26.78,26.65,21518500,0,0,0
3,FB,2013-07-16,26.39,26.01,26.75,26.32,30817600,0,0,0
3,FB,2013-07-15,25.93,25.65,26.43,26.28,24234000,0,0,0
3,FB,2013-07-12,25.74,25.55,25.93,25.91,16537900,0,0,0
3,FB,2013-07-11,25.96,25.45,26.00,25.81,26777400,0,0,0
3,FB,2013-07-10,25.58,25.47,25.83,25.80,26721800,0,0,0
3,FB,2013-07-09,25.07,25.03,25.49,25.48,30387900,0,0,0
3,FB,2013-07-08,24.47,24.42,25.04,24.71,27064600,0,0,0
3,FB,2013-07-05,24.65,24.20,24.66,24.37,20229500,0,0,0
3,FB,2013-07-03,24.22,24.15,24.71,24.52,10404400,0,0,0
3,FB,2013-07-02,24.70,24.30,24.77,24.41,18394100,0,0,0
3,FB,2013-07-01,24.97,24.62,25.06,24.81,20582200,0,0,0
3,FB,2013-06-28,24.68,24.42,24.98,24.88,96778900,0,0,0
3,FB,2013-06-27,24.24,24.21,24.84,24.66,34694100,0,0,0
3,FB,2013-06-26,24.51,23.99,24.65,24.16,29890300,0,0,0
3,FB,2013-06-25,24.14,24.04,24.43,24.25,24713200,0,0,0
3,FB,2013-06-24,23.95,23.38,24.11,23.94,40626000,0,0,0
3,FB,2013-06-21,24.59,24.05,24.70,24.53,45833900,0,0,0
3,FB,2013-06-20,24.28,23.65,24.75,23.90,42765600,0,0,0
3,FB,2013-06-19,24.20,24.10,25.19,24.31,31790600,0,0,0
3,FB,2013-06-18,24.09,24.08,24.69,24.21,36709100,0,0,0
3,FB,2013-06-17,23.91,23.75,24.25,24.02,33664500,0,0,0
3,FB,2013-06-14,23.56,23.26,23.89,23.63,30677100,0,0,0
3,FB,2013-06-13,23.72,23.27,23.83,23.73,31189300,0,0,0
3,FB,2013-06-12,24.16,23.58,24.26,23.77,26445800,0,0,0
3,FB,2013-06-11,24.03,24.00,24.35,24.03,29885900,0,0,0
3,FB,2013-06-10,24.06,23.99,24.60,24.33,58393000,0,0,0
3,FB,2013-06-07,23.03,22.86,23.40,23.29,38699200,0,0,0
3,FB,2013-06-06,22.99,22.67,23.09,22.97,31260700,0,0,0
3,FB,2013-06-05,23.35,22.79,23.71,22.90,53819700,0,0,0
3,FB,2013-06-04,23.89,23.32,23.93,23.52,34760800,0,0,0
3,FB,2013-06-03,24.27,23.71,24.32,23.85,35733800,0,0,0
3,FB,2013-05-31,24.63,24.27,24.95,24.35,35925000,0,0,0
3,FB,2013-05-30,24.13,23.93,24.78,24.55,60733200,0,0,0
3,FB,2013-05-29,23.79,23.26,23.81,23.32,64237800,0,0,0
3,FB,2013-05-28,24.54,23.92,24.54,24.10,50079700,0,0,0
3,FB,2013-05-24,24.97,24.08,24.97,24.31,58727900,0,0,0
3,FB,2013-05-23,24.80,24.77,25.53,25.06,37663100,0,0,0
3,FB,2013-05-22,25.65,24.92,25.85,25.16,45314500,0,0,0
3,FB,2013-05-21,25.87,25.59,26.08,25.66,26261300,0,0,0
3,FB,2013-05-20,26.18,25.69,26.19,25.76,42402900,0,0,0
3,FB,2013-05-17,26.40,26.20,26.60,26.25,29462700,0,0,0
3,FB,2013-05-16,26.48,25.90,26.55,26.13,35499100,0,0,0
3,FB,2013-05-15,26.92,26.40,26.99,26.60,30299800,0,0,0
3,FB,2013-05-14,26.89,26.82,27.28,27.07,24930300,0,0,0
3,FB,2013-05-13,26.60,26.53,27.33,26.82,29068800,0,0,0
3,FB,2013-05-10,27.14,26.57,27.30,26.68,30847100,0,0,0
3,FB,2013-05-09,27.08,26.85,27.55,27.04,33457200,0,0,0
3,FB,2013-05-08,26.88,26.65,27.30,27.12,34654900,0,0,0
3,FB,2013-05-07,27.55,26.85,27.85,26.89,41259100,0,0,0
3,FB,2013-05-06,28.33,27.48,28.46,27.57,43939400,0,0,0
3,FB,2013-05-03,29.04,28.15,29.07,28.31,58506400,0,0,0
3,FB,2013-05-02,28.01,27.98,29.02,28.97,104257000,0,0,0
3,FB,2013-05-01,27.85,27.31,27.92,27.43,64567600,0,0,0
3,FB,2013-04-30,27.13,27.01,27.85,27.77,36245700,0,0,0
3,FB,2013-04-29,27.16,26.86,27.41,26.98,29201100,0,0,0
3,FB,2013-04-26,26.60,26.60,27.62,26.85,33018000,0,0,0
3,FB,2013-04-25,26.07,26.00,26.40,26.14,17150000,0,0,0
3,FB,2013-04-24,25.93,25.80,26.40,26.11,19729900,0,0,0
3,FB,2013-04-23,26.22,25.77,26.33,25.98,25191500,0,0,0
3,FB,2013-04-22,25.81,25.70,26.36,25.97,25687600,0,0,0
3,FB,2013-04-19,25.62,25.33,25.96,25.73,20380900,0,0,0
3,FB,2013-04-18,26.82,25.15,26.82,25.69,39059000,0,0,0
3,FB,2013-04-17,26.65,26.39,27.20,26.63,26440600,0,0,0
3,FB,2013-04-16,26.81,26.40,27.11,26.92,27365900,0,0,0
3,FB,2013-04-15,27.16,26.36,27.48,26.52,30275400,0,0,0
3,FB,2013-04-12,28.00,27.24,28.00,27.40,28697400,0,0,0
3,FB,2013-04-11,27.48,27.25,28.10,28.02,33368500,0,0,0
3,FB,2013-04-10,27.01,26.90,27.84,27.57,45949400,0,0,0
3,FB,2013-04-09,26.58,26.42,26.89,26.59,21311100,0,0,0
3,FB,2013-04-08,27.19,26.63,27.20,26.85,27256000,0,0,0
3,FB,2013-04-05,26.86,26.61,27.80,27.39,64566600,0,0,0
3,FB,2013-04-04,26.62,26.11,27.23,27.07,82016800,0,0,0
3,FB,2013-04-03,25.83,25.70,26.39,26.25,48195200,0,0,0
3,FB,2013-04-02,25.77,25.30,26.12,25.42,35153300,0,0,0
3,FB,2013-04-01,25.63,25.28,25.89,25.53,22249300,0,0,0
3,FB,2013-03-28,26.09,25.52,26.17,25.58,28585700,0,0,0
3,FB,2013-03-27,25.00,24.72,26.28,26.09,52297400,0,0,0
3,FB,2013-03-26,25.08,25.03,25.48,25.21,26957200,0,0,0
3,FB,2013-03-25,25.75,25.08,25.80,25.13,39199000,0,0,0
3,FB,2013-03-22,25.80,25.63,26.01,25.73,18456300,0,0,0
3,FB,2013-03-21,25.66,25.56,26.11,25.74,24336100,0,0,0
3,FB,2013-03-20,26.68,25.78,26.69,25.86,44006500,0,0,0
3,FB,2013-03-19,26.53,26.21,26.90,26.55,25254200,0,0,0
3,FB,2013-03-18,26.37,25.78,26.79,26.49,26653700,0,0,0
3,FB,2013-03-15,27.03,26.56,27.06,26.65,31597400,0,0,0
3,FB,2013-03-14,27.10,26.83,27.43,27.04,27646400,0,0,0
3,FB,2013-03-13,27.62,26.92,27.65,27.08,39619500,0,0,0
3,FB,2013-03-12,28.10,27.60,28.32,27.83,27569600,0,0,0
3,FB,2013-03-11,28.01,27.83,28.64,28.14,35642100,0,0,0
3,FB,2013-03-08,28.43,27.73,28.47,27.96,44198900,0,0,0
3,FB,2013-03-07,27.57,27.47,28.68,28.58,74540200,0,0,0
3,FB,2013-03-06,28.10,27.35,28.13,27.45,33532600,0,0,0
3,FB,2013-03-05,27.88,27.21,28.18,27.52,40622200,0,0,0
3,FB,2013-03-04,27.76,27.44,28.06,27.72,32400700,0,0,0
3,FB,2013-03-01,27.05,26.81,28.12,27.78,54064800,0,0,0
3,FB,2013-02-28,26.84,26.34,27.30,27.25,83027800,0,0,0
3,FB,2013-02-27,27.34,26.63,27.34,26.87,44319700,0,0,0
3,FB,2013-02-26,27.36,26.70,27.46,27.39,31611700,0,0,0
3,FB,2013-02-25,27.16,27.15,27.64,27.27,34652000,0,0,0
3,FB,2013-02-22,27.62,26.82,27.63,27.13,36350200,0,0,0
3,FB,2013-02-21,28.28,27.15,28.55,27.28,49642300,0,0,0
3,FB,2013-02-20,28.92,28.33,29.05,28.46,42098200,0,0,0
3,FB,2013-02-19,28.23,28.12,29.08,28.93,49396400,0,0,0
3,FB,2013-02-15,28.52,28.09,28.75,28.32,33109300,0,0,0
3,FB,2013-02-14,28.02,28.01,28.63,28.50,35615800,0,0,0
3,FB,2013-02-13,27.36,27.31,28.32,27.91,50164000,0,0,0
3,FB,2013-02-12,27.67,27.10,28.16,27.37,93498700,0,0,0
3,FB,2013-02-11,28.61,28.04,28.68,28.26,37361800,0,0,0
3,FB,2013-02-08,28.89,28.51,29.17,28.55,37708800,0,0,0
3,FB,2013-02-07,29.11,28.27,29.15,28.65,34540100,0,0,0
3,FB,2013-02-06,28.74,28.66,29.29,29.05,38375900,0,0,0
3,FB,2013-02-05,28.26,28.04,28.96,28.64,47948200,0,0,0
3,FB,2013-02-04,29.06,28.01,29.20,28.11,92362200,0,0,0
3,FB,2013-02-01,31.01,29.63,31.02,29.73,85856700,0,0,0
3,FB,2013-01-31,29.15,28.74,31.47,30.98,190744900,0,0,0
3,FB,2013-01-30,30.98,30.88,31.49,31.24,87682100,0,0,0
3,FB,2013-01-29,32.00,30.71,32.07,30.79,72976500,0,0,0
3,FB,2013-01-28,31.88,31.81,32.51,32.47,59682500,0,0,0
3,FB,2013-01-25,31.41,31.13,31.93,31.54,54363600,0,0,0
3,FB,2013-01-24,31.27,30.81,31.49,31.08,43845100,0,0,0
3,FB,2013-01-23,31.10,30.80,31.50,30.82,48899800,0,0,0
3,FB,2013-01-22,29.75,29.74,30.89,30.73,55243300,0,0,0
3,FB,2013-01-18,30.31,29.27,30.44,29.66,49631500,0,0,0
3,FB,2013-01-17,30.08,30.03,30.42,30.14,40256700,0,0,0
3,FB,2013-01-16,30.21,29.53,30.35,29.85,75332700,0,0,0
3,FB,2013-01-15,30.64,29.88,31.71,30.10,173242600,0,0,0
3,FB,2013-01-14,32.08,30.62,32.21,30.95,98892800,0,0,0
3,FB,2013-01-11,31.28,31.10,31.96,31.72,89598000,0,0,0
3,FB,2013-01-10,30.60,30.28,31.45,31.30,95316400,0,0,0
3,FB,2013-01-09,29.67,29.49,30.60,30.59,104787700,0,0,0
3,FB,2013-01-08,29.51,28.86,29.60,29.06,45871300,0,0,0
3,FB,2013-01-07,28.69,28.65,29.79,29.42,83781800,0,0,0
3,FB,2013-01-04,28.01,27.83,28.93,28.76,72715400,0,0,0
3,FB,2013-01-03,27.88,27.59,28.47,27.77,63140600,0,0,0
3,FB,2013-01-02,27.44,27.42,28.18,28.00,69846400,0,0,0
3,FB,2012-12-31,26.20,26.11,26.99,26.62,60374500,0,0,0
3,FB,2012-12-28,25.48,25.15,26.11,25.91,56574800,0,0,0
3,FB,2012-12-27,26.55,25.52,26.80,26.05,43481700,0,0,0
3,FB,2012-12-26,27.03,26.38,27.18,26.51,33175400,0,0,0
3,FB,2012-12-24,26.50,26.20,26.96,26.93,28230100,0,0,0
3,FB,2012-12-21,26.66,26.12,27.01,26.26,54555200,0,0,0
3,FB,2012-12-20,27.49,27.13,27.60,27.36,35574800,0,0,0
3,FB,2012-12-19,27.83,26.95,28.22,27.41,61390300,0,0,0
3,FB,2012-12-18,26.96,26.90,27.91,27.71,60512900,0,0,0
3,FB,2012-12-17,26.77,26.32,27.00,26.75,57742500,0,0,0
3,FB,2012-12-14,28.18,26.76,28.33,26.81,91631600,0,0,0
3,FB,2012-12-13,27.59,27.43,28.75,28.24,81051600,0,0,0
3,FB,2012-12-12,28.00,27.37,28.14,27.58,46704200,0,0,0
3,FB,2012-12-11,28.07,27.66,28.24,27.98,77099100,0,0,0
3,FB,2012-12-10,27.17,27.10,28.17,27.84,50608500,0,0,0
3,FB,2012-12-07,27.07,26.84,27.78,27.49,51751900,0,0,0
3,FB,2012-12-06,27.68,26.82,27.75,26.97,46001500,0,0,0
3,FB,2012-12-05,27.75,27.26,27.90,27.71,58976300,0,0,0
3,FB,2012-12-04,27.06,26.68,27.76,27.46,72869200,0,0,0
3,FB,2012-12-03,28.00,26.98,28.88,27.04,123526100,0,0,0
3,FB,2012-11-30,27.26,26.76,28.00,28.00,127049600,0,0,0
3,FB,2012-11-29,26.50,26.16,27.52,27.32,88759700,0,0,0
3,FB,2012-11-28,25.94,25.75,26.49,26.36,49205600,0,0,0
3,FB,2012-11-27,26.04,25.46,26.50,26.15,85760600,0,0,0
3,FB,2012-11-26,24.94,24.81,26.09,25.94,123865000,0,0,0
3,FB,2012-11-23,24.58,23.88,24.68,24.00,29520900,0,0,0
3,FB,2012-11-21,23.22,23.05,24.53,24.32,89862400,0,0,0
3,FB,2012-11-20,22.73,22.70,23.90,23.10,46655300,0,0,0
3,FB,2012-11-19,23.96,22.82,24.12,22.92,85021300,0,0,0
3,FB,2012-11-16,22.25,22.18,23.93,23.56,107182200,0,0,0
3,FB,2012-11-15,22.34,21.65,22.50,22.17,78857700,0,0,0
3,FB,2012-11-14,20.10,19.93,22.50,22.36,229751000,0,0,0
3,FB,2012-11-13,19.61,19.56,20.11,19.86,71775100,0,0,0
3,FB,2012-11-12,19.15,18.87,20.17,20.07,67349200,0,0,0
3,FB,2012-11-09,19.96,19.13,20.00,19.21,42295500,0,0,0
3,FB,2012-11-08,20.52,19.98,20.73,19.99,34254600,0,0,0
3,FB,2012-11-07,20.85,20.37,20.95,20.47,33396800,0,0,0
3,FB,2012-11-06,21.24,20.99,21.37,21.17,29062700,0,0,0
3,FB,2012-11-05,21.10,20.92,21.48,21.25,31806700,0,0,0
3,FB,2012-11-02,21.26,21.07,21.69,21.18,38344400,0,0,0
3,FB,2012-11-01,21.08,21.01,21.44,21.21,37713900,0,0,0
3,FB,2012-10-31,20.82,20.73,21.50,21.11,99378200,0,0,0
3,FB,2012-10-26,22.40,21.88,22.88,21.94,73175800,0,0,0
3,FB,2012-10-25,23.29,22.47,23.31,22.56,76142000,0,0,0
3,FB,2012-10-24,24.13,22.85,24.25,23.23,228949900,0,0,0
3,FB,2012-10-23,19.25,19.10,19.80,19.50,78381200,0,0,0
3,FB,2012-10-22,19.20,19.05,19.43,19.32,32447300,0,0,0
3,FB,2012-10-19,19.00,18.80,19.06,19.00,34835000,0,0,0
3,FB,2012-10-18,19.70,18.89,19.79,18.98,52157400,0,0,0
3,FB,2012-10-17,19.50,19.37,20.48,19.88,44074500,0,0,0
3,FB,2012-10-16,19.68,19.30,19.69,19.48,21834700,0,0,0
3,FB,2012-10-15,19.68,19.49,19.88,19.52,20189700,0,0,0
3,FB,2012-10-12,19.75,19.48,19.80,19.52,18809400,0,0,0
3,FB,2012-10-11,19.88,19.61,19.96,19.75,21817300,0,0,0
3,FB,2012-10-10,19.93,19.45,19.94,19.64,39321800,0,0,0
3,FB,2012-10-09,20.39,19.97,20.55,20.23,27161800,0,0,0
3,FB,2012-10-08,20.40,20.16,20.75,20.40,32236700,0,0,0
3,FB,2012-10-05,21.49,20.88,21.63,20.91,40529300,0,0,0
3,FB,2012-10-04,22.32,21.41,22.40,21.95,46892100,0,0,0
3,FB,2012-10-03,22.30,21.80,22.49,21.83,32000100,0,0,0
3,FB,2012-10-02,22.08,21.82,22.49,22.27,29341400,0,0,0
3,FB,2012-10-01,22.08,21.73,22.59,21.99,51262700,0,0,0
3,FB,2012-09-28,20.57,20.50,21.95,21.66,65486000,0,0,0
3,FB,2012-09-27,20.99,20.16,21.00,20.32,30215900,0,0,0
3,FB,2012-09-26,20.15,19.80,20.78,20.62,38271900,0,0,0
3,FB,2012-09-25,21.20,20.22,21.21,20.28,46291700,0,0,0
3,FB,2012-09-24,21.78,20.36,21.98,20.79,79106500,0,0,0
3,FB,2012-09-21,22.97,22.60,23.24,22.86,51218100,0,0,0
3,FB,2012-09-20,23.02,22.54,23.24,22.59,57248900,0,0,0
3,FB,2012-09-19,21.99,21.77,23.37,23.29,78782800,0,0,0
3,FB,2012-09-18,21.60,21.37,21.98,21.87,36760500,0,0,0
3,FB,2012-09-17,22.67,21.50,22.75,21.52,50667600,0,0,0
3,FB,2012-09-14,21.13,20.90,22.08,22.00,72819800,0,0,0
3,FB,2012-09-13,20.96,20.61,21.48,20.71,65041600,0,0,0
3,FB,2012-09-12,20.76,20.28,21.16,20.93,121584000,0,0,0
3,FB,2012-09-11,18.92,18.85,19.58,19.43,50508200,0,0,0
3,FB,2012-09-10,19.06,18.55,19.20,18.81,24797800,0,0,0
3,FB,2012-09-07,19.10,18.78,19.42,18.98,36371700,0,0,0
3,FB,2012-09-06,18.74,18.72,19.26,18.96,46066500,0,0,0
3,FB,2012-09-05,18.27,18.18,18.75,18.58,60781800,0,0,0
3,FB,2012-09-04,18.08,17.55,18.27,17.73,46622400,0,0,0
3,FB,2012-08-31,18.68,18.03,18.70,18.06,58764200,0,0,0
3,FB,2012-08-30,19.27,19.06,19.45,19.09,30647500,0,0,0
3,FB,2012-08-29,19.32,19.07,19.38,19.10,16124700,0,0,0
3,FB,2012-08-28,19.10,18.95,19.38,19.34,25417000,0,0,0
3,FB,2012-08-27,19.49,19.10,19.53,19.15,20704000,0,0,0
3,FB,2012-08-24,19.52,19.25,19.68,19.41,29622200,0,0,0
3,FB,2012-08-23,19.50,19.36,19.73,19.44,32813700,0,0,0
3,FB,2012-08-22,19.36,18.96,19.53,19.44,49892200,0,0,0
3,FB,2012-08-21,19.58,19.09,19.98,19.16,70640600,0,0,0
3,FB,2012-08-20,19.05,18.75,20.13,20.01,101186600,0,0,0
3,FB,2012-08-17,20.01,19.00,20.08,19.05,129293400,0,0,0
3,FB,2012-08-16,20.44,19.69,20.48,19.87,157565300,0,0,0
3,FB,2012-08-15,20.64,20.40,21.41,21.20,47861100,0,0,0
3,FB,2012-08-14,21.41,20.25,21.60,20.38,39308800,0,0,0
3,FB,2012-08-13,22.15,21.40,22.45,21.60,24973100,0,0,0
3,FB,2012-08-10,21.41,21.13,21.82,21.81,25794700,0,0,0
3,FB,2012-08-09,20.75,20.61,21.17,21.01,15610700,0,0,0
3,FB,2012-08-08,20.71,20.22,21.15,20.72,29537400,0,0,0
3,FB,2012-08-07,22.20,20.50,22.45,20.72,36782900,0,0,0
3,FB,2012-08-06,21.39,21.30,22.15,21.92,27778900,0,0,0
3,FB,2012-08-03,20.36,19.90,22.16,21.09,80647000,0,0,0
3,FB,2012-08-02,20.77,19.82,20.84,20.04,56374500,0,0,0
3,FB,2012-08-01,21.50,20.84,21.58,20.88,44604400,0,0,0
3,FB,2012-07-31,23.37,21.61,23.37,21.71,56179400,0,0,0
3,FB,2012-07-30,24.00,23.03,24.04,23.15,29285900,0,0,0
3,FB,2012-07-27,23.19,22.28,24.54,23.71,123102300,0,0,0
3,FB,2012-07-26,27.75,26.73,28.23,26.85,64597400,0,0,0
3,FB,2012-07-25,28.39,28.08,29.49,29.34,17230200,0,0,0
3,FB,2012-07-24,28.82,28.10,29.45,28.45,11539800,0,0,0
3,FB,2012-07-23,28.12,28.01,29.00,28.75,12390700,0,0,0
3,FB,2012-07-20,29.00,28.72,29.47,28.76,11869100,0,0,0
3,FB,2012-07-19,29.41,28.63,29.50,29.00,13685100,0,0,0
3,FB,2012-07-18,28.31,28.15,29.29,29.11,16841800,0,0,0
3,FB,2012-07-17,28.48,27.15,28.59,28.09,30438600,0,0,0
3,FB,2012-07-16,30.50,28.21,30.50,28.25,24672100,0,0,0
3,FB,2012-07-13,31.04,30.56,31.07,30.72,8108300,0,0,0
3,FB,2012-07-12,30.70,30.60,31.40,30.81,11300700,0,0,0
3,FB,2012-07-11,31.48,30.55,31.56,30.97,13030300,0,0,0
3,FB,2012-07-10,32.43,31.16,32.48,31.47,14269500,0,0,0
3,FB,2012-07-09,32.10,31.99,32.88,32.17,17785200,0,0,0
3,FB,2012-07-06,31.44,31.26,31.90,31.73,10945600,0,0,0
3,FB,2012-07-05,31.32,31.02,31.63,31.47,10032100,0,0,0
3,FB,2012-07-03,30.91,30.80,31.44,31.20,8763600,0,0,0
3,FB,2012-07-02,31.25,30.55,31.73,30.77,14122000,0,0,0
3,FB,2012-06-29,31.92,30.76,31.99,31.10,19526900,0,0,0
3,FB,2012-06-28,31.96,30.90,32.19,31.36,17713300,0,0,0
3,FB,2012-06-27,32.46,31.90,32.90,32.23,28568000,0,0,0
3,FB,2012-06-26,32.69,32.50,33.44,33.10,24858700,0,0,0
3,FB,2012-06-25,32.86,31.55,33.02,32.06,24352900,0,0,0
3,FB,2012-06-22,32.41,32.06,33.45,33.05,74834000,0,0,0
3,FB,2012-06-21,31.67,31.51,32.50,31.84,21875300,0,0,0
3,FB,2012-06-20,31.92,31.15,31.93,31.60,15553600,0,0,0
3,FB,2012-06-19,31.54,30.70,32.18,31.91,30849000,0,0,0
3,FB,2012-06-18,29.96,29.41,32.08,31.41,42978900,0,0,0
3,FB,2012-06-15,28.51,28.35,30.10,30.01,43563800,0,0,0
3,FB,2012-06-14,27.65,27.38,28.32,28.29,16855000,0,0,0
3,FB,2012-06-13,27.66,27.10,28.10,27.27,17102800,0,0,0
3,FB,2012-06-12,27.48,26.96,27.77,27.40,15816800,0,0,0
3,FB,2012-06-11,27.18,26.84,28.07,27.01,28219600,0,0,0
3,FB,2012-06-08,26.55,26.44,27.76,27.10,38034000,0,0,0
3,FB,2012-06-07,27.00,26.15,27.35,26.31,26159500,0,0,0
3,FB,2012-06-06,26.07,25.52,27.17,26.81,61489200,0,0,0
3,FB,2012-06-05,26.70,25.75,27.76,25.87,42473400,0,0,0
3,FB,2012-06-04,27.20,26.44,27.65,26.90,35230300,0,0,0
3,FB,2012-06-01,28.89,27.39,29.15,27.72,41855500,0,0,0
3,FB,2012-05-31,28.55,26.83,29.67,29.60,111639200,0,0,0
3,FB,2012-05-30,28.70,27.86,29.55,28.19,57267900,0,0,0
3,FB,2012-05-29,31.48,28.65,31.69,28.84,78063400,0,0,0
3,FB,2012-05-25,32.90,31.11,32.95,31.91,37149800,0,0,0
3,FB,2012-05-24,32.95,31.77,33.21,33.03,50237200,0,0,0
3,FB,2012-05-23,31.37,31.36,32.50,32.00,73600000,0,0,0
3,FB,2012-05-22,32.61,30.94,33.59,31.00,101786600,0,0,0
3,FB,2012-05-21,36.53,33.00,36.66,34.03,168192700,0,0,0
3,FB,2012-05-18,42.05,38.00,45.00,38.23,573576400,31,10,73
