1,GOOG,2016/04/28,11:13:40,707.24,738894
1,GOOG,2016/04/28,11:14:41,707.62,744163
1,GOOG,2016/04/28,11:15:42,707.18,747989
1,GOOG,2016/04/28,11:16:43,706.94,750393
1,GOOG,2016/04/28,11:17:44,706.77,753124
1,GOOG,2016/04/28,11:18:45,707.36,754374
1,GOOG,2016/04/28,11:19:46,707.09,756710
1,GOOG,2016/04/28,11:20:46,707.29,761196
1,GOOG,2016/04/28,11:21:47,707.25,762187
1,GOOG,2016/04/28,11:22:50,707.00,766882
1,GOOG,2016/04/28,11:26:57,707.07,774391
1,GOOG,2016/04/28,11:27:58,706.85,775536
1,GOOG,2016/04/28,11:28:59,706.95,777211
1,GOOG,2016/04/28,11:30:00,706.99,780028
1,GOOG,2016/04/28,11:31:00,707.63,789192
1,GOOG,2016/04/28,11:32:02,707.39,792726
1,GOOG,2016/04/28,11:33:02,707.74,794856
1,GOOG,2016/04/28,11:34:03,708.18,798246
1,GOOG,2016/04/28,11:35:04,707.89,799961
1,GOOG,2016/04/28,11:36:06,708.76,804424
1,GOOG,2016/04/28,11:37:07,708.29,805596
1,GOOG,2016/04/28,11:38:07,708.18,816116
1,GOOG,2016/04/28,11:39:08,708.24,816598
1,GOOG,2016/04/28,11:40:09,709.05,822648
1,GOOG,2016/04/28,11:41:10,709.05,827427
1,GOOG,2016/04/28,11:42:11,708.86,829524
1,GOOG,2016/04/28,11:43:13,708.94,830472
1,GOOG,2016/04/28,11:44:17,708.53,834075
1,GOOG,2016/04/28,11:45:19,708.00,837525
1,GOOG,2016/04/28,11:46:19,708.81,840843
1,GOOG,2016/04/28,11:47:20,708.19,841989
1,GOOG,2016/04/28,11:48:21,708.11,844935
1,GOOG,2016/04/28,11:49:22,708.12,846091
1,GOOG,2016/04/28,11:50:23,708.19,849851
1,GOOG,2016/04/28,11:51:23,708.42,857110
1,GOOG,2016/04/28,11:52:24,708.49,860231
1,GOOG,2016/04/28,11:53:25,708.53,864246
1,GOOG,2016/04/28,11:54:26,708.53,868397
1,GOOG,2016/04/28,11:55:27,708.45,873605
1,GOOG,2016/04/28,11:56:27,708.33,876137
1,GOOG,2016/04/28,11:57:28,708.02,880514
1,GOOG,2016/04/28,11:58:29,708.20,883469
1,GOOG,2016/04/28,11:59:30,708.42,884760
1,GOOG,2016/04/28,12:00:30,708.40,885367
1,GOOG,2016/04/28,12:01:31,708.18,888762
1,GOOG,2016/04/28,12:02:32,707.72,892658
1,GOOG,2016/04/28,12:03:32,707.36,902041
1,GOOG,2016/04/28,12:04:33,707.00,903955
1,GOOG,2016/04/28,12:05:34,707.00,907343
1,GOOG,2016/04/28,12:06:35,707.00,908806
1,GOOG,2016/04/28,12:07:35,706.97,909715
1,GOOG,2016/04/28,12:08:36,707.09,912625
1,GOOG,2016/04/28,12:09:37,707.09,912789
1,GOOG,2016/04/28,12:10:37,707.17,914229
1,GOOG,2016/04/28,12:11:38,707.10,914595
1,GOOG,2016/04/28,12:12:39,707.10,914894
1,GOOG,2016/04/28,12:13:39,707.12,917775
1,GOOG,2016/04/28,12:14:40,707.00,921136
1,GOOG,2016/04/28,12:15:41,707.19,923017
1,GOOG,2016/04/28,12:16:42,707.05,924954
1,GOOG,2016/04/28,12:17:43,706.74,929211
1,GOOG,2016/04/28,12:18:43,706.65,932307
1,GOOG,2016/04/28,12:19:44,706.40,939005
1,GOOG,2016/04/28,12:20:45,706.49,941249
1,GOOG,2016/04/28,12:21:46,706.03,947537
1,GOOG,2016/04/28,12:22:47,705.77,955449
1,GOOG,2016/04/28,12:23:48,705.52,959760
1,GOOG,2016/04/28,12:24:49,705.73,963287
1,GOOG,2016/04/28,12:25:49,705.79,966273
1,GOOG,2016/04/28,12:26:50,705.38,970160
1,GOOG,2016/04/28,12:27:51,705.39,971425
1,GOOG,2016/04/28,12:28:51,705.49,974623
1,GOOG,2016/04/28,12:29:52,705.28,981738
1,GOOG,2016/04/28,12:30:53,705.00,989498
1,GOOG,2016/04/28,12:31:54,704.30,997232
1,GOOG,2016/04/28,12:32:54,703.83,1001815
1,GOOG,2016/04/28,12:33:55,703.29,1011435
1,GOOG,2016/04/28,12:34:56,703.23,1015710
1,GOOG,2016/04/28,12:35:58,703.00,1017435
1,GOOG,2016/04/28,12:36:59,702.71,1028310
1,GOOG,2016/04/28,12:37:59,702.83,1031701
1,GOOG,2016/04/28,12:39:00,702.56,1038815
1,GOOG,2016/04/28,12:40:04,702.30,1047389
1,GOOG,2016/04/28,12:41:05,702.64,1051578
1,GOOG,2016/04/28,12:42:06,702.96,1054811
1,GOOG,2016/04/28,12:43:07,702.82,1058508
1,GOOG,2016/04/28,12:44:07,702.57,1067193
1,GOOG,2016/04/28,12:45:08,702.60,1070943
1,GOOG,2016/04/28,12:46:09,702.09,1076679
1,GOOG,2016/04/28,12:47:10,702.13,1079359
1,GOOG,2016/04/28,12:48:10,702.45,1083620
1,GOOG,2016/04/28,12:49:11,702.37,1085174
1,GOOG,2016/04/28,12:50:13,702.29,1088966
1,GOOG,2016/04/28,12:51:14,701.76,1096234
1,GOOG,2016/04/28,12:52:14,701.83,1104003
1,GOOG,2016/04/28,12:53:15,701.60,1110029
1,GOOG,2016/04/28,12:54:16,701.62,1112379
1,GOOG,2016/04/28,12:55:17,701.51,1116047
1,GOOG,2016/04/28,12:56:18,701.56,1122374
1,GOOG,2016/04/28,12:57:19,700.70,1133560
1,GOOG,2016/04/28,12:58:20,700.69,1137649
1,GOOG,2016/04/28,12:59:24,700.03,1144151
1,GOOG,2016/04/28,13:00:25,700.31,1153252
1,GOOG,2016/04/28,13:01:26,700.30,1160200
1,GOOG,2016/04/28,13:02:27,700.30,1165705
1,GOOG,2016/04/28,13:03:28,700.50,1171205
1,GOOG,2016/04/28,13:04:28,700.42,1177085
1,GOOG,2016/04/28,13:05:29,700.06,1180155
1,GOOG,2016/04/28,13:06:30,699.97,1198838
1,GOOG,2016/04/28,13:07:31,699.92,1202783
1,GOOG,2016/04/28,13:08:32,700.64,1206869
1,GOOG,2016/04/28,13:09:33,701.00,1209350
1,GOOG,2016/04/28,13:10:34,700.92,1214923
1,GOOG,2016/04/28,13:11:35,701.10,1218222
1,GOOG,2016/04/28,13:12:36,701.55,1220612
1,GOOG,2016/04/28,13:13:36,701.10,1222905
1,GOOG,2016/04/28,13:14:37,701.00,1224996
1,GOOG,2016/04/28,13:15:38,701.24,1236014
1,GOOG,2016/04/28,13:16:39,700.93,1238472
1,GOOG,2016/04/28,13:17:39,700.90,1242611
1,GOOG,2016/04/28,13:18:40,699.81,1255688
1,GOOG,2016/04/28,13:19:41,699.57,1264575
1,GOOG,2016/04/28,13:20:42,699.05,1273585
1,GOOG,2016/04/28,13:21:43,699.16,1281451
1,GOOG,2016/04/28,13:22:44,699.15,1283736
1,GOOG,2016/04/28,13:23:44,699.02,1287057
1,GOOG,2016/04/28,13:24:45,698.85,1293050
1,GOOG,2016/04/28,13:25:46,698.40,1296572
1,GOOG,2016/04/28,13:26:47,698.34,1310372
1,GOOG,2016/04/28,13:27:47,698.12,1312159
1,GOOG,2016/04/28,13:28:48,698.26,1323471
1,GOOG,2016/04/28,13:29:49,698.53,1327066
1,GOOG,2016/04/28,13:30:50,698.78,1329138
1,GOOG,2016/04/28,13:31:51,698.45,1332926
1,GOOG,2016/04/28,13:32:51,698.40,1335513
1,GOOG,2016/04/28,13:33:52,698.57,1339380
1,GOOG,2016/04/28,13:34:53,698.50,1341866
1,GOOG,2016/04/28,13:35:54,698.51,1344615
1,GOOG,2016/04/28,13:36:55,698.54,1348444
1,GOOG,2016/04/28,13:37:55,698.46,1351312
1,GOOG,2016/04/28,13:38:56,698.34,1353910
1,GOOG,2016/04/28,13:39:57,698.91,1361715
1,GOOG,2016/04/28,13:40:58,699.20,1373625
1,GOOG,2016/04/28,13:41:58,699.50,1382237
1,GOOG,2016/04/28,13:42:59,699.53,1386705
1,GOOG,2016/04/28,13:44:00,699.56,1395324
1,GOOG,2016/04/28,13:45:01,699.23,1400931
1,GOOG,2016/04/28,13:46:01,699.31,1407759
1,GOOG,2016/04/28,13:47:04,699.21,1412818
1,GOOG,2016/04/28,13:48:05,699.72,1416161
1,GOOG,2016/04/28,13:49:06,699.45,1417351
1,GOOG,2016/04/28,13:50:06,699.33,1420061
1,GOOG,2016/04/28,13:51:07,699.67,1427706
1,GOOG,2016/04/28,13:52:08,699.55,1430348
1,GOOG,2016/04/28,13:53:09,699.26,1432351
1,GOOG,2016/04/28,13:54:10,699.08,1432778
1,GOOG,2016/04/28,13:55:11,698.99,1435021
1,GOOG,2016/04/28,13:56:13,698.57,1440413
1,GOOG,2016/04/28,13:57:15,698.74,1443807
1,GOOG,2016/04/28,13:58:16,698.65,1445802
1,GOOG,2016/04/28,13:59:16,699.16,1447481
1,GOOG,2016/04/28,14:00:17,699.25,1448079
1,GOOG,2016/04/28,14:01:19,698.42,1454370
1,GOOG,2016/04/28,14:02:19,698.87,1457990
1,GOOG,2016/04/28,14:03:20,699.24,1464985
1,GOOG,2016/04/28,14:04:21,699.26,1466409
1,GOOG,2016/04/28,14:05:22,699.28,1466868
1,GOOG,2016/04/28,14:06:23,699.72,1474623
1,GOOG,2016/04/28,14:08:36,699.25,1497650
1,GOOG,2016/04/28,14:09:37,699.21,1502025
1,GOOG,2016/04/28,14:10:37,699.25,1503592
1,GOOG,2016/04/28,14:11:38,699.20,1505357
1,GOOG,2016/04/28,14:12:39,698.44,1508652
1,GOOG,2016/04/28,14:13:40,698.63,1510189
1,GOOG,2016/04/28,14:14:41,698.40,1511388
1,GOOG,2016/04/28,14:15:41,698.57,1513614
1,GOOG,2016/04/28,14:16:42,698.30,1518532
1,GOOG,2016/04/28,14:17:43,699.15,1527285
1,GOOG,2016/04/28,14:18:44,698.82,1530333
1,GOOG,2016/04/28,14:19:45,698.26,1540112
1,GOOG,2016/04/28,14:20:45,698.50,1550806
1,GOOG,2016/04/28,14:21:46,698.54,1557208
1,GOOG,2016/04/28,14:22:47,698.42,1559031
1,GOOG,2016/04/28,14:23:48,698.18,1563679
1,GOOG,2016/04/28,14:24:49,698.25,1568322
1,GOOG,2016/04/28,14:25:49,697.82,1576533
1,GOOG,2016/04/28,14:26:50,698.00,1585250
1,GOOG,2016/04/28,14:27:51,697.93,1588548
1,GOOG,2016/04/28,14:28:51,697.80,1593237
1,GOOG,2016/04/28,14:29:52,697.81,1598482
1,GOOG,2016/04/28,14:30:53,698.10,1608205
1,GOOG,2016/04/28,14:31:54,697.91,1609834
1,GOOG,2016/04/28,14:32:55,697.79,1614551
1,GOOG,2016/04/28,14:33:06,697.79,1614558
1,GOOG,2016/04/28,14:33:22,697.72,1615128
1,GOOG,2016/04/28,14:33:56,697.55,1617604
1,GOOG,2016/04/28,14:34:07,697.55,1617656
1,GOOG,2016/04/28,14:34:23,697.78,1617815
1,GOOG,2016/04/28,14:34:56,697.65,1618524
1,GOOG,2016/04/28,14:35:08,697.61,1619236
1,GOOG,2016/04/28,14:35:24,697.63,1620546
1,GOOG,2016/04/28,14:35:57,697.50,1621779
1,GOOG,2016/04/28,14:36:08,697.38,1627534
1,GOOG,2016/04/28,14:36:09,697.38,1627534
1,GOOG,2016/04/28,14:36:24,697.42,1639177
1,GOOG,2016/04/28,14:36:58,697.39,1643806
1,GOOG,2016/04/28,14:37:09,697.42,1644026
1,GOOG,2016/04/28,14:37:10,697.42,1644026
1,GOOG,2016/04/28,14:37:25,697.45,1644821
1,GOOG,2016/04/28,14:37:59,697.40,1646259
1,GOOG,2016/04/28,14:38:10,697.23,1651969
1,GOOG,2016/04/28,14:38:10,697.17,1652469
1,GOOG,2016/04/28,14:38:26,697.33,1659318
1,GOOG,2016/04/28,14:38:59,697.05,1665139
1,GOOG,2016/04/28,14:39:11,697.05,1665684
1,GOOG,2016/04/28,14:39:11,697.05,1665684
1,GOOG,2016/04/28,14:39:27,697.14,1668387
1,GOOG,2016/04/28,14:40:00,697.13,1671170
1,GOOG,2016/04/28,14:40:12,697.13,1671476
1,GOOG,2016/04/28,14:40:12,697.13,1671476
1,GOOG,2016/04/28,14:40:28,697.04,1671991
1,GOOG,2016/04/28,14:41:01,697.00,1675673
1,GOOG,2016/04/28,14:41:13,697.14,1677217
1,GOOG,2016/04/28,14:41:13,697.14,1677217
1,GOOG,2016/04/28,14:41:32,697.17,1681758
1,GOOG,2016/04/28,14:42:01,697.20,1682476
1,GOOG,2016/04/28,14:42:13,697.26,1682660
1,GOOG,2016/04/28,14:42:14,697.26,1682660
1,GOOG,2016/04/28,14:42:32,697.12,1684296
1,GOOG,2016/04/28,14:43:03,697.36,1685682
1,GOOG,2016/04/28,14:43:14,697.15,1689949
1,GOOG,2016/04/28,14:43:14,697.15,1689949
1,GOOG,2016/04/28,14:43:33,697.00,1691620
1,GOOG,2016/04/28,14:44:04,697.19,1692332
1,GOOG,2016/04/28,14:44:15,697.10,1692476
1,GOOG,2016/04/28,14:44:15,697.10,1692476
1,GOOG,2016/04/28,14:44:34,697.18,1693240
1,GOOG,2016/04/28,14:45:05,697.26,1696168
1,GOOG,2016/04/28,14:45:16,697.30,1696478
1,GOOG,2016/04/28,14:45:16,697.30,1696478
1,GOOG,2016/04/28,14:45:35,697.27,1696832
1,GOOG,2016/04/28,14:46:06,697.45,1699904
1,GOOG,2016/04/28,14:46:17,697.35,1700899
1,GOOG,2016/04/28,14:46:17,697.35,1700899
1,GOOG,2016/04/28,14:46:36,697.40,1701280
1,GOOG,2016/04/28,14:47:06,697.20,1702813
1,GOOG,2016/04/28,14:47:17,697.10,1703049
1,GOOG,2016/04/28,14:47:18,697.10,1703049
1,GOOG,2016/04/28,14:47:36,697.17,1707889
1,GOOG,2016/04/28,14:48:07,697.17,1709190
1,GOOG,2016/04/28,14:48:18,697.12,1709405
1,GOOG,2016/04/28,14:48:19,697.12,1709405
1,GOOG,2016/04/28,14:48:37,697.34,1709905
1,GOOG,2016/04/28,14:49:08,697.22,1711804
1,GOOG,2016/04/28,14:49:19,697.00,1712626
1,GOOG,2016/04/28,14:49:19,697.00,1712626
1,GOOG,2016/04/28,14:49:38,697.11,1713354
1,GOOG,2016/04/28,14:50:09,697.33,1716090
1,GOOG,2016/04/28,14:50:20,697.31,1716313
1,GOOG,2016/04/28,14:50:20,697.31,1716313
1,GOOG,2016/04/28,14:50:39,697.45,1717264
1,GOOG,2016/04/28,14:51:10,697.60,1718998
1,GOOG,2016/04/28,14:51:21,697.38,1719299
1,GOOG,2016/04/28,14:51:21,697.38,1719299
1,GOOG,2016/04/28,14:51:40,697.40,1721367
1,GOOG,2016/04/28,14:52:12,697.34,1729961
1,GOOG,2016/04/28,14:52:22,697.35,1732349
1,GOOG,2016/04/28,14:52:23,697.35,1732349
1,GOOG,2016/04/28,14:52:41,697.09,1734105
1,GOOG,2016/04/28,14:53:12,697.31,1737273
1,GOOG,2016/04/28,14:53:22,697.67,1750463
1,GOOG,2016/04/28,14:53:23,697.67,1750463
1,GOOG,2016/04/28,14:53:42,697.52,1753400
1,GOOG,2016/04/28,14:54:13,697.72,1761683
1,GOOG,2016/04/28,14:54:23,697.72,1761713
1,GOOG,2016/04/28,14:54:24,697.72,1761713
1,GOOG,2016/04/28,14:54:43,697.78,1764552
1,GOOG,2016/04/28,14:55:17,697.55,1767040
1,GOOG,2016/04/28,14:55:24,697.55,1767090
1,GOOG,2016/04/28,14:55:25,697.55,1767100
1,GOOG,2016/04/28,14:55:43,697.55,1767125
1,GOOG,2016/04/28,14:56:18,697.58,1767574
1,GOOG,2016/04/28,14:56:25,697.48,1768356
1,GOOG,2016/04/28,14:56:26,697.48,1768356
1,GOOG,2016/04/28,14:56:44,697.25,1769610
1,GOOG,2016/04/28,14:57:19,697.25,1770792
1,GOOG,2016/04/28,14:57:26,697.25,1770839
1,GOOG,2016/04/28,14:57:26,697.25,1770839
1,GOOG,2016/04/28,14:57:45,697.22,1770983
1,GOOG,2016/04/28,14:58:20,697.50,1772806
1,GOOG,2016/04/28,14:58:27,697.41,1773175
1,GOOG,2016/04/28,14:58:28,697.41,1773175
1,GOOG,2016/04/28,14:58:46,697.21,1773961
1,GOOG,2016/04/28,14:59:20,697.20,1774913
1,GOOG,2016/04/28,14:59:28,697.30,1775013
1,GOOG,2016/04/28,14:59:28,697.30,1775013
1,GOOG,2016/04/28,14:59:47,697.21,1775259
1,GOOG,2016/04/28,15:00:21,696.78,1782057
1,GOOG,2016/04/28,15:00:29,696.60,1783653
1,GOOG,2016/04/28,15:00:29,696.60,1783653
1,GOOG,2016/04/28,15:00:48,696.56,1789510
1,GOOG,2016/04/28,15:01:22,696.86,1792883
1,GOOG,2016/04/28,15:01:29,696.86,1792908
1,GOOG,2016/04/28,15:01:30,696.86,1792908
1,GOOG,2016/04/28,15:01:49,696.71,1794923
1,GOOG,2016/04/28,15:02:22,696.55,1799295
1,GOOG,2016/04/28,15:02:30,696.54,1799825
1,GOOG,2016/04/28,15:02:31,696.61,1800510
1,GOOG,2016/04/28,15:02:51,696.52,1801156
1,GOOG,2016/04/28,15:03:23,696.15,1807651
1,GOOG,2016/04/28,15:03:31,696.13,1808008
1,GOOG,2016/04/28,15:03:32,696.13,1808008
1,GOOG,2016/04/28,15:03:52,696.22,1809220
1,GOOG,2016/04/28,15:04:24,696.33,1811533
1,GOOG,2016/04/28,15:04:32,696.35,1812000
1,GOOG,2016/04/28,15:04:33,696.35,1812002
1,GOOG,2016/04/28,15:04:53,696.44,1813016
1,GOOG,2016/04/28,15:05:25,696.72,1817551
1,GOOG,2016/04/28,15:05:32,696.76,1818158
1,GOOG,2016/04/28,15:05:36,696.76,1818182
1,GOOG,2016/04/28,15:05:53,696.77,1819029
1,GOOG,2016/04/28,15:06:25,696.58,1821006
1,GOOG,2016/04/28,15:06:33,696.58,1821006
1,GOOG,2016/04/28,15:06:37,696.88,1821192
1,GOOG,2016/04/28,15:06:54,696.56,1821612
1,GOOG,2016/04/28,15:07:27,696.72,1823359
1,GOOG,2016/04/28,15:07:34,696.80,1823562
1,GOOG,2016/04/28,15:07:38,696.80,1823582
1,GOOG,2016/04/28,15:07:55,696.53,1825826
1,GOOG,2016/04/28,15:08:27,696.52,1826144
1,GOOG,2016/04/28,15:08:35,696.51,1828311
1,GOOG,2016/04/28,15:08:39,696.69,1828874
1,GOOG,2016/04/28,15:08:56,696.69,1829419
1,GOOG,2016/04/28,15:09:28,696.30,1832089
1,GOOG,2016/04/28,15:09:35,696.18,1832639
1,GOOG,2016/04/28,15:09:39,696.18,1832717
1,GOOG,2016/04/28,15:09:57,696.14,1833631
1,GOOG,2016/04/28,15:10:29,696.25,1835799
1,GOOG,2016/04/28,15:10:36,696.57,1836586
1,GOOG,2016/04/28,15:10:40,696.57,1836625
1,GOOG,2016/04/28,15:10:57,696.02,1838272
1,GOOG,2016/04/28,15:11:30,695.95,1844249
1,GOOG,2016/04/28,15:11:37,695.98,1847188
1,GOOG,2016/04/28,15:11:41,695.98,1847188
1,GOOG,2016/04/28,15:11:58,696.11,1851944
1,GOOG,2016/04/28,15:12:34,696.46,1853491
1,GOOG,2016/04/28,15:12:41,696.46,1853492
1,GOOG,2016/04/28,15:12:41,696.46,1853492
1,GOOG,2016/04/28,15:12:59,696.67,1854565
1,GOOG,2016/04/28,15:13:34,696.42,1855442
1,GOOG,2016/04/28,15:13:42,696.42,1855442
1,GOOG,2016/04/28,15:13:42,696.42,1855443
1,GOOG,2016/04/28,15:14:00,696.27,1855915
1,GOOG,2016/04/28,15:14:35,696.73,1858750
1,GOOG,2016/04/28,15:14:43,696.70,1859958
1,GOOG,2016/04/28,15:14:43,696.70,1859958
1,GOOG,2016/04/28,15:15:01,696.50,1864742
1,GOOG,2016/04/28,15:15:36,696.36,1867070
1,GOOG,2016/04/28,15:15:43,696.41,1867179
1,GOOG,2016/04/28,15:15:44,696.41,1867179
1,GOOG,2016/04/28,15:16:01,696.58,1868171
1,GOOG,2016/04/28,15:16:37,696.56,1868440
1,GOOG,2016/04/28,15:16:45,696.56,1868440
1,GOOG,2016/04/28,15:16:45,696.56,1868440
1,GOOG,2016/04/28,15:17:02,696.63,1868827
1,GOOG,2016/04/28,15:17:38,696.50,1875128
1,GOOG,2016/04/28,15:17:46,696.67,1876135
1,GOOG,2016/04/28,15:17:46,696.67,1876135
1,GOOG,2016/04/28,15:18:03,696.59,1876248
1,GOOG,2016/04/28,15:18:38,696.70,1880466
1,GOOG,2016/04/28,15:18:46,696.59,1880753
1,GOOG,2016/04/28,15:18:46,696.59,1880776
1,GOOG,2016/04/28,15:19:04,696.45,1881015
1,GOOG,2016/04/28,15:19:40,696.08,1883972
1,GOOG,2016/04/28,15:19:47,696.08,1884580
1,GOOG,2016/04/28,15:19:47,696.08,1884580
1,GOOG,2016/04/28,15:20:05,696.69,1886154
1,GOOG,2016/04/28,15:20:41,696.50,1887173
1,GOOG,2016/04/28,15:20:48,696.50,1887206
1,GOOG,2016/04/28,15:20:48,696.50,1887206
1,GOOG,2016/04/28,15:21:05,696.50,1887404
1,GOOG,2016/04/28,15:21:42,696.40,1889824
1,GOOG,2016/04/28,15:21:49,696.16,1891187
1,GOOG,2016/04/28,15:21:49,696.16,1891187
1,GOOG,2016/04/28,15:22:06,695.84,1893143
1,GOOG,2016/04/28,15:22:43,696.50,1898547
1,GOOG,2016/04/28,15:22:49,696.25,1900103
1,GOOG,2016/04/28,15:22:50,696.25,1900103
1,GOOG,2016/04/28,15:23:07,696.27,1900320
1,GOOG,2016/04/28,15:23:44,696.17,1903199
1,GOOG,2016/04/28,15:23:50,696.17,1903203
1,GOOG,2016/04/28,15:23:50,696.06,1903303
1,GOOG,2016/04/28,15:24:08,696.29,1905968
1,GOOG,2016/04/28,15:24:44,695.89,1908305
1,GOOG,2016/04/28,15:24:51,695.89,1908319
1,GOOG,2016/04/28,15:24:51,695.89,1908319
1,GOOG,2016/04/28,15:25:08,695.66,1910937
1,GOOG,2016/04/28,15:25:45,695.50,1916077
1,GOOG,2016/04/28,15:25:52,695.59,1916612
1,GOOG,2016/04/28,15:25:52,695.59,1916612
1,GOOG,2016/04/28,15:26:09,695.50,1918543
1,GOOG,2016/04/28,15:26:46,695.66,1922566
1,GOOG,2016/04/28,15:26:52,695.39,1922805
1,GOOG,2016/04/28,15:26:52,695.39,1922805
1,GOOG,2016/04/28,15:27:10,695.48,1922948
1,GOOG,2016/04/28,15:27:47,695.39,1927247
1,GOOG,2016/04/28,15:27:53,695.11,1927854
1,GOOG,2016/04/28,15:27:53,695.11,1927854
1,GOOG,2016/04/28,15:28:10,695.29,1929016
1,GOOG,2016/04/28,15:28:48,694.86,1937770
1,GOOG,2016/04/28,15:28:54,694.82,1938280
1,GOOG,2016/04/28,15:28:54,694.82,1938280
1,GOOG,2016/04/28,15:29:11,694.87,1939569
1,GOOG,2016/04/28,15:29:48,694.67,1945603
1,GOOG,2016/04/28,15:29:55,694.50,1946261
1,GOOG,2016/04/28,15:29:55,694.50,1946261
1,GOOG,2016/04/28,15:30:13,694.00,1952243
1,GOOG,2016/04/28,15:30:49,694.05,1955986
1,GOOG,2016/04/28,15:30:56,694.34,1956504
1,GOOG,2016/04/28,15:30:56,694.34,1956504
1,GOOG,2016/04/28,15:31:14,693.89,1958952
1,GOOG,2016/04/28,15:31:50,694.35,1963142
1,GOOG,2016/04/28,15:31:57,694.16,1963783
1,GOOG,2016/04/28,15:31:57,694.16,1963783
1,GOOG,2016/04/28,15:32:14,694.22,1964451
1,GOOG,2016/04/28,15:32:52,694.32,1967955
1,GOOG,2016/04/28,15:32:59,694.32,1967960
1,GOOG,2016/04/28,15:33:00,694.32,1967960
1,GOOG,2016/04/28,15:33:16,694.53,1969537
1,GOOG,2016/04/28,15:33:52,693.75,1972157
1,GOOG,2016/04/28,15:34:00,693.65,1979313
1,GOOG,2016/04/28,15:34:01,693.65,1979440
1,GOOG,2016/04/28,15:34:16,693.79,1981104
1,GOOG,2016/04/28,15:34:53,694.01,1982082
1,GOOG,2016/04/28,15:35:00,694.42,1982349
1,GOOG,2016/04/28,15:35:02,694.42,1982349
1,GOOG,2016/04/28,15:35:17,694.42,1982363
1,GOOG,2016/04/28,15:35:54,694.42,1991429
1,GOOG,2016/04/28,15:36:01,694.42,1991645
1,GOOG,2016/04/28,15:36:02,694.42,1991926
1,GOOG,2016/04/28,15:36:18,694.33,1992592
1,GOOG,2016/04/28,15:36:55,694.25,1996811
1,GOOG,2016/04/28,15:37:02,694.25,1996812
1,GOOG,2016/04/28,15:37:03,694.25,1996812
1,GOOG,2016/04/28,15:37:19,694.24,2000905
1,GOOG,2016/04/28,15:37:55,693.87,2011286
1,GOOG,2016/04/28,15:38:02,693.82,2012116
1,GOOG,2016/04/28,15:38:04,693.82,2012116
1,GOOG,2016/04/28,15:38:19,693.90,2015901
1,GOOG,2016/04/28,15:38:56,693.29,2022482
1,GOOG,2016/04/28,15:39:03,693.31,2026707
1,GOOG,2016/04/28,15:39:05,693.35,2028962
1,GOOG,2016/04/28,15:39:21,693.13,2030438
1,GOOG,2016/04/28,15:39:57,693.08,2033891
1,GOOG,2016/04/28,15:40:04,693.18,2035332
1,GOOG,2016/04/28,15:40:05,693.10,2035667
1,GOOG,2016/04/28,15:40:22,692.39,2051891
1,GOOG,2016/04/28,15:40:58,691.63,2076593
1,GOOG,2016/04/28,15:41:05,691.38,2079409
1,GOOG,2016/04/28,15:41:06,691.38,2079409
1,GOOG,2016/04/28,15:41:22,691.53,2090222
1,GOOG,2016/04/28,15:41:58,691.45,2108355
1,GOOG,2016/04/28,15:42:06,691.32,2111018
1,GOOG,2016/04/28,15:42:07,691.32,2111059
1,GOOG,2016/04/28,15:42:23,691.17,2119145
1,GOOG,2016/04/28,15:42:59,691.34,2142381
1,GOOG,2016/04/28,15:43:06,691.03,2149592
1,GOOG,2016/04/28,15:43:07,691.03,2149592
1,GOOG,2016/04/28,15:43:24,690.95,2163811
1,GOOG,2016/04/28,15:44:00,690.60,2177054
1,GOOG,2016/04/28,15:44:07,690.44,2179645
1,GOOG,2016/04/28,15:44:09,690.38,2180798
1,GOOG,2016/04/28,15:44:25,690.48,2186156
1,GOOG,2016/04/28,15:45:01,690.10,2198595
1,GOOG,2016/04/28,15:45:08,690.11,2206313
1,GOOG,2016/04/28,15:45:10,690.50,2207111
1,GOOG,2016/04/28,15:45:27,691.50,2218625
1,GOOG,2016/04/28,15:46:03,691.86,2226563
1,GOOG,2016/04/28,15:46:09,692.02,2228216
1,GOOG,2016/04/28,15:46:10,691.99,2228794
1,GOOG,2016/04/28,15:46:28,692.29,2235005
1,GOOG,2016/04/28,15:47:03,692.43,2245886
1,GOOG,2016/04/28,15:47:11,692.55,2247995
1,GOOG,2016/04/28,15:47:11,692.55,2247995
1,GOOG,2016/04/28,15:47:29,692.81,2252931
1,GOOG,2016/04/28,15:48:04,692.36,2262063
1,GOOG,2016/04/28,15:48:11,692.01,2264787
1,GOOG,2016/04/28,15:48:12,692.01,2264787
1,GOOG,2016/04/28,15:48:30,692.63,2266557
1,GOOG,2016/04/28,15:49:05,692.62,2280740
1,GOOG,2016/04/28,15:49:12,692.46,2281278
1,GOOG,2016/04/28,15:49:12,692.46,2281278
1,GOOG,2016/04/28,15:49:31,692.24,2281934
1,GOOG,2016/04/28,15:50:05,692.03,2290260
1,GOOG,2016/04/28,15:50:13,692.03,2290407
1,GOOG,2016/04/28,15:50:13,692.03,2290407
1,GOOG,2016/04/28,15:50:32,692.34,2291701
1,GOOG,2016/04/28,15:51:06,692.33,2298572
1,GOOG,2016/04/28,15:51:14,692.33,2298608
1,GOOG,2016/04/28,15:51:14,692.33,2298608
1,GOOG,2016/04/28,15:51:33,692.41,2301386
1,GOOG,2016/04/28,15:52:07,692.40,2305904
1,GOOG,2016/04/28,15:52:14,692.20,2307174
1,GOOG,2016/04/28,15:52:14,692.20,2307174
1,GOOG,2016/04/28,15:52:33,691.75,2313542
1,GOOG,2016/04/28,15:53:07,691.91,2317695
1,GOOG,2016/04/28,15:53:15,691.55,2318730
1,GOOG,2016/04/28,15:53:15,691.55,2318730
1,GOOG,2016/04/28,15:53:34,691.51,2321066
1,GOOG,2016/04/28,15:54:08,691.58,2325916
1,GOOG,2016/04/28,15:54:16,691.58,2325966
1,GOOG,2016/04/28,15:54:16,691.58,2325966
1,GOOG,2016/04/28,15:54:35,692.04,2328190
1,GOOG,2016/04/28,15:55:09,691.98,2334390
1,GOOG,2016/04/28,15:55:16,692.33,2339816
1,GOOG,2016/04/28,15:55:16,692.33,2339816
1,GOOG,2016/04/28,15:55:36,692.45,2344066
1,GOOG,2016/04/28,15:56:10,692.52,2348747
1,GOOG,2016/04/28,15:56:17,691.98,2351943
1,GOOG,2016/04/28,15:56:17,691.98,2351943
1,GOOG,2016/04/28,15:56:36,692.08,2353948
1,GOOG,2016/04/28,15:57:10,691.91,2359708
1,GOOG,2016/04/28,15:57:18,691.92,2361300
1,GOOG,2016/04/28,15:57:18,691.92,2361300
1,GOOG,2016/04/28,15:57:37,692.13,2364636
1,GOOG,2016/04/28,15:58:15,692.23,2372101
1,GOOG,2016/04/28,15:58:19,692.00,2373130
1,GOOG,2016/04/28,15:58:19,692.00,2373130
1,GOOG,2016/04/28,15:58:38,692.48,2375653
1,GOOG,2016/04/28,15:59:15,692.67,2380663
1,GOOG,2016/04/28,15:59:19,692.49,2382414
1,GOOG,2016/04/28,15:59:19,692.49,2382414
1,GOOG,2016/04/28,15:59:38,692.58,2385680
1,GOOG,2016/04/28,16:00:16,692.41,2388983
1,GOOG,2016/04/28,16:00:20,692.32,2389269
1,GOOG,2016/04/28,16:00:20,692.32,2389269
1,GOOG,2016/04/28,16:00:39,692.27,2393470
1,GOOG,2016/04/28,16:01:17,692.60,2398621
1,GOOG,2016/04/28,16:01:24,692.42,2399266
1,GOOG,2016/04/28,16:01:24,692.35,2401234
1,GOOG,2016/04/28,16:01:40,692.42,2403528
1,GOOG,2016/04/28,16:02:18,692.53,2410785
1,GOOG,2016/04/28,16:02:24,692.53,2410841
1,GOOG,2016/04/28,16:02:25,692.53,2410841
1,GOOG,2016/04/28,16:02:41,692.54,2413415
1,GOOG,2016/04/28,16:03:18,692.22,2426574
1,GOOG,2016/04/28,16:03:25,692.01,2427357
1,GOOG,2016/04/28,16:03:26,692.01,2427357
1,GOOG,2016/04/28,16:03:41,691.90,2436295
1,GOOG,2016/04/28,16:04:19,692.21,2447862
1,GOOG,2016/04/28,16:04:26,691.99,2448510
1,GOOG,2016/04/28,16:04:27,691.99,2449051
1,GOOG,2016/04/28,16:04:42,691.74,2455038
1,GOOG,2016/04/28,16:05:20,691.60,2463591
1,GOOG,2016/04/28,16:05:27,691.58,2465936
1,GOOG,2016/04/28,16:05:27,691.58,2465936
1,GOOG,2016/04/28,16:05:43,691.25,2468097
1,GOOG,2016/04/28,16:06:21,690.90,2478870
1,GOOG,2016/04/28,16:06:27,690.87,2480547
1,GOOG,2016/04/28,16:06:28,690.87,2480547
1,GOOG,2016/04/28,16:06:44,691.19,2481126
1,GOOG,2016/04/28,16:07:21,690.72,2496014
1,GOOG,2016/04/28,16:07:28,690.63,2496212
1,GOOG,2016/04/28,16:07:29,690.63,2496212
1,GOOG,2016/04/28,16:07:44,690.30,2505021
1,GOOG,2016/04/28,16:08:22,690.47,2510241
1,GOOG,2016/04/28,16:08:29,690.32,2511311
1,GOOG,2016/04/28,16:08:33,690.31,2515253
1,GOOG,2016/04/28,16:08:45,690.53,2515732
1,GOOG,2016/04/28,16:09:23,690.00,2525227
1,GOOG,2016/04/28,16:09:33,690.01,2529800
1,GOOG,2016/04/28,16:09:37,690.01,2531671
1,GOOG,2016/04/28,16:09:46,690.14,2534313
1,GOOG,2016/04/28,16:10:24,690.03,2556940
1,GOOG,2016/04/28,16:10:33,690.11,2559121
1,GOOG,2016/04/28,16:10:37,690.09,2560571
1,GOOG,2016/04/28,16:10:47,690.24,2564818
1,GOOG,2016/04/28,16:11:25,690.00,2581089
1,GOOG,2016/04/28,16:11:34,690.05,2582083
1,GOOG,2016/04/28,16:11:38,690.17,2582962
1,GOOG,2016/04/28,16:11:47,690.12,2584529
1,GOOG,2016/04/28,16:12:25,690.01,2608966
1,GOOG,2016/04/28,16:12:35,689.94,2611328
1,GOOG,2016/04/28,16:12:39,689.61,2619011
1,GOOG,2016/04/28,16:12:48,689.69,2621957
1,GOOG,2016/04/28,16:13:26,689.82,2637913
1,GOOG,2016/04/28,16:13:36,690.01,2642983
1,GOOG,2016/04/28,16:13:39,690.01,2642983
1,GOOG,2016/04/28,16:13:49,690.28,2647929
1,GOOG,2016/04/28,16:14:27,690.71,2667176
1,GOOG,2016/04/28,16:14:36,691.00,2680425
1,GOOG,2016/04/28,16:14:40,691.08,2682721
1,GOOG,2016/04/28,16:14:50,691.14,2692994
1,GOOG,2016/04/28,16:15:27,691.02,2778981
1,GOOG,2016/04/28,16:15:37,691.02,2779496
1,GOOG,2016/04/28,16:15:41,691.02,2779496
1,GOOG,2016/04/28,16:15:50,691.02,2779496
1,GOOG,2016/04/28,16:16:28,691.02,2779632
1,GOOG,2016/04/28,16:16:42,691.02,2780347
1,GOOG,2016/04/28,16:16:43,691.02,2780347
1,GOOG,2016/04/28,16:16:51,691.02,2780435
1,GOOG,2016/04/28,16:17:43,691.02,2780636
1,GOOG,2016/04/28,16:17:44,691.02,2780636
1,GOOG,2016/04/28,16:17:52,691.02,2780636
1,GOOG,2016/04/28,16:18:43,691.02,2781836
1,GOOG,2016/04/28,16:18:44,691.02,2781836
1,GOOG,2016/04/28,16:18:53,691.02,2781836
1,GOOG,2016/04/28,16:19:44,691.02,2785243
1,GOOG,2016/04/28,16:19:45,691.02,2785243
1,GOOG,2016/04/28,16:19:53,691.02,2785243
1,GOOG,2016/04/28,16:20:45,691.02,2787314
1,GOOG,2016/04/28,16:20:47,691.02,2787314
1,GOOG,2016/04/28,16:20:54,691.02,2788111
1,GOOG,2016/04/28,16:21:45,691.02,2788907
1,GOOG,2016/04/28,16:21:48,691.02,2788907
1,GOOG,2016/04/28,16:21:55,691.02,2788957
1,GOOG,2016/04/28,16:22:46,691.02,2801695
1,GOOG,2016/04/28,16:22:49,691.02,2801695
1,GOOG,2016/04/28,16:22:56,691.02,2801695
1,GOOG,2016/04/28,16:23:47,691.02,2801716
1,GOOG,2016/04/28,16:23:50,691.02,2801716
1,GOOG,2016/04/28,16:23:56,691.02,2801716
1,GOOG,2016/04/28,16:24:48,691.02,2802116
1,GOOG,2016/04/28,16:24:50,691.02,2802116
1,GOOG,2016/04/28,16:24:57,691.02,2802116
1,GOOG,2016/04/28,16:25:50,691.02,2802220
1,GOOG,2016/04/28,16:25:51,691.02,2802220
1,GOOG,2016/04/28,16:25:58,691.02,2802221
1,GOOG,2016/04/28,16:26:51,691.02,2804432
1,GOOG,2016/04/28,16:26:52,691.02,2804432
1,GOOG,2016/04/28,16:26:58,691.02,2804432
1,GOOG,2016/04/28,16:27:51,691.02,2804717
1,GOOG,2016/04/28,16:27:53,691.02,2804717
1,GOOG,2016/04/28,16:27:59,691.02,2804817
1,GOOG,2016/04/28,19:06:28,691.02,2865390
1,GOOG,2016/04/28,19:07:28,691.02,2865390
1,GOOG,2016/04/28,19:08:29,691.02,2865390
1,GOOG,2016/04/28,19:09:30,691.02,2865390
1,GOOG,2016/04/28,19:10:31,691.02,2865390
1,GOOG,2016/04/28,19:11:32,691.02,2865390
1,GOOG,2016/04/28,19:12:32,691.02,2865390
1,GOOG,2016/04/28,19:13:33,691.02,2865390
1,GOOG,2016/04/28,19:14:34,691.02,2865390
1,GOOG,2016/04/28,19:15:35,691.02,2865390
1,GOOG,2016/04/28,19:16:35,691.02,2865390
1,GOOG,2016/04/28,19:17:36,691.02,2865390
1,GOOG,2016/04/28,19:18:37,691.02,2865390
1,GOOG,2016/04/28,19:19:37,691.02,2865390
1,GOOG,2016/04/28,19:20:38,691.02,2865390
1,GOOG,2016/04/28,19:21:39,691.02,2865390
1,GOOG,2016/04/28,19:22:39,691.02,2865390
1,GOOG,2016/04/28,19:23:40,691.02,2865390
1,GOOG,2016/04/28,19:24:41,691.02,2865390
1,GOOG,2016/04/28,19:25:42,691.02,2865390
1,GOOG,2016/04/28,19:26:42,691.02,2865390
1,GOOG,2016/04/28,19:27:43,691.02,2865390
1,GOOG,2016/04/28,19:28:44,691.02,2865390
1,GOOG,2016/04/28,19:29:44,691.02,2865390
1,GOOG,2016/04/28,19:30:45,691.02,2865390
1,GOOG,2016/04/28,19:31:46,691.02,2865390
1,GOOG,2016/04/28,19:32:47,691.02,2865440
1,GOOG,2016/04/28,19:33:47,691.02,2865440
1,GOOG,2016/04/28,19:34:48,691.02,2865440
1,GOOG,2016/04/28,19:35:49,691.02,2865440
1,GOOG,2016/04/28,19:36:50,691.02,2865440
1,GOOG,2016/04/28,19:37:50,691.02,2865440
1,GOOG,2016/04/28,19:38:51,691.02,2865440
1,GOOG,2016/04/28,19:39:52,691.02,2865440
1,GOOG,2016/04/28,19:40:52,691.02,2865490
1,GOOG,2016/04/28,19:41:53,691.02,2865490
1,GOOG,2016/04/28,19:42:54,691.02,2865490
1,GOOG,2016/04/28,19:43:55,691.02,2865490
1,GOOG,2016/04/28,19:44:55,691.02,2865490
1,GOOG,2016/04/28,19:45:56,691.02,2865490
1,GOOG,2016/04/28,19:46:57,691.02,2865490
1,GOOG,2016/04/28,19:47:58,691.02,2865490
1,GOOG,2016/04/28,19:48:59,691.02,2865490
1,GOOG,2016/04/28,19:50:00,691.02,2865490
1,GOOG,2016/04/28,19:51:00,691.02,2865490
1,GOOG,2016/04/28,19:52:01,691.02,2865490
1,GOOG,2016/04/28,19:53:02,691.02,2865490
1,GOOG,2016/04/28,19:54:03,691.02,2865490
1,GOOG,2016/04/28,19:55:04,691.02,2865490
1,GOOG,2016/04/28,19:56:04,691.02,2865490
1,GOOG,2016/04/28,19:57:05,691.02,2865563
1,GOOG,2016/04/28,19:58:06,691.02,2865563
1,GOOG,2016/04/28,19:59:07,691.02,2865663
1,GOOG,2016/04/28,20:00:08,691.02,2865693
1,GOOG,2016/04/28,20:01:09,691.02,2865693
1,GOOG,2016/04/28,20:02:09,691.02,2865694
1,GOOG,2016/04/28,20:03:10,691.02,2865694
1,GOOG,2016/04/28,20:04:11,691.02,2865724
1,GOOG,2016/04/28,20:05:12,691.02,2865724
1,GOOG,2016/04/28,20:06:12,691.02,2865724
1,GOOG,2016/04/28,20:07:13,691.02,2865724
1,GOOG,2016/04/28,20:08:15,691.02,2865724
1,GOOG,2016/04/28,20:09:16,691.02,2865984
1,GOOG,2016/04/28,20:10:17,691.02,2865984
1,GOOG,2016/04/28,20:11:18,691.02,2866204
1,GOOG,2016/04/28,20:12:18,691.02,2866219
1,GOOG,2016/04/28,20:13:19,691.02,2866569
1,GOOG,2016/04/28,20:14:20,691.02,2866855
1,GOOG,2016/04/28,20:15:21,691.02,2867255
1,GOOG,2016/04/28,20:16:21,691.02,2867255
1,GOOG,2016/04/28,20:17:22,691.02,2867255
1,GOOG,2016/04/28,20:18:24,691.02,2867255
1,GOOG,2016/04/28,20:19:25,691.02,2867255
1,GOOG,2016/04/28,20:20:26,691.02,2867255
1,GOOG,2016/04/28,20:21:54,691.02,2867255
1,GOOG,2016/04/28,20:22:55,691.02,2867255
1,GOOG,2016/04/28,20:23:56,691.02,2867255
1,GOOG,2016/04/28,20:24:56,691.02,2867255
1,GOOG,2016/04/28,20:25:57,691.02,2867255
1,GOOG,2016/04/28,20:26:59,691.02,2867255
1,GOOG,2016/04/28,20:28:00,691.02,2867255
1,GOOG,2016/04/28,20:29:02,691.02,2867255
1,GOOG,2016/04/28,20:30:02,691.02,2867255
1,GOOG,2016/04/28,20:31:03,691.02,2867255
1,GOOG,2016/04/28,20:32:05,691.02,2867255
1,GOOG,2016/04/28,20:33:06,691.02,2867255
1,GOOG,2016/04/28,20:34:07,691.02,2867255
1,GOOG,2016/04/28,20:35:09,691.02,2867255
1,GOOG,2016/04/28,20:36:10,691.02,2867255
1,GOOG,2016/04/28,20:37:11,691.02,2867255
1,GOOG,2016/04/28,20:38:12,691.02,2867255
1,GOOG,2016/04/28,20:39:13,691.02,2867255
1,GOOG,2016/04/28,20:40:13,691.02,2867255
1,GOOG,2016/04/28,20:41:15,691.02,2867255
1,GOOG,2016/04/28,20:42:16,691.02,2867255
1,GOOG,2016/04/28,20:43:17,691.02,2867255
1,GOOG,2016/04/28,20:44:19,691.02,2867255
1,GOOG,2016/04/28,20:45:20,691.02,2867255
1,GOOG,2016/04/28,20:46:21,691.02,2867255
1,GOOG,2016/04/28,20:47:21,691.02,2867255
1,GOOG,2016/04/28,20:48:22,691.02,2867255
1,GOOG,2016/04/28,20:49:23,691.02,2867255
1,GOOG,2016/04/28,20:50:25,691.02,2867255
1,GOOG,2016/04/28,20:51:27,691.02,2867255
1,GOOG,2016/04/28,20:52:28,691.02,2867255
1,GOOG,2016/04/28,20:53:29,691.02,2867255
1,GOOG,2016/04/28,20:54:30,691.02,2867255
1,GOOG,2016/04/28,20:55:31,691.02,2867255
1,GOOG,2016/04/28,20:56:31,691.02,2867255
1,GOOG,2016/04/28,20:57:32,691.02,2867255
1,GOOG,2016/04/28,20:58:33,691.02,2867255
1,GOOG,2016/04/28,20:59:34,691.02,2867255
1,GOOG,2016/04/28,21:00:35,691.02,2867255
1,GOOG,2016/04/28,21:01:36,691.02,2867255
1,GOOG,2016/04/28,21:02:37,691.02,2867255
1,GOOG,2016/04/28,21:03:38,691.02,2867255
1,GOOG,2016/04/28,21:04:39,691.02,2867255
1,GOOG,2016/04/28,21:05:41,691.02,2867255
1,GOOG,2016/04/28,21:06:42,691.02,2867255
1,GOOG,2016/04/28,21:07:43,691.02,2867255
1,GOOG,2016/04/28,21:08:44,691.02,2867255
1,GOOG,2016/04/28,21:09:46,691.02,2867255
1,GOOG,2016/04/28,21:10:47,691.02,2867255
1,GOOG,2016/04/28,21:11:47,691.02,2867255
1,GOOG,2016/04/28,21:12:48,691.02,2867255
1,GOOG,2016/04/28,21:13:49,691.02,2867255
1,GOOG,2016/04/28,21:14:49,691.02,2867255
1,GOOG,2016/04/28,21:15:50,691.02,2867255
1,GOOG,2016/04/28,21:16:51,691.02,2867255
1,GOOG,2016/04/28,21:17:51,691.02,2867255
1,GOOG,2016/04/28,21:18:52,691.02,2867255
1,GOOG,2016/04/28,21:19:53,691.02,2867255
1,GOOG,2016/04/28,21:20:54,691.02,2867255
1,GOOG,2016/04/28,21:21:54,691.02,2867255
1,GOOG,2016/04/28,21:22:55,691.02,2867255
1,GOOG,2016/04/28,21:23:57,691.02,2867255
1,GOOG,2016/04/28,21:24:59,691.02,2867255
1,GOOG,2016/04/28,21:26:00,691.02,2867255
1,GOOG,2016/04/28,21:27:01,691.02,2867255
1,GOOG,2016/04/28,21:28:02,691.02,2867255
1,GOOG,2016/04/28,21:29:02,691.02,2867255
1,GOOG,2016/04/28,21:30:04,691.02,2867255
1,GOOG,2016/04/28,21:31:05,691.02,2867255
1,GOOG,2016/04/28,21:32:06,691.02,2867255
1,GOOG,2016/04/28,21:33:07,691.02,2867255
1,GOOG,2016/04/28,21:34:08,691.02,2867255
1,GOOG,2016/04/28,21:35:09,691.02,2867255
1,GOOG,2016/04/28,21:36:10,691.02,2867255
1,GOOG,2016/04/28,21:37:12,691.02,2867255
1,GOOG,2016/04/28,21:38:13,691.02,2867255
1,GOOG,2016/04/28,21:39:14,691.02,2867255
1,GOOG,2016/04/28,21:40:16,691.02,2867255
1,GOOG,2016/04/28,21:41:17,691.02,2867255
1,GOOG,2016/04/28,21:42:18,691.02,2867255
1,GOOG,2016/04/28,21:43:19,691.02,2867255
1,GOOG,2016/04/28,21:44:20,691.02,2867255
1,GOOG,2016/04/28,21:45:21,691.02,2867255
1,GOOG,2016/04/28,21:46:26,691.02,2867255
1,GOOG,2016/04/28,21:47:27,691.02,2867255
1,GOOG,2016/04/28,21:48:28,691.02,2867255
1,GOOG,2016/04/28,21:49:29,691.02,2867255
1,GOOG,2016/04/28,21:50:30,691.02,2867255
1,GOOG,2016/04/28,21:51:31,691.02,2867255
1,GOOG,2016/04/28,21:52:31,691.02,2867255
1,GOOG,2016/04/28,21:53:32,691.02,2867255
1,GOOG,2016/04/28,21:54:34,691.02,2867255
1,GOOG,2016/04/28,21:55:35,691.02,2867255
1,GOOG,2016/04/28,21:56:38,691.02,2867255
1,GOOG,2016/04/28,21:57:39,691.02,2867255
1,GOOG,2016/04/28,21:58:39,691.02,2867255
1,GOOG,2016/04/28,21:59:40,691.02,2867255
1,GOOG,2016/04/28,22:00:41,691.02,2867255
1,GOOG,2016/04/28,22:01:43,691.02,2867255
1,GOOG,2016/04/28,22:02:44,691.02,2867255
1,GOOG,2016/04/28,22:03:45,691.02,2867255
1,GOOG,2016/04/28,22:04:46,691.02,2867255
1,GOOG,2016/04/28,22:05:47,691.02,2867255
1,GOOG,2016/04/28,22:06:48,691.02,2867255
1,GOOG,2016/04/28,22:07:49,691.02,2867255
1,GOOG,2016/04/28,22:08:50,691.02,2867255
1,GOOG,2016/04/28,22:09:51,691.02,2867255
1,GOOG,2016/04/28,22:10:55,691.02,2867255
1,GOOG,2016/04/28,22:11:56,691.02,2867255
1,GOOG,2016/04/28,22:12:57,691.02,2867255
1,GOOG,2016/04/28,22:13:58,691.02,2867255
1,GOOG,2016/04/28,22:15:02,691.02,2867255
1,GOOG,2016/04/28,22:17:34,691.02,2867255
1,GOOG,2016/04/28,22:18:35,691.02,2867255
1,GOOG,2016/04/28,22:19:36,691.02,2867255
1,GOOG,2016/04/28,22:20:37,691.02,2867255
1,GOOG,2016/04/28,22:21:38,691.02,2867255
1,GOOG,2016/04/28,22:22:38,691.02,2867255
1,GOOG,2016/04/28,22:23:39,691.02,2867255
1,GOOG,2016/04/28,22:24:41,691.02,2867255
1,GOOG,2016/04/28,22:25:43,691.02,2867255
1,GOOG,2016/04/28,22:26:44,691.02,2867255
1,GOOG,2016/04/28,22:27:45,691.02,2867255
1,GOOG,2016/04/28,22:28:46,691.02,2867255
1,GOOG,2016/04/28,22:29:47,691.02,2867255
1,GOOG,2016/04/28,22:30:47,691.02,2867255
1,GOOG,2016/04/28,22:31:48,691.02,2867255
1,GOOG,2016/04/28,22:32:50,691.02,2867255
