6,NVDA,2016/04/28,11:14:47,37.25,2107704
6,NVDA,2016/04/28,11:15:48,37.25,2128003
6,NVDA,2016/04/28,11:16:49,37.22,2164837
6,NVDA,2016/04/28,11:17:50,37.22,2182148
6,NVDA,2016/04/28,11:18:50,37.24,2296181
6,NVDA,2016/04/28,11:19:51,37.18,2339722
6,NVDA,2016/04/28,11:20:52,37.16,2356334
6,NVDA,2016/04/28,11:21:55,37.18,2365485
6,NVDA,2016/04/28,11:27:02,37.12,2429724
6,NVDA,2016/04/28,11:28:03,37.13,2459410
6,NVDA,2016/04/28,11:29:04,37.11,2465248
6,NVDA,2016/04/28,11:30:05,37.13,2475862
6,NVDA,2016/04/28,11:31:06,37.13,2486448
6,NVDA,2016/04/28,11:32:07,37.14,2505152
6,NVDA,2016/04/28,11:33:08,37.16,2518357
6,NVDA,2016/04/28,11:34:09,37.17,2529182
6,NVDA,2016/04/28,11:35:10,37.19,2538355
6,NVDA,2016/04/28,11:36:11,37.18,2545937
6,NVDA,2016/04/28,11:37:12,37.15,2552977
6,NVDA,2016/04/28,11:38:13,37.14,2561867
6,NVDA,2016/04/28,11:39:14,37.18,2580540
6,NVDA,2016/04/28,11:40:14,37.17,2587686
6,NVDA,2016/04/28,11:41:15,37.19,2599682
6,NVDA,2016/04/28,11:42:16,37.19,2612758
6,NVDA,2016/04/28,11:43:21,37.18,2626475
6,NVDA,2016/04/28,11:44:22,37.15,2639369
6,NVDA,2016/04/28,11:45:24,37.15,2664530
6,NVDA,2016/04/28,11:46:25,37.16,2677550
6,NVDA,2016/04/28,11:47:25,37.14,2682498
6,NVDA,2016/04/28,11:48:26,37.13,2689643
6,NVDA,2016/04/28,11:49:27,37.14,2700926
6,NVDA,2016/04/28,11:50:28,37.13,2710616
6,NVDA,2016/04/28,11:51:29,37.13,2722932
6,NVDA,2016/04/28,11:52:29,37.13,2736882
6,NVDA,2016/04/28,11:53:30,37.12,2748629
6,NVDA,2016/04/28,11:54:31,37.09,2759584
6,NVDA,2016/04/28,11:55:32,37.10,2764828
6,NVDA,2016/04/28,11:56:33,37.13,2787494
6,NVDA,2016/04/28,11:57:34,37.15,2806873
6,NVDA,2016/04/28,11:58:34,37.15,2823913
6,NVDA,2016/04/28,11:59:35,37.15,2830945
6,NVDA,2016/04/28,12:00:36,37.15,2832545
6,NVDA,2016/04/28,12:01:36,37.15,2862376
6,NVDA,2016/04/28,12:02:37,37.15,2878036
6,NVDA,2016/04/28,12:03:38,37.16,2882679
6,NVDA,2016/04/28,12:04:39,37.16,2884189
6,NVDA,2016/04/28,12:05:39,37.15,2906503
6,NVDA,2016/04/28,12:06:40,37.15,2912758
6,NVDA,2016/04/28,12:07:41,37.15,2917973
6,NVDA,2016/04/28,12:08:41,37.12,2923907
6,NVDA,2016/04/28,12:09:42,37.11,2930455
6,NVDA,2016/04/28,12:10:43,37.08,2935894
6,NVDA,2016/04/28,12:11:43,37.12,2948091
6,NVDA,2016/04/28,12:12:44,37.12,2952388
6,NVDA,2016/04/28,12:13:45,37.12,2956522
6,NVDA,2016/04/28,12:14:45,37.12,2957484
6,NVDA,2016/04/28,12:15:46,37.14,2993385
6,NVDA,2016/04/28,12:16:47,37.14,3003974
6,NVDA,2016/04/28,12:17:48,37.15,3005500
6,NVDA,2016/04/28,12:18:49,37.14,3023923
6,NVDA,2016/04/28,12:19:50,37.12,3155522
6,NVDA,2016/04/28,12:20:50,37.15,3191279
6,NVDA,2016/04/28,12:21:51,37.17,3199206
6,NVDA,2016/04/28,12:22:52,37.16,3209564
6,NVDA,2016/04/28,12:23:53,37.17,3215635
6,NVDA,2016/04/28,12:24:54,37.19,3245900
6,NVDA,2016/04/28,12:25:55,37.17,3251814
6,NVDA,2016/04/28,12:26:55,37.16,3260214
6,NVDA,2016/04/28,12:27:56,37.17,3263894
6,NVDA,2016/04/28,12:28:57,37.16,3278083
6,NVDA,2016/04/28,12:29:57,37.11,3287113
6,NVDA,2016/04/28,12:30:58,37.08,3296074
6,NVDA,2016/04/28,12:31:59,37.08,3302013
6,NVDA,2016/04/28,12:33:00,37.07,3316271
6,NVDA,2016/04/28,12:34:01,37.07,3370946
6,NVDA,2016/04/28,12:35:02,37.08,3399819
6,NVDA,2016/04/28,12:36:03,37.08,3407063
6,NVDA,2016/04/28,12:37:04,37.10,3426852
6,NVDA,2016/04/28,12:38:05,37.08,3430152
6,NVDA,2016/04/28,12:39:06,37.06,3434028
6,NVDA,2016/04/28,12:40:09,37.04,3442884
6,NVDA,2016/04/28,12:41:10,37.02,3455066
6,NVDA,2016/04/28,12:42:11,37.01,3465280
6,NVDA,2016/04/28,12:43:12,37.01,3485276
6,NVDA,2016/04/28,12:44:13,36.99,3511222
6,NVDA,2016/04/28,12:45:13,36.98,3519931
6,NVDA,2016/04/28,12:46:14,36.95,3549678
6,NVDA,2016/04/28,12:47:15,36.96,3555202
6,NVDA,2016/04/28,12:48:16,36.97,3561964
6,NVDA,2016/04/28,12:49:17,36.98,3565173
6,NVDA,2016/04/28,12:50:18,37.00,3567734
6,NVDA,2016/04/28,12:51:19,36.96,3577724
6,NVDA,2016/04/28,12:52:20,36.95,3585243
6,NVDA,2016/04/28,12:53:21,36.97,3592797
6,NVDA,2016/04/28,12:54:21,36.96,3597712
6,NVDA,2016/04/28,12:55:23,36.97,3601999
6,NVDA,2016/04/28,12:56:23,36.97,3604476
6,NVDA,2016/04/28,12:57:25,36.95,3608368
6,NVDA,2016/04/28,12:58:27,36.95,3614883
6,NVDA,2016/04/28,12:59:29,36.95,3624434
6,NVDA,2016/04/28,13:00:30,36.93,3638570
6,NVDA,2016/04/28,13:01:31,36.93,3641239
6,NVDA,2016/04/28,13:02:32,36.93,3649150
6,NVDA,2016/04/28,13:03:33,36.93,3654832
6,NVDA,2016/04/28,13:04:34,36.93,3659405
6,NVDA,2016/04/28,13:05:35,36.90,3666925
6,NVDA,2016/04/28,13:06:36,36.87,3689666
6,NVDA,2016/04/28,13:07:37,36.91,3697286
6,NVDA,2016/04/28,13:08:38,36.92,3703019
6,NVDA,2016/04/28,13:09:38,36.94,3704934
6,NVDA,2016/04/28,13:10:39,36.93,3726188
6,NVDA,2016/04/28,13:11:40,36.93,3734645
6,NVDA,2016/04/28,13:12:41,36.96,3739651
6,NVDA,2016/04/28,13:13:42,36.92,3742325
6,NVDA,2016/04/28,13:14:42,36.93,3754625
6,NVDA,2016/04/28,13:15:43,36.92,3771917
6,NVDA,2016/04/28,13:16:44,36.90,3787397
6,NVDA,2016/04/28,13:17:45,36.86,3827950
6,NVDA,2016/04/28,13:18:46,36.85,3839072
6,NVDA,2016/04/28,13:19:46,36.84,3847554
6,NVDA,2016/04/28,13:20:47,36.80,3872436
6,NVDA,2016/04/28,13:21:48,36.83,3886346
6,NVDA,2016/04/28,13:22:49,36.86,3890344
6,NVDA,2016/04/28,13:23:50,36.87,3925921
6,NVDA,2016/04/28,13:24:50,36.84,3936758
6,NVDA,2016/04/28,13:25:51,36.84,3946397
6,NVDA,2016/04/28,13:26:52,36.81,3965138
6,NVDA,2016/04/28,13:27:53,36.80,3969163
6,NVDA,2016/04/28,13:28:54,36.81,3977068
6,NVDA,2016/04/28,13:29:54,36.82,3988008
6,NVDA,2016/04/28,13:30:55,36.75,4007985
6,NVDA,2016/04/28,13:31:56,36.77,4016591
6,NVDA,2016/04/28,13:32:57,36.77,4031296
6,NVDA,2016/04/28,13:33:58,36.77,4043570
6,NVDA,2016/04/28,13:34:58,36.78,4050173
6,NVDA,2016/04/28,13:35:59,36.77,4053534
6,NVDA,2016/04/28,13:37:00,36.76,4060233
6,NVDA,2016/04/28,13:38:01,36.72,4080728
6,NVDA,2016/04/28,13:39:01,36.79,4136701
6,NVDA,2016/04/28,13:40:02,36.75,4154297
6,NVDA,2016/04/28,13:41:03,36.74,4162123
6,NVDA,2016/04/28,13:42:04,36.71,4169998
6,NVDA,2016/04/28,13:43:05,36.76,4193136
6,NVDA,2016/04/28,13:44:05,36.79,4207115
6,NVDA,2016/04/28,13:45:06,36.78,4240324
6,NVDA,2016/04/28,13:46:07,36.79,4268062
6,NVDA,2016/04/28,13:47:09,36.82,4303624
6,NVDA,2016/04/28,13:48:10,36.85,4316186
6,NVDA,2016/04/28,13:49:11,36.82,4329752
6,NVDA,2016/04/28,13:50:12,36.84,4340253
6,NVDA,2016/04/28,13:51:12,36.77,4425832
6,NVDA,2016/04/28,13:52:13,36.77,4430962
6,NVDA,2016/04/28,13:53:14,36.76,4437191
6,NVDA,2016/04/28,13:54:15,36.77,4449818
6,NVDA,2016/04/28,13:55:18,36.76,4459279
6,NVDA,2016/04/28,13:56:19,36.71,4478608
6,NVDA,2016/04/28,13:57:20,36.71,4489289
6,NVDA,2016/04/28,13:58:21,36.68,4513584
6,NVDA,2016/04/28,13:59:22,36.67,4524875
6,NVDA,2016/04/28,14:00:23,36.66,4533248
6,NVDA,2016/04/28,14:01:24,36.61,4549059
6,NVDA,2016/04/28,14:02:25,36.63,4561477
6,NVDA,2016/04/28,14:03:25,36.68,4604994
6,NVDA,2016/04/28,14:04:26,36.65,4624519
6,NVDA,2016/04/28,14:05:27,36.65,4634065
6,NVDA,2016/04/28,14:06:28,36.64,4639286
6,NVDA,2016/04/28,14:07:40,36.68,4655484
6,NVDA,2016/04/28,14:08:41,36.69,4667943
6,NVDA,2016/04/28,14:09:42,36.69,4675514
6,NVDA,2016/04/28,14:10:43,36.69,4679134
6,NVDA,2016/04/28,14:11:44,36.69,4703015
6,NVDA,2016/04/28,14:12:45,36.67,4712075
6,NVDA,2016/04/28,14:13:45,36.67,4717726
6,NVDA,2016/04/28,14:14:46,36.67,4732876
6,NVDA,2016/04/28,14:15:47,36.64,4775458
6,NVDA,2016/04/28,14:16:48,36.65,4798601
6,NVDA,2016/04/28,14:17:48,36.65,4822574
6,NVDA,2016/04/28,14:18:49,36.64,4833246
6,NVDA,2016/04/28,14:19:50,36.61,4851002
6,NVDA,2016/04/28,14:20:51,36.65,4869850
6,NVDA,2016/04/28,14:21:52,36.65,4886383
6,NVDA,2016/04/28,14:22:52,36.63,4901396
6,NVDA,2016/04/28,14:23:53,36.62,4924098
6,NVDA,2016/04/28,14:24:54,36.63,4939638
6,NVDA,2016/04/28,14:25:55,36.62,4946632
6,NVDA,2016/04/28,14:26:55,36.59,4969699
6,NVDA,2016/04/28,14:27:56,36.60,4982220
6,NVDA,2016/04/28,14:28:57,36.62,5001481
6,NVDA,2016/04/28,14:29:58,36.61,5011018
6,NVDA,2016/04/28,14:30:59,36.63,5016637
6,NVDA,2016/04/28,14:31:59,36.62,5027657
6,NVDA,2016/04/28,14:33:00,36.63,5035713
6,NVDA,2016/04/28,14:33:12,36.62,5036468
6,NVDA,2016/04/28,14:33:27,36.61,5040100
6,NVDA,2016/04/28,14:34:01,36.61,5041766
6,NVDA,2016/04/28,14:34:12,36.61,5042307
6,NVDA,2016/04/28,14:34:28,36.61,5043095
6,NVDA,2016/04/28,14:35:02,36.61,5046205
6,NVDA,2016/04/28,14:35:13,36.61,5047010
6,NVDA,2016/04/28,14:35:29,36.61,5055291
6,NVDA,2016/04/28,14:36:03,36.60,5060567
6,NVDA,2016/04/28,14:36:14,36.57,5069969
6,NVDA,2016/04/28,14:36:14,36.57,5069969
6,NVDA,2016/04/28,14:36:30,36.58,5075817
6,NVDA,2016/04/28,14:37:03,36.56,5081549
6,NVDA,2016/04/28,14:37:15,36.56,5082199
6,NVDA,2016/04/28,14:37:15,36.56,5082199
6,NVDA,2016/04/28,14:37:31,36.56,5092399
6,NVDA,2016/04/28,14:38:04,36.56,5095019
6,NVDA,2016/04/28,14:38:16,36.51,5102242
6,NVDA,2016/04/28,14:38:16,36.51,5102242
6,NVDA,2016/04/28,14:38:32,36.53,5106502
6,NVDA,2016/04/28,14:39:05,36.54,5117418
6,NVDA,2016/04/28,14:39:16,36.52,5119362
6,NVDA,2016/04/28,14:39:16,36.52,5119362
6,NVDA,2016/04/28,14:39:32,36.58,5138903
6,NVDA,2016/04/28,14:40:05,36.59,5156633
6,NVDA,2016/04/28,14:40:17,36.59,5156733
6,NVDA,2016/04/28,14:40:17,36.59,5156733
6,NVDA,2016/04/28,14:40:36,36.59,5160629
6,NVDA,2016/04/28,14:41:06,36.58,5173943
6,NVDA,2016/04/28,14:41:18,36.58,5174444
6,NVDA,2016/04/28,14:41:18,36.58,5174444
6,NVDA,2016/04/28,14:41:37,36.59,5176382
6,NVDA,2016/04/28,14:42:07,36.60,5189646
6,NVDA,2016/04/28,14:42:19,36.60,5195513
6,NVDA,2016/04/28,14:42:19,36.60,5195513
6,NVDA,2016/04/28,14:42:38,36.60,5196758
6,NVDA,2016/04/28,14:43:09,36.61,5212066
6,NVDA,2016/04/28,14:43:19,36.61,5214466
6,NVDA,2016/04/28,14:43:20,36.61,5214466
6,NVDA,2016/04/28,14:43:39,36.60,5228621
6,NVDA,2016/04/28,14:44:09,36.60,5233671
6,NVDA,2016/04/28,14:44:20,36.63,5246076
6,NVDA,2016/04/28,14:44:20,36.63,5246276
6,NVDA,2016/04/28,14:44:39,36.62,5246676
6,NVDA,2016/04/28,14:45:10,36.63,5266079
6,NVDA,2016/04/28,14:45:21,36.63,5280981
6,NVDA,2016/04/28,14:45:21,36.63,5280981
6,NVDA,2016/04/28,14:45:40,36.63,5282781
6,NVDA,2016/04/28,14:46:11,36.63,5291821
6,NVDA,2016/04/28,14:46:22,36.63,5295243
6,NVDA,2016/04/28,14:46:22,36.63,5295243
6,NVDA,2016/04/28,14:46:41,36.63,5307926
6,NVDA,2016/04/28,14:47:12,36.63,5309690
6,NVDA,2016/04/28,14:47:23,36.63,5310590
6,NVDA,2016/04/28,14:47:23,36.63,5310590
6,NVDA,2016/04/28,14:47:42,36.62,5321028
6,NVDA,2016/04/28,14:48:13,36.60,5330121
6,NVDA,2016/04/28,14:48:24,36.61,5333771
6,NVDA,2016/04/28,14:48:24,36.61,5333771
6,NVDA,2016/04/28,14:48:43,36.60,5339171
6,NVDA,2016/04/28,14:49:13,36.59,5342913
6,NVDA,2016/04/28,14:49:24,36.58,5343327
6,NVDA,2016/04/28,14:49:25,36.58,5343327
6,NVDA,2016/04/28,14:49:44,36.57,5355182
6,NVDA,2016/04/28,14:50:14,36.59,5371925
6,NVDA,2016/04/28,14:50:25,36.59,5372449
6,NVDA,2016/04/28,14:50:25,36.59,5372449
6,NVDA,2016/04/28,14:50:45,36.61,5380674
6,NVDA,2016/04/28,14:51:16,36.59,5396271
6,NVDA,2016/04/28,14:51:26,36.58,5396521
6,NVDA,2016/04/28,14:51:27,36.59,5397076
6,NVDA,2016/04/28,14:51:46,36.57,5416793
6,NVDA,2016/04/28,14:52:17,36.54,5422961
6,NVDA,2016/04/28,14:52:27,36.53,5423737
6,NVDA,2016/04/28,14:52:28,36.53,5423737
6,NVDA,2016/04/28,14:52:46,36.52,5432843
6,NVDA,2016/04/28,14:53:18,36.51,5448813
6,NVDA,2016/04/28,14:53:28,36.52,5452018
6,NVDA,2016/04/28,14:53:29,36.52,5452318
6,NVDA,2016/04/28,14:53:47,36.53,5452418
6,NVDA,2016/04/28,14:54:19,36.54,5460360
6,NVDA,2016/04/28,14:54:29,36.55,5465966
6,NVDA,2016/04/28,14:54:29,36.55,5465966
6,NVDA,2016/04/28,14:54:48,36.53,5478358
6,NVDA,2016/04/28,14:55:22,36.53,5480768
6,NVDA,2016/04/28,14:55:29,36.53,5480768
6,NVDA,2016/04/28,14:55:30,36.53,5480768
6,NVDA,2016/04/28,14:55:49,36.52,5481668
6,NVDA,2016/04/28,14:56:23,36.53,5501094
6,NVDA,2016/04/28,14:56:30,36.53,5502094
6,NVDA,2016/04/28,14:56:31,36.53,5502094
6,NVDA,2016/04/28,14:56:50,36.52,5505453
6,NVDA,2016/04/28,14:57:24,36.52,5513820
6,NVDA,2016/04/28,14:57:31,36.52,5514120
6,NVDA,2016/04/28,14:57:32,36.52,5514120
6,NVDA,2016/04/28,14:57:51,36.53,5515070
6,NVDA,2016/04/28,14:58:25,36.52,5516176
6,NVDA,2016/04/28,14:58:33,36.52,5517076
6,NVDA,2016/04/28,14:58:33,36.52,5517076
6,NVDA,2016/04/28,14:58:52,36.50,5529144
6,NVDA,2016/04/28,14:59:26,36.51,5530042
6,NVDA,2016/04/28,14:59:33,36.51,5530442
6,NVDA,2016/04/28,14:59:34,36.51,5530442
6,NVDA,2016/04/28,14:59:53,36.51,5538075
6,NVDA,2016/04/28,15:00:26,36.47,5562806
6,NVDA,2016/04/28,15:00:34,36.47,5568416
6,NVDA,2016/04/28,15:00:35,36.48,5570416
6,NVDA,2016/04/28,15:00:53,36.47,5574120
6,NVDA,2016/04/28,15:01:27,36.48,5582235
6,NVDA,2016/04/28,15:01:35,36.47,5588602
6,NVDA,2016/04/28,15:01:36,36.47,5588602
6,NVDA,2016/04/28,15:01:55,36.47,5589305
6,NVDA,2016/04/28,15:02:28,36.47,5592726
6,NVDA,2016/04/28,15:02:35,36.47,5599265
6,NVDA,2016/04/28,15:02:36,36.47,5599265
6,NVDA,2016/04/28,15:02:56,36.47,5605046
6,NVDA,2016/04/28,15:03:29,36.47,5618523
6,NVDA,2016/04/28,15:03:36,36.48,5625023
6,NVDA,2016/04/28,15:03:37,36.48,5625333
6,NVDA,2016/04/28,15:03:57,36.49,5634662
6,NVDA,2016/04/28,15:04:29,36.47,5640796
6,NVDA,2016/04/28,15:04:37,36.47,5640996
6,NVDA,2016/04/28,15:04:41,36.48,5641196
6,NVDA,2016/04/28,15:04:58,36.47,5642217
6,NVDA,2016/04/28,15:05:30,36.48,5642536
6,NVDA,2016/04/28,15:05:38,36.47,5651348
6,NVDA,2016/04/28,15:05:42,36.47,5651348
6,NVDA,2016/04/28,15:05:59,36.46,5655242
6,NVDA,2016/04/28,15:06:31,36.47,5659266
6,NVDA,2016/04/28,15:06:39,36.47,5659327
6,NVDA,2016/04/28,15:06:43,36.46,5659427
6,NVDA,2016/04/28,15:07:00,36.47,5660527
6,NVDA,2016/04/28,15:07:32,36.45,5668630
6,NVDA,2016/04/28,15:07:39,36.45,5669430
6,NVDA,2016/04/28,15:07:43,36.46,5669573
6,NVDA,2016/04/28,15:08:00,36.42,5675689
6,NVDA,2016/04/28,15:08:33,36.41,5686663
6,NVDA,2016/04/28,15:08:40,36.41,5686813
6,NVDA,2016/04/28,15:08:44,36.43,5694575
6,NVDA,2016/04/28,15:09:01,36.43,5703632
6,NVDA,2016/04/28,15:09:34,36.43,5710152
6,NVDA,2016/04/28,15:09:41,36.43,5710152
6,NVDA,2016/04/28,15:09:45,36.44,5714952
6,NVDA,2016/04/28,15:10:02,36.43,5719452
6,NVDA,2016/04/28,15:10:34,36.44,5727051
6,NVDA,2016/04/28,15:10:41,36.44,5731835
6,NVDA,2016/04/28,15:10:45,36.43,5732135
6,NVDA,2016/04/28,15:11:03,36.43,5745445
6,NVDA,2016/04/28,15:11:35,36.42,5761456
6,NVDA,2016/04/28,15:11:45,36.41,5766149
6,NVDA,2016/04/28,15:11:46,36.41,5766149
6,NVDA,2016/04/28,15:12:03,36.42,5768672
6,NVDA,2016/04/28,15:12:39,36.46,5788918
6,NVDA,2016/04/28,15:12:46,36.46,5789118
6,NVDA,2016/04/28,15:12:47,36.46,5789118
6,NVDA,2016/04/28,15:13:04,36.46,5790656
6,NVDA,2016/04/28,15:13:40,36.46,5796586
6,NVDA,2016/04/28,15:13:47,36.46,5796586
6,NVDA,2016/04/28,15:13:48,36.46,5796586
6,NVDA,2016/04/28,15:14:05,36.46,5810078
6,NVDA,2016/04/28,15:14:41,36.47,5811462
6,NVDA,2016/04/28,15:14:48,36.46,5812297
6,NVDA,2016/04/28,15:14:48,36.46,5812297
6,NVDA,2016/04/28,15:15:06,36.46,5812504
6,NVDA,2016/04/28,15:15:41,36.47,5817147
6,NVDA,2016/04/28,15:15:49,36.47,5817162
6,NVDA,2016/04/28,15:15:49,36.47,5817162
6,NVDA,2016/04/28,15:16:07,36.47,5817615
6,NVDA,2016/04/28,15:16:42,36.46,5818774
6,NVDA,2016/04/28,15:16:50,36.47,5819104
6,NVDA,2016/04/28,15:16:50,36.47,5819104
6,NVDA,2016/04/28,15:17:08,36.48,5829938
6,NVDA,2016/04/28,15:17:43,36.47,5833439
6,NVDA,2016/04/28,15:17:51,36.47,5833839
6,NVDA,2016/04/28,15:17:51,36.47,5833839
6,NVDA,2016/04/28,15:18:09,36.47,5840327
6,NVDA,2016/04/28,15:18:45,36.49,5866633
6,NVDA,2016/04/28,15:18:52,36.48,5874790
6,NVDA,2016/04/28,15:18:52,36.48,5874790
6,NVDA,2016/04/28,15:19:09,36.47,5881257
6,NVDA,2016/04/28,15:19:46,36.46,5886757
6,NVDA,2016/04/28,15:19:52,36.47,5892705
6,NVDA,2016/04/28,15:19:53,36.47,5892705
6,NVDA,2016/04/28,15:20:10,36.49,5900578
6,NVDA,2016/04/28,15:20:47,36.47,5911378
6,NVDA,2016/04/28,15:20:53,36.47,5911378
6,NVDA,2016/04/28,15:20:54,36.47,5911378
6,NVDA,2016/04/28,15:21:11,36.48,5918021
6,NVDA,2016/04/28,15:21:47,36.44,5936242
6,NVDA,2016/04/28,15:21:54,36.44,5936298
6,NVDA,2016/04/28,15:21:54,36.44,5936298
6,NVDA,2016/04/28,15:22:12,36.43,5951298
6,NVDA,2016/04/28,15:22:48,36.43,5965330
6,NVDA,2016/04/28,15:22:55,36.44,5965770
6,NVDA,2016/04/28,15:22:55,36.44,5965770
6,NVDA,2016/04/28,15:23:13,36.43,5968318
6,NVDA,2016/04/28,15:23:49,36.44,5969666
6,NVDA,2016/04/28,15:23:55,36.43,5980786
6,NVDA,2016/04/28,15:23:56,36.43,5980786
6,NVDA,2016/04/28,15:24:13,36.42,5997992
6,NVDA,2016/04/28,15:24:50,36.41,6009762
6,NVDA,2016/04/28,15:24:56,36.41,6012828
6,NVDA,2016/04/28,15:24:56,36.40,6017401
6,NVDA,2016/04/28,15:25:14,36.39,6032412
6,NVDA,2016/04/28,15:25:51,36.39,6036800
6,NVDA,2016/04/28,15:25:57,36.40,6037100
6,NVDA,2016/04/28,15:25:57,36.40,6037100
6,NVDA,2016/04/28,15:26:14,36.41,6059418
6,NVDA,2016/04/28,15:26:51,36.40,6067763
6,NVDA,2016/04/28,15:26:58,36.41,6070882
6,NVDA,2016/04/28,15:26:58,36.41,6070882
6,NVDA,2016/04/28,15:27:15,36.41,6078816
6,NVDA,2016/04/28,15:27:52,36.39,6113828
6,NVDA,2016/04/28,15:27:58,36.39,6116356
6,NVDA,2016/04/28,15:27:58,36.39,6116506
6,NVDA,2016/04/28,15:28:16,36.38,6126751
6,NVDA,2016/04/28,15:28:53,36.35,6135285
6,NVDA,2016/04/28,15:28:59,36.35,6135285
6,NVDA,2016/04/28,15:28:59,36.35,6135285
6,NVDA,2016/04/28,15:29:18,36.35,6141941
6,NVDA,2016/04/28,15:29:54,36.35,6146436
6,NVDA,2016/04/28,15:30:00,36.35,6148922
6,NVDA,2016/04/28,15:30:01,36.35,6148922
6,NVDA,2016/04/28,15:30:18,36.29,6163283
6,NVDA,2016/04/28,15:30:54,36.31,6187327
6,NVDA,2016/04/28,15:31:01,36.32,6189127
6,NVDA,2016/04/28,15:31:02,36.32,6189127
6,NVDA,2016/04/28,15:31:19,36.30,6199691
6,NVDA,2016/04/28,15:31:55,36.30,6205055
6,NVDA,2016/04/28,15:32:02,36.31,6210279
6,NVDA,2016/04/28,15:32:04,36.31,6210279
6,NVDA,2016/04/28,15:32:20,36.33,6231755
6,NVDA,2016/04/28,15:32:57,36.35,6245016
6,NVDA,2016/04/28,15:33:04,36.35,6247016
6,NVDA,2016/04/28,15:33:06,36.35,6247016
6,NVDA,2016/04/28,15:33:21,36.36,6262887
6,NVDA,2016/04/28,15:33:58,36.32,6273509
6,NVDA,2016/04/28,15:34:05,36.31,6276353
6,NVDA,2016/04/28,15:34:06,36.30,6276853
6,NVDA,2016/04/28,15:34:22,36.31,6283668
6,NVDA,2016/04/28,15:34:58,36.32,6299459
6,NVDA,2016/04/28,15:35:06,36.32,6304859
6,NVDA,2016/04/28,15:35:07,36.32,6304859
6,NVDA,2016/04/28,15:35:22,36.30,6318752
6,NVDA,2016/04/28,15:35:59,36.30,6386026
6,NVDA,2016/04/28,15:36:06,36.30,6390631
6,NVDA,2016/04/28,15:36:08,36.30,6390631
6,NVDA,2016/04/28,15:36:23,36.30,6400553
6,NVDA,2016/04/28,15:37:00,36.32,6428237
6,NVDA,2016/04/28,15:37:07,36.32,6428737
6,NVDA,2016/04/28,15:37:09,36.32,6428737
6,NVDA,2016/04/28,15:37:24,36.31,6437819
6,NVDA,2016/04/28,15:38:01,36.31,6443501
6,NVDA,2016/04/28,15:38:08,36.31,6443701
6,NVDA,2016/04/28,15:38:09,36.31,6443701
6,NVDA,2016/04/28,15:38:25,36.31,6447269
6,NVDA,2016/04/28,15:39:02,36.26,6473158
6,NVDA,2016/04/28,15:39:09,36.26,6479541
6,NVDA,2016/04/28,15:39:10,36.26,6479541
6,NVDA,2016/04/28,15:39:26,36.26,6482567
6,NVDA,2016/04/28,15:40:02,36.26,6503339
6,NVDA,2016/04/28,15:40:09,36.26,6508436
6,NVDA,2016/04/28,15:40:11,36.27,6509335
6,NVDA,2016/04/28,15:40:27,36.24,6550134
6,NVDA,2016/04/28,15:41:03,36.18,6620974
6,NVDA,2016/04/28,15:41:10,36.18,6621117
6,NVDA,2016/04/28,15:41:11,36.18,6621118
6,NVDA,2016/04/28,15:41:28,36.22,6637909
6,NVDA,2016/04/28,15:42:04,36.22,6679451
6,NVDA,2016/04/28,15:42:11,36.23,6686376
6,NVDA,2016/04/28,15:42:12,36.23,6686376
6,NVDA,2016/04/28,15:42:29,36.25,6689528
6,NVDA,2016/04/28,15:43:05,36.26,6715180
6,NVDA,2016/04/28,15:43:12,36.28,6723404
6,NVDA,2016/04/28,15:43:13,36.27,6723584
6,NVDA,2016/04/28,15:43:29,36.26,6732624
6,NVDA,2016/04/28,15:44:05,36.25,6753093
6,NVDA,2016/04/28,15:44:12,36.24,6753388
6,NVDA,2016/04/28,15:44:14,36.24,6753388
6,NVDA,2016/04/28,15:44:30,36.21,6760172
6,NVDA,2016/04/28,15:45:06,36.19,6781260
6,NVDA,2016/04/28,15:45:13,36.20,6781791
6,NVDA,2016/04/28,15:45:15,36.20,6785192
6,NVDA,2016/04/28,15:45:33,36.23,6800035
6,NVDA,2016/04/28,15:46:08,36.22,6806197
6,NVDA,2016/04/28,15:46:15,36.21,6810751
6,NVDA,2016/04/28,15:46:16,36.21,6810751
6,NVDA,2016/04/28,15:46:33,36.24,6832065
6,NVDA,2016/04/28,15:47:09,36.24,6862565
6,NVDA,2016/04/28,15:47:16,36.24,6868170
6,NVDA,2016/04/28,15:47:16,36.24,6870970
6,NVDA,2016/04/28,15:47:34,36.23,6879426
6,NVDA,2016/04/28,15:48:09,36.21,6914562
6,NVDA,2016/04/28,15:48:17,36.20,6915664
6,NVDA,2016/04/28,15:48:17,36.20,6915664
6,NVDA,2016/04/28,15:48:36,36.20,6918274
6,NVDA,2016/04/28,15:49:10,36.17,6928304
6,NVDA,2016/04/28,15:49:17,36.19,6932605
6,NVDA,2016/04/28,15:49:18,36.19,6932605
6,NVDA,2016/04/28,15:49:36,36.18,6950334
6,NVDA,2016/04/28,15:50:11,36.17,6969130
6,NVDA,2016/04/28,15:50:18,36.20,6979335
6,NVDA,2016/04/28,15:50:18,36.20,6979335
6,NVDA,2016/04/28,15:50:37,36.17,6989578
6,NVDA,2016/04/28,15:51:11,36.18,7012346
6,NVDA,2016/04/28,15:51:19,36.20,7015562
6,NVDA,2016/04/28,15:51:19,36.20,7015562
6,NVDA,2016/04/28,15:51:38,36.20,7023800
6,NVDA,2016/04/28,15:52:12,36.19,7042097
6,NVDA,2016/04/28,15:52:20,36.18,7051957
6,NVDA,2016/04/28,15:52:20,36.18,7051957
6,NVDA,2016/04/28,15:52:39,36.17,7067177
6,NVDA,2016/04/28,15:53:13,36.16,7083471
6,NVDA,2016/04/28,15:53:20,36.16,7084547
6,NVDA,2016/04/28,15:53:20,36.16,7084547
6,NVDA,2016/04/28,15:53:40,36.13,7107223
6,NVDA,2016/04/28,15:54:14,36.15,7132280
6,NVDA,2016/04/28,15:54:21,36.14,7134337
6,NVDA,2016/04/28,15:54:21,36.14,7134337
6,NVDA,2016/04/28,15:54:40,36.16,7152559
6,NVDA,2016/04/28,15:55:14,36.13,7188470
6,NVDA,2016/04/28,15:55:22,36.13,7188970
6,NVDA,2016/04/28,15:55:22,36.13,7188970
6,NVDA,2016/04/28,15:55:41,36.13,7190575
6,NVDA,2016/04/28,15:56:15,36.12,7225863
6,NVDA,2016/04/28,15:56:23,36.15,7245731
6,NVDA,2016/04/28,15:56:23,36.15,7245731
6,NVDA,2016/04/28,15:56:42,36.15,7268135
6,NVDA,2016/04/28,15:57:19,36.15,7400197
6,NVDA,2016/04/28,15:57:23,36.15,7400197
6,NVDA,2016/04/28,15:57:23,36.15,7400197
6,NVDA,2016/04/28,15:57:42,36.15,7415380
6,NVDA,2016/04/28,15:58:20,36.15,7445419
6,NVDA,2016/04/28,15:58:24,36.16,7447301
6,NVDA,2016/04/28,15:58:24,36.16,7447301
6,NVDA,2016/04/28,15:58:43,36.16,7457570
6,NVDA,2016/04/28,15:59:21,36.16,7477897
6,NVDA,2016/04/28,15:59:25,36.16,7481114
6,NVDA,2016/04/28,15:59:25,36.16,7481114
6,NVDA,2016/04/28,15:59:44,36.18,7546999
6,NVDA,2016/04/28,16:00:21,36.22,7610640
6,NVDA,2016/04/28,16:00:28,36.22,7619595
6,NVDA,2016/04/28,16:00:29,36.22,7619595
6,NVDA,2016/04/28,16:00:44,36.23,7629836
6,NVDA,2016/04/28,16:01:22,36.25,7667903
6,NVDA,2016/04/28,16:01:29,36.25,7677701
6,NVDA,2016/04/28,16:01:30,36.25,7677701
6,NVDA,2016/04/28,16:01:45,36.25,7686392
6,NVDA,2016/04/28,16:02:23,36.26,7710174
6,NVDA,2016/04/28,16:02:30,36.28,7721197
6,NVDA,2016/04/28,16:02:31,36.28,7721207
6,NVDA,2016/04/28,16:02:46,36.28,7765167
6,NVDA,2016/04/28,16:03:24,36.30,7885496
6,NVDA,2016/04/28,16:03:30,36.31,7901781
6,NVDA,2016/04/28,16:03:31,36.31,7901781
6,NVDA,2016/04/28,16:03:47,36.30,7913377
6,NVDA,2016/04/28,16:04:25,36.31,7959103
6,NVDA,2016/04/28,16:04:31,36.30,8003992
6,NVDA,2016/04/28,16:04:32,36.30,8003992
6,NVDA,2016/04/28,16:04:47,36.30,8036539
6,NVDA,2016/04/28,16:05:25,36.26,8096001
6,NVDA,2016/04/28,16:05:32,36.25,8097765
6,NVDA,2016/04/28,16:05:33,36.25,8097765
6,NVDA,2016/04/28,16:05:48,36.26,8101922
6,NVDA,2016/04/28,16:06:26,36.24,8164151
6,NVDA,2016/04/28,16:06:33,36.24,8185780
6,NVDA,2016/04/28,16:06:33,36.24,8185780
6,NVDA,2016/04/28,16:06:49,36.24,8187570
6,NVDA,2016/04/28,16:07:27,36.23,8243457
6,NVDA,2016/04/28,16:07:34,36.23,8243457
6,NVDA,2016/04/28,16:07:34,36.23,8243457
6,NVDA,2016/04/28,16:07:50,36.20,8249117
6,NVDA,2016/04/28,16:08:27,36.21,8298113
6,NVDA,2016/04/28,16:08:34,36.19,8304133
6,NVDA,2016/04/28,16:08:38,36.18,8309338
6,NVDA,2016/04/28,16:08:51,36.18,8313916
6,NVDA,2016/04/28,16:09:28,36.16,8335596
6,NVDA,2016/04/28,16:09:38,36.16,8346019
6,NVDA,2016/04/28,16:09:42,36.16,8347403
6,NVDA,2016/04/28,16:09:51,36.18,8385261
6,NVDA,2016/04/28,16:10:29,36.19,8460339
6,NVDA,2016/04/28,16:10:39,36.19,8470667
6,NVDA,2016/04/28,16:10:43,36.19,8474667
6,NVDA,2016/04/28,16:10:52,36.18,8496766
6,NVDA,2016/04/28,16:11:30,36.18,8527512
6,NVDA,2016/04/28,16:11:40,36.19,8550769
6,NVDA,2016/04/28,16:11:43,36.18,8554345
6,NVDA,2016/04/28,16:11:53,36.17,8560907
6,NVDA,2016/04/28,16:12:31,36.13,8593836
6,NVDA,2016/04/28,16:12:40,36.14,8661327
6,NVDA,2016/04/28,16:12:44,36.15,8666197
6,NVDA,2016/04/28,16:12:53,36.14,8668233
6,NVDA,2016/04/28,16:13:31,36.14,8693564
6,NVDA,2016/04/28,16:13:41,36.15,8696555
6,NVDA,2016/04/28,16:13:45,36.14,8735049
6,NVDA,2016/04/28,16:13:54,36.15,8741694
6,NVDA,2016/04/28,16:14:32,36.18,8860956
6,NVDA,2016/04/28,16:14:42,36.18,8865335
6,NVDA,2016/04/28,16:14:46,36.20,8873354
6,NVDA,2016/04/28,16:14:55,36.21,8883412
6,NVDA,2016/04/28,16:15:33,36.20,9317538
6,NVDA,2016/04/28,16:15:42,36.20,9317538
6,NVDA,2016/04/28,16:15:46,36.20,9317538
6,NVDA,2016/04/28,16:15:56,36.20,9319438
6,NVDA,2016/04/28,16:16:34,36.20,9319438
6,NVDA,2016/04/28,16:16:47,36.20,9319438
6,NVDA,2016/04/28,16:16:48,36.20,9319438
6,NVDA,2016/04/28,16:16:56,36.20,9319438
6,NVDA,2016/04/28,16:17:48,36.20,9319438
6,NVDA,2016/04/28,16:17:49,36.20,9319438
6,NVDA,2016/04/28,16:17:57,36.20,9319438
6,NVDA,2016/04/28,16:18:48,36.20,9320007
6,NVDA,2016/04/28,16:18:50,36.20,9320007
6,NVDA,2016/04/28,16:18:58,36.20,9320007
6,NVDA,2016/04/28,16:19:49,36.20,9321981
6,NVDA,2016/04/28,16:19:50,36.20,9321981
6,NVDA,2016/04/28,16:19:59,36.20,9321981
6,NVDA,2016/04/28,16:20:50,36.20,9323441
6,NVDA,2016/04/28,16:20:53,36.20,9324211
6,NVDA,2016/04/28,16:20:59,36.20,9324285
6,NVDA,2016/04/28,16:21:51,36.20,9324485
6,NVDA,2016/04/28,16:21:54,36.20,9324485
6,NVDA,2016/04/28,16:22:00,36.20,9324495
6,NVDA,2016/04/28,16:22:52,36.20,9324495
6,NVDA,2016/04/28,16:22:54,36.20,9324495
6,NVDA,2016/04/28,16:23:01,36.20,9324495
6,NVDA,2016/04/28,16:23:52,36.20,9324495
6,NVDA,2016/04/28,16:23:55,36.20,9324495
6,NVDA,2016/04/28,16:24:02,36.20,9324837
6,NVDA,2016/04/28,16:24:53,36.20,9324837
6,NVDA,2016/04/28,16:24:56,36.20,9324837
6,NVDA,2016/04/28,16:25:02,36.20,9324837
6,NVDA,2016/04/28,16:25:55,36.20,9324837
6,NVDA,2016/04/28,16:25:56,36.20,9324837
6,NVDA,2016/04/28,16:26:03,36.20,9324837
6,NVDA,2016/04/28,16:26:56,36.20,9324837
6,NVDA,2016/04/28,16:26:57,36.20,9324837
6,NVDA,2016/04/28,16:27:04,36.20,9324837
6,NVDA,2016/04/28,16:27:57,36.20,9324837
6,NVDA,2016/04/28,16:27:58,36.20,9324837
6,NVDA,2016/04/28,19:06:33,36.20,9530551
6,NVDA,2016/04/28,19:07:34,36.20,9530551
6,NVDA,2016/04/28,19:08:35,36.20,9530551
6,NVDA,2016/04/28,19:09:36,36.20,9530551
6,NVDA,2016/04/28,19:10:36,36.20,9530551
6,NVDA,2016/04/28,19:11:37,36.20,9530551
6,NVDA,2016/04/28,19:12:38,36.20,9530551
6,NVDA,2016/04/28,19:13:38,36.20,9530551
6,NVDA,2016/04/28,19:14:39,36.20,9530551
6,NVDA,2016/04/28,19:15:40,36.20,9530551
6,NVDA,2016/04/28,19:16:41,36.20,9530551
6,NVDA,2016/04/28,19:17:41,36.20,9530551
6,NVDA,2016/04/28,19:18:42,36.20,9530551
6,NVDA,2016/04/28,19:19:43,36.20,9530551
6,NVDA,2016/04/28,19:20:43,36.20,9530551
6,NVDA,2016/04/28,19:21:44,36.20,9530551
6,NVDA,2016/04/28,19:22:45,36.20,9530551
6,NVDA,2016/04/28,19:23:46,36.20,9530551
6,NVDA,2016/04/28,19:24:46,36.20,9530551
6,NVDA,2016/04/28,19:25:47,36.20,9530551
6,NVDA,2016/04/28,19:26:48,36.20,9530551
6,NVDA,2016/04/28,19:27:48,36.20,9530551
6,NVDA,2016/04/28,19:28:49,36.20,9530551
6,NVDA,2016/04/28,19:29:50,36.20,9530551
6,NVDA,2016/04/28,19:30:51,36.20,9530551
6,NVDA,2016/04/28,19:31:51,36.20,9530551
6,NVDA,2016/04/28,19:32:52,36.20,9530551
6,NVDA,2016/04/28,19:33:53,36.20,9530551
6,NVDA,2016/04/28,19:34:54,36.20,9530551
6,NVDA,2016/04/28,19:35:54,36.20,9530551
6,NVDA,2016/04/28,19:36:55,36.20,9530551
6,NVDA,2016/04/28,19:37:56,36.20,9530551
6,NVDA,2016/04/28,19:38:56,36.20,9530551
6,NVDA,2016/04/28,19:39:57,36.20,9530551
6,NVDA,2016/04/28,19:40:58,36.20,9530551
6,NVDA,2016/04/28,19:41:59,36.20,9530551
6,NVDA,2016/04/28,19:42:59,36.20,9530551
6,NVDA,2016/04/28,19:44:00,36.20,9530551
6,NVDA,2016/04/28,19:45:01,36.20,9530551
6,NVDA,2016/04/28,19:46:02,36.20,9530551
6,NVDA,2016/04/28,19:47:03,36.20,9530551
6,NVDA,2016/04/28,19:48:04,36.20,9530551
6,NVDA,2016/04/28,19:49:04,36.20,9530551
6,NVDA,2016/04/28,19:50:05,36.20,9530551
6,NVDA,2016/04/28,19:51:06,36.20,9530551
6,NVDA,2016/04/28,19:52:07,36.20,9530551
6,NVDA,2016/04/28,19:53:07,36.20,9530551
6,NVDA,2016/04/28,19:54:08,36.20,9530551
6,NVDA,2016/04/28,19:55:09,36.20,9530551
6,NVDA,2016/04/28,19:56:10,36.20,9530551
6,NVDA,2016/04/28,19:57:11,36.20,9530551
6,NVDA,2016/04/28,19:58:11,36.20,9530551
6,NVDA,2016/04/28,19:59:12,36.20,9530551
6,NVDA,2016/04/28,20:00:13,36.20,9530551
6,NVDA,2016/04/28,20:01:14,36.20,9530551
6,NVDA,2016/04/28,20:02:15,36.20,9530551
6,NVDA,2016/04/28,20:03:15,36.20,9530551
6,NVDA,2016/04/28,20:04:16,36.20,9530551
6,NVDA,2016/04/28,20:05:17,36.20,9530551
6,NVDA,2016/04/28,20:06:18,36.20,9530551
6,NVDA,2016/04/28,20:07:20,36.20,9530551
6,NVDA,2016/04/28,20:08:21,36.20,9530551
6,NVDA,2016/04/28,20:09:22,36.20,9530551
6,NVDA,2016/04/28,20:10:22,36.20,9530551
6,NVDA,2016/04/28,20:11:23,36.20,9530551
6,NVDA,2016/04/28,20:12:24,36.20,9530551
6,NVDA,2016/04/28,20:13:24,36.20,9530551
6,NVDA,2016/04/28,20:14:25,36.20,9530551
6,NVDA,2016/04/28,20:15:26,36.20,9530551
6,NVDA,2016/04/28,20:16:27,36.20,9530551
6,NVDA,2016/04/28,20:17:28,36.20,9530551
6,NVDA,2016/04/28,20:18:29,36.20,9530551
6,NVDA,2016/04/28,20:19:30,36.20,9530551
6,NVDA,2016/04/28,20:20:32,36.20,9530551
6,NVDA,2016/04/28,20:21:59,36.20,9530551
6,NVDA,2016/04/28,20:23:00,36.20,9530551
6,NVDA,2016/04/28,20:24:01,36.20,9530551
6,NVDA,2016/04/28,20:25:02,36.20,9530551
6,NVDA,2016/04/28,20:26:04,36.20,9530551
6,NVDA,2016/04/28,20:27:05,36.20,9530551
6,NVDA,2016/04/28,20:28:06,36.20,9530551
6,NVDA,2016/04/28,20:29:07,36.20,9530551
6,NVDA,2016/04/28,20:30:08,36.20,9530551
6,NVDA,2016/04/28,20:31:08,36.20,9530551
6,NVDA,2016/04/28,20:32:11,36.20,9530551
6,NVDA,2016/04/28,20:33:11,36.20,9530551
6,NVDA,2016/04/28,20:34:12,36.20,9530551
6,NVDA,2016/04/28,20:35:14,36.20,9530551
6,NVDA,2016/04/28,20:36:15,36.20,9530551
6,NVDA,2016/04/28,20:37:16,36.20,9530551
6,NVDA,2016/04/28,20:38:17,36.20,9530551
6,NVDA,2016/04/28,20:39:18,36.20,9530551
6,NVDA,2016/04/28,20:40:19,36.20,9530551
6,NVDA,2016/04/28,20:41:20,36.20,9530551
6,NVDA,2016/04/28,20:42:21,36.20,9530551
6,NVDA,2016/04/28,20:43:24,36.20,9530551
6,NVDA,2016/04/28,20:44:24,36.20,9530551
6,NVDA,2016/04/28,20:45:25,36.20,9530551
6,NVDA,2016/04/28,20:46:26,36.20,9530551
6,NVDA,2016/04/28,20:47:27,36.20,9530551
6,NVDA,2016/04/28,20:48:27,36.20,9530551
6,NVDA,2016/04/28,20:49:28,36.20,9530551
6,NVDA,2016/04/28,20:50:30,36.20,9530551
6,NVDA,2016/04/28,20:51:33,36.20,9530551
6,NVDA,2016/04/28,20:52:33,36.20,9530551
6,NVDA,2016/04/28,20:53:34,36.20,9530551
6,NVDA,2016/04/28,20:54:35,36.20,9530551
6,NVDA,2016/04/28,20:55:36,36.20,9530551
6,NVDA,2016/04/28,20:56:37,36.20,9530551
6,NVDA,2016/04/28,20:57:38,36.20,9530551
6,NVDA,2016/04/28,20:58:38,36.20,9530551
6,NVDA,2016/04/28,20:59:39,36.20,9530551
6,NVDA,2016/04/28,21:00:40,36.20,9530551
6,NVDA,2016/04/28,21:01:41,36.20,9530551
6,NVDA,2016/04/28,21:02:43,36.20,9530551
6,NVDA,2016/04/28,21:03:44,36.20,9530551
6,NVDA,2016/04/28,21:04:45,36.20,9530551
6,NVDA,2016/04/28,21:05:47,36.20,9530551
6,NVDA,2016/04/28,21:06:48,36.20,9530551
6,NVDA,2016/04/28,21:07:48,36.20,9530551
6,NVDA,2016/04/28,21:08:49,36.20,9530551
6,NVDA,2016/04/28,21:09:51,36.20,9530551
6,NVDA,2016/04/28,21:10:52,36.20,9530551
6,NVDA,2016/04/28,21:11:53,36.20,9530551
6,NVDA,2016/04/28,21:12:54,36.20,9530551
6,NVDA,2016/04/28,21:13:54,36.20,9530551
6,NVDA,2016/04/28,21:14:55,36.20,9530551
6,NVDA,2016/04/28,21:15:55,36.20,9530551
6,NVDA,2016/04/28,21:16:56,36.20,9530551
6,NVDA,2016/04/28,21:17:57,36.20,9530551
6,NVDA,2016/04/28,21:18:58,36.20,9530551
6,NVDA,2016/04/28,21:19:58,36.20,9530551
6,NVDA,2016/04/28,21:20:59,36.20,9530551
6,NVDA,2016/04/28,21:22:00,36.20,9530551
6,NVDA,2016/04/28,21:23:01,36.20,9530551
6,NVDA,2016/04/28,21:24:04,36.20,9530551
6,NVDA,2016/04/28,21:25:05,36.20,9530551
6,NVDA,2016/04/28,21:26:05,36.20,9530551
6,NVDA,2016/04/28,21:27:06,36.20,9530551
6,NVDA,2016/04/28,21:28:07,36.20,9530551
6,NVDA,2016/04/28,21:29:08,36.20,9530551
6,NVDA,2016/04/28,21:30:09,36.20,9530551
6,NVDA,2016/04/28,21:31:11,36.20,9530551
6,NVDA,2016/04/28,21:32:12,36.20,9530551
6,NVDA,2016/04/28,21:33:13,36.20,9530551
6,NVDA,2016/04/28,21:34:14,36.20,9530551
6,NVDA,2016/04/28,21:35:15,36.20,9530551
6,NVDA,2016/04/28,21:36:16,36.20,9530551
6,NVDA,2016/04/28,21:37:17,36.20,9530551
6,NVDA,2016/04/28,21:38:18,36.20,9530551
6,NVDA,2016/04/28,21:39:19,36.20,9530551
6,NVDA,2016/04/28,21:40:21,36.20,9530551
6,NVDA,2016/04/28,21:41:23,36.20,9530551
6,NVDA,2016/04/28,21:42:23,36.20,9530551
6,NVDA,2016/04/28,21:43:24,36.20,9530551
6,NVDA,2016/04/28,21:44:25,36.20,9530551
6,NVDA,2016/04/28,21:45:27,36.20,9530551
6,NVDA,2016/04/28,21:46:32,36.20,9530551
6,NVDA,2016/04/28,21:47:33,36.20,9530551
6,NVDA,2016/04/28,21:48:34,36.20,9530551
6,NVDA,2016/04/28,21:49:34,36.20,9530551
6,NVDA,2016/04/28,21:50:35,36.20,9530551
6,NVDA,2016/04/28,21:51:36,36.20,9530551
6,NVDA,2016/04/28,21:52:37,36.20,9530551
6,NVDA,2016/04/28,21:53:38,36.20,9530551
6,NVDA,2016/04/28,21:54:40,36.20,9530551
6,NVDA,2016/04/28,21:55:41,36.20,9530551
6,NVDA,2016/04/28,21:56:43,36.20,9530551
6,NVDA,2016/04/28,21:57:44,36.20,9530551
6,NVDA,2016/04/28,21:58:45,36.20,9530551
6,NVDA,2016/04/28,21:59:46,36.20,9530551
6,NVDA,2016/04/28,22:00:46,36.20,9530551
6,NVDA,2016/04/28,22:01:49,36.20,9530551
6,NVDA,2016/04/28,22:02:50,36.20,9530551
6,NVDA,2016/04/28,22:03:51,36.20,9530551
6,NVDA,2016/04/28,22:04:51,36.20,9530551
6,NVDA,2016/04/28,22:05:52,36.20,9530551
6,NVDA,2016/04/28,22:06:53,36.20,9530551
6,NVDA,2016/04/28,22:07:54,36.20,9530551
6,NVDA,2016/04/28,22:08:55,36.20,9530551
6,NVDA,2016/04/28,22:10:00,36.20,9530551
6,NVDA,2016/04/28,22:11:01,36.20,9530551
6,NVDA,2016/04/28,22:12:02,36.20,9530551
6,NVDA,2016/04/28,22:13:02,36.20,9530551
6,NVDA,2016/04/28,22:14:03,36.20,9530551
6,NVDA,2016/04/28,22:15:07,36.20,9530551
6,NVDA,2016/04/28,22:16:39,36.20,9530551
6,NVDA,2016/04/28,22:17:40,36.20,9530551
6,NVDA,2016/04/28,22:18:40,36.20,9530551
6,NVDA,2016/04/28,22:19:41,36.20,9530551
6,NVDA,2016/04/28,22:20:42,36.20,9530551
6,NVDA,2016/04/28,22:21:43,36.20,9530551
6,NVDA,2016/04/28,22:22:44,36.20,9530551
6,NVDA,2016/04/28,22:23:45,36.20,9530551
6,NVDA,2016/04/28,22:24:47,36.20,9530551
6,NVDA,2016/04/28,22:25:49,36.20,9530551
6,NVDA,2016/04/28,22:26:50,36.20,9530551
6,NVDA,2016/04/28,22:27:50,36.20,9530551
6,NVDA,2016/04/28,22:28:51,36.20,9530551
6,NVDA,2016/04/28,22:29:52,36.20,9530551
6,NVDA,2016/04/28,22:30:53,36.20,9530551
6,NVDA,2016/04/28,22:31:53,36.20,9530551
6,NVDA,2016/04/28,22:32:55,36.20,9530551
6,NVDA,2016/04/28,22:33:56,36.20,9530551
