8,TSLA,2016-04-22,248.89,245.71,254.00,253.75,3774600,0,0,0
8,TSLA,2016-04-21,248.99,246.91,250.90,248.29,2754900,0,0,0
8,TSLA,2016-04-20,246.26,241.50,253.66,249.97,5190800,0,0,0
8,TSLA,2016-04-19,253.12,241.25,254.37,247.37,6349400,0,0,0
8,TSLA,2016-04-18,252.23,251.66,258.31,253.88,4261800,0,0,0
8,TSLA,2016-04-15,251.31,249.12,254.60,254.51,3742000,0,0,0
8,TSLA,2016-04-14,253.00,251.05,256.84,251.86,4120000,0,0,0
8,TSLA,2016-04-13,248.51,247.33,255.50,254.53,4917900,0,0,0
8,TSLA,2016-04-12,249.50,243.63,251.80,247.82,5750800,0,0,0
8,TSLA,2016-04-11,251.00,245.30,258.99,249.92,9153900,0,0,0
8,TSLA,2016-04-08,260.50,248.02,260.82,250.07,7332200,0,0,0
8,TSLA,2016-04-07,266.45,254.51,269.34,257.20,8836800,0,0,0
8,TSLA,2016-04-06,253.97,253.45,267.74,265.42,11679900,0,0,0
8,TSLA,2016-04-05,240.50,240.00,256.56,255.47,9915200,0,0,0
8,TSLA,2016-04-04,249.12,243.64,252.12,246.99,13396500,0,0,0
8,TSLA,2016-04-01,244.83,233.25,247.90,237.59,15962000,0,0,0
8,TSLA,2016-03-31,229.34,225.01,237.42,229.77,7956700,0,0,0
8,TSLA,2016-03-30,235.09,226.50,235.50,226.89,4019700,0,0,0
8,TSLA,2016-03-29,229.89,225.33,232.38,230.13,4004900,0,0,0
8,TSLA,2016-03-28,231.61,225.00,234.81,230.26,3875500,0,0,0
8,TSLA,2016-03-24,215.78,215.00,228.89,227.75,4954400,0,0,0
8,TSLA,2016-03-23,232.37,222.03,234.73,222.58,4921000,0,0,0
8,TSLA,2016-03-22,237.21,232.56,238.99,234.24,4300600,0,0,0
8,TSLA,2016-03-21,235.34,235.00,239.88,238.32,5286700,0,0,0
8,TSLA,2016-03-18,229.10,228.06,234.48,232.74,4698200,0,0,0
8,TSLA,2016-03-17,221.47,220.00,228.50,226.38,3754800,0,0,0
8,TSLA,2016-03-16,218.00,217.02,222.58,221.93,3462100,0,0,0
8,TSLA,2016-03-15,214.27,211.50,218.97,218.34,3131900,0,0,0
8,TSLA,2016-03-14,212.65,210.64,216.72,215.15,4054700,0,0,0
8,TSLA,2016-03-11,207.93,205.33,209.42,207.50,3300400,0,0,0
8,TSLA,2016-03-10,210.00,200.67,213.29,205.18,5183200,0,0,0
8,TSLA,2016-03-09,204.52,202.79,209.37,208.72,3160100,0,0,0
8,TSLA,2016-03-08,203.50,202.20,207.50,202.60,4130800,0,0,0
8,TSLA,2016-03-07,197.68,197.40,209.70,205.29,5329400,0,0,0
8,TSLA,2016-03-04,198.00,197.50,204.03,201.04,6469800,0,0,0
8,TSLA,2016-03-03,188.28,184.22,197.42,195.74,4820500,0,0,0
8,TSLA,2016-03-02,183.73,181.50,188.52,188.34,4833000,0,0,0
8,TSLA,2016-03-01,194.25,182.70,195.95,186.35,6701700,0,0,0
8,TSLA,2016-02-29,192.40,189.22,196.35,191.93,4479700,0,0,0
8,TSLA,2016-02-26,188.70,185.00,192.00,190.34,6052900,0,0,0
8,TSLA,2016-02-25,178.65,175.20,188.52,187.43,5720500,0,0,0
8,TSLA,2016-02-24,172.75,167.84,179.50,179.00,5380700,0,0,0
8,TSLA,2016-02-23,176.16,173.68,181.73,177.21,5968000,0,0,0
8,TSLA,2016-02-22,170.12,169.85,178.91,177.74,5051200,0,0,0
8,TSLA,2016-02-19,163.66,162.50,167.49,166.58,2952900,0,0,0
8,TSLA,2016-02-18,172.42,164.77,172.95,166.77,3785300,0,0,0
8,TSLA,2016-02-17,159.00,156.68,169.34,168.68,5807100,0,0,0
8,TSLA,2016-02-16,158.70,154.11,162.95,155.17,5556300,0,0,0
8,TSLA,2016-02-12,155.00,143.70,157.01,151.04,7203000,0,0,0
8,TSLA,2016-02-11,152.00,147.00,163.26,150.47,14231400,0,0,0
8,TSLA,2016-02-10,150.50,141.74,154.97,143.67,9067300,0,0,0
8,TSLA,2016-02-09,142.32,141.05,159.79,148.25,8575100,0,0,0
8,TSLA,2016-02-08,157.10,146.00,157.15,147.99,9297900,0,0,0
8,TSLA,2016-02-05,171.30,157.74,173.00,162.60,9426900,0,0,0
8,TSLA,2016-02-04,170.70,166.99,175.98,175.33,4363900,0,0,0
8,TSLA,2016-02-03,183.59,170.18,183.94,173.48,7879500,0,0,0
8,TSLA,2016-02-02,192.42,180.23,193.12,182.78,5762900,0,0,0
8,TSLA,2016-02-01,188.76,182.75,199.52,196.94,5293800,0,0,0
8,TSLA,2016-01-29,189.95,188.08,193.74,191.20,2841000,0,0,0
8,TSLA,2016-01-28,190.79,182.41,191.28,189.70,4581700,0,0,0
8,TSLA,2016-01-27,192.38,185.77,193.26,188.07,3565400,0,0,0
8,TSLA,2016-01-26,196.70,188.88,197.82,193.56,4946800,0,0,0
8,TSLA,2016-01-25,200.06,195.88,203.57,196.38,2698700,0,0,0
8,TSLA,2016-01-22,204.80,199.03,205.50,202.55,3124100,0,0,0
8,TSLA,2016-01-21,201.55,195.02,203.23,199.97,3166200,0,0,0
8,TSLA,2016-01-20,199.40,191.25,201.28,198.70,5838600,0,0,0
8,TSLA,2016-01-19,208.71,200.78,210.47,204.72,4038700,0,0,0
8,TSLA,2016-01-15,198.97,197.25,205.07,204.99,5322200,0,0,0
8,TSLA,2016-01-14,202.21,193.38,210.00,206.18,6490700,0,0,0
8,TSLA,2016-01-13,212.01,200.00,212.65,200.31,4126400,0,0,0
8,TSLA,2016-01-12,211.60,205.31,213.74,209.97,3091900,0,0,0
8,TSLA,2016-01-11,214.01,203.00,214.45,207.85,4091400,0,0,0
8,TSLA,2016-01-08,217.86,210.77,220.44,211.00,3628100,0,0,0
8,TSLA,2016-01-07,214.19,213.67,218.44,215.65,3554300,0,0,0
8,TSLA,2016-01-06,220.00,215.98,220.05,219.04,3779100,0,0,0
8,TSLA,2016-01-05,226.36,220.00,226.89,223.43,3186800,0,0,0
8,TSLA,2016-01-04,230.72,219.00,231.38,223.41,6827100,0,0,0
8,TSLA,2015-12-31,238.51,238.37,243.45,240.01,2683200,0,0,0
8,TSLA,2015-12-30,236.60,235.67,243.63,238.09,3697900,0,0,0
8,TSLA,2015-12-29,230.06,229.55,237.72,237.19,2406300,0,0,0
8,TSLA,2015-12-28,231.49,225.54,231.98,228.95,1901300,0,0,0
8,TSLA,2015-12-24,230.56,228.28,231.88,230.57,708000,0,0,0
8,TSLA,2015-12-23,232.18,228.13,233.45,229.70,1555000,0,0,0
8,TSLA,2015-12-22,234.99,229.63,236.55,229.95,1961500,0,0,0
8,TSLA,2015-12-21,231.69,231.08,235.83,232.56,1953200,0,0,0
8,TSLA,2015-12-18,232.89,229.29,235.90,230.46,3014200,0,0,0
8,TSLA,2015-12-17,233.94,229.81,237.76,233.39,3298600,0,0,0
8,TSLA,2015-12-16,222.10,220.73,234.88,234.51,5104300,0,0,0
8,TSLA,2015-12-15,221.82,218.00,222.22,221.09,2244400,0,0,0
8,TSLA,2015-12-14,217.51,214.87,220.92,218.58,2827100,0,0,0
8,TSLA,2015-12-11,225.24,216.64,225.75,217.02,3268700,0,0,0
8,TSLA,2015-12-10,224.71,223.64,228.49,227.07,2067000,0,0,0
8,TSLA,2015-12-09,226.70,220.72,227.50,224.52,3057800,0,0,0
8,TSLA,2015-12-08,227.52,224.20,228.80,226.72,2687600,0,0,0
8,TSLA,2015-12-07,227.70,226.15,235.63,231.13,3144200,0,0,0
8,TSLA,2015-12-04,232.46,227.66,233.27,230.38,2573600,0,0,0
8,TSLA,2015-12-03,235.48,230.00,237.45,232.71,2939600,0,0,0
8,TSLA,2015-12-02,237.00,231.23,238.60,231.99,2981500,0,0,0
8,TSLA,2015-12-01,231.06,231.05,238.00,237.19,3734000,0,0,0
8,TSLA,2015-11-30,231.79,229.08,234.28,230.26,2659800,0,0,0
8,TSLA,2015-11-27,231.06,227.01,232.25,231.61,1949400,0,0,0
8,TSLA,2015-11-25,221.34,220.38,230.83,229.64,3990800,0,0,0
8,TSLA,2015-11-24,215.37,215.00,221.00,218.25,2480300,0,0,0
8,TSLA,2015-11-23,217.35,214.68,219.18,217.75,2526200,0,0,0
8,TSLA,2015-11-20,223.49,213.58,225.00,220.01,4400700,0,0,0
8,TSLA,2015-11-19,220.54,220.30,226.19,221.80,2504400,0,0,0
8,TSLA,2015-11-18,214.50,212.52,221.38,221.07,2811900,0,0,0
8,TSLA,2015-11-17,215.20,211.40,216.00,214.00,2148700,0,0,0
8,TSLA,2015-11-16,206.09,205.80,214.98,214.31,2925400,0,0,0
8,TSLA,2015-11-13,212.95,206.52,212.99,207.19,3430300,0,0,0
8,TSLA,2015-11-12,217.85,212.66,219.00,212.94,2915900,0,0,0
8,TSLA,2015-11-11,217.77,213.63,219.48,219.08,3347800,0,0,0
8,TSLA,2015-11-10,223.48,216.08,223.70,216.50,4617000,0,0,0
8,TSLA,2015-11-09,232.99,224.31,232.99,225.33,3850900,0,0,0
8,TSLA,2015-11-06,230.70,229.50,233.36,232.36,2445300,0,0,0
8,TSLA,2015-11-05,230.58,229.19,234.58,231.77,4496800,0,0,0
8,TSLA,2015-11-04,227.00,225.20,232.74,231.63,12726400,0,0,0
8,TSLA,2015-11-03,213.85,207.75,214.44,208.35,8332500,0,0,0
8,TSLA,2015-11-02,208.92,207.22,215.80,213.79,3927900,0,0,0
8,TSLA,2015-10-30,210.40,203.89,211.63,206.93,4438900,0,0,0
8,TSLA,2015-10-29,211.75,210.64,213.75,211.63,1805000,0,0,0
8,TSLA,2015-10-28,211.31,208.30,213.45,212.96,2728600,0,0,0
8,TSLA,2015-10-27,214.84,207.51,217.10,210.35,3519400,0,0,0
8,TSLA,2015-10-26,211.38,210.00,215.88,215.26,3391400,0,0,0
8,TSLA,2015-10-23,215.00,207.69,215.35,209.09,4235500,0,0,0
8,TSLA,2015-10-22,211.56,209.40,215.75,211.72,2825200,0,0,0
8,TSLA,2015-10-21,211.99,208.80,214.81,210.09,4151500,0,0,0
8,TSLA,2015-10-20,227.72,202.00,228.60,213.03,14863300,0,0,0
8,TSLA,2015-10-19,226.50,224.94,231.15,228.10,2507900,0,0,0
8,TSLA,2015-10-16,223.04,222.87,230.48,227.01,4334500,0,0,0
8,TSLA,2015-10-15,216.43,213.70,221.73,221.31,2844200,0,0,0
8,TSLA,2015-10-14,220.67,215.43,220.95,216.88,3104400,0,0,0
8,TSLA,2015-10-13,213.28,211.13,222.52,219.25,5171500,0,0,0
8,TSLA,2015-10-12,222.99,215.27,223.00,215.58,3836300,0,0,0
8,TSLA,2015-10-09,220.93,218.36,224.37,220.69,6158400,0,0,0
8,TSLA,2015-10-08,230.08,221.31,230.72,226.72,6133200,0,0,0
8,TSLA,2015-10-07,236.63,229.12,237.70,231.96,6814000,0,0,0
8,TSLA,2015-10-06,240.00,235.58,243.03,241.46,5225200,0,0,0
8,TSLA,2015-10-05,248.84,244.13,249.84,246.15,3689900,0,0,0
8,TSLA,2015-10-02,235.60,234.93,247.70,247.57,4424000,0,0,0
8,TSLA,2015-10-01,247.51,237.13,248.50,239.88,4573000,0,0,0
8,TSLA,2015-09-30,252.00,242.34,252.40,248.40,4929600,0,0,0
8,TSLA,2015-09-29,250.46,245.46,254.73,246.65,3703200,0,0,0
8,TSLA,2015-09-28,257.35,246.61,259.79,248.43,4901100,0,0,0
8,TSLA,2015-09-25,266.61,256.15,266.91,256.91,3773400,0,0,0
8,TSLA,2015-09-24,259.53,256.21,263.45,263.12,3448200,0,0,0
8,TSLA,2015-09-23,261.95,257.58,262.08,261.06,2600800,0,0,0
8,TSLA,2015-09-22,259.03,255.87,262.65,260.94,3664400,0,0,0
8,TSLA,2015-09-21,263.98,255.80,271.57,264.20,6120200,0,0,0
8,TSLA,2015-09-18,257.96,257.50,263.82,260.62,3763100,0,0,0
8,TSLA,2015-09-17,263.96,260.69,265.50,262.07,3585800,0,0,0
8,TSLA,2015-09-16,253.04,252.88,262.88,262.25,4417100,0,0,0
8,TSLA,2015-09-15,252.75,249.50,254.60,253.57,2933500,0,0,0
8,TSLA,2015-09-14,251.10,249.67,254.25,253.19,2890900,0,0,0
8,TSLA,2015-09-11,247.64,244.73,250.24,250.24,2350800,0,0,0
8,TSLA,2015-09-10,247.23,245.33,250.72,248.48,2709000,0,0,0
8,TSLA,2015-09-09,252.05,248.30,254.25,248.91,3390800,0,0,0
8,TSLA,2015-09-08,245.05,244.05,249.16,248.17,3138200,0,0,0
8,TSLA,2015-09-04,240.89,238.20,244.09,241.93,3689200,0,0,0
8,TSLA,2015-09-03,252.06,245.00,252.08,245.57,4194800,0,0,0
8,TSLA,2015-09-02,245.30,239.78,247.88,247.69,4629200,0,0,0
8,TSLA,2015-09-01,240.34,236.97,246.00,238.63,5454800,0,0,0
8,TSLA,2015-08-31,245.62,245.51,254.95,249.06,4700200,0,0,0
8,TSLA,2015-08-28,241.86,241.57,251.45,248.48,5513700,0,0,0
8,TSLA,2015-08-27,231.00,230.81,244.75,242.99,7656000,0,0,0
8,TSLA,2015-08-26,227.93,215.51,228.00,224.84,4963000,0,0,0
8,TSLA,2015-08-25,230.52,219.12,230.90,220.03,4327300,0,0,0
8,TSLA,2015-08-24,202.79,195.00,231.40,218.87,9581600,0,0,0
8,TSLA,2015-08-21,236.00,230.51,243.80,230.77,6590200,0,0,0
8,TSLA,2015-08-20,252.06,241.90,254.56,242.18,4905800,0,0,0
8,TSLA,2015-08-19,260.33,255.02,260.65,255.25,3596200,0,0,0
8,TSLA,2015-08-18,255.38,253.56,260.95,260.72,4195000,0,0,0
8,TSLA,2015-08-17,255.56,250.51,256.59,254.99,7176700,0,0,0
8,TSLA,2015-08-14,247.24,241.77,247.93,243.15,4364800,0,0,0
8,TSLA,2015-08-13,239.86,239.12,246.48,242.51,4689200,0,0,0
8,TSLA,2015-08-12,235.00,232.74,239.77,238.17,3728000,0,0,0
8,TSLA,2015-08-11,237.15,234.44,239.30,237.37,4264900,0,0,0
8,TSLA,2015-08-10,238.15,236.05,242.97,241.14,4185900,0,0,0
8,TSLA,2015-08-07,243.58,238.39,243.73,242.51,5073400,0,0,0
8,TSLA,2015-08-06,249.54,236.12,255.00,246.13,14623800,0,0,0
8,TSLA,2015-08-05,263.58,260.40,271.00,270.13,6214300,0,0,0
8,TSLA,2015-08-04,260.01,258.34,266.72,266.28,2352500,0,0,0
8,TSLA,2015-08-03,266.29,257.07,266.71,259.99,2553500,0,0,0
8,TSLA,2015-07-31,267.60,265.12,269.36,266.15,2222600,0,0,0
8,TSLA,2015-07-30,262.69,262.11,266.94,266.79,2034600,0,0,0
8,TSLA,2015-07-29,264.27,262.00,267.89,263.82,2790100,0,0,0
8,TSLA,2015-07-28,255.75,251.84,265.40,264.82,3895800,0,0,0
8,TSLA,2015-07-27,262.43,250.79,264.43,253.01,4694200,0,0,0
8,TSLA,2015-07-24,267.38,263.92,271.09,265.41,2836500,0,0,0
8,TSLA,2015-07-23,269.65,265.27,269.90,267.20,2227200,0,0,0
8,TSLA,2015-07-22,261.27,260.86,269.44,267.87,3105000,0,0,0
8,TSLA,2015-07-21,270.05,266.55,273.50,266.77,6108700,0,0,0
8,TSLA,2015-07-20,275.00,272.54,286.65,282.26,4978500,0,0,0
8,TSLA,2015-07-17,272.50,268.25,275.54,274.66,5004100,0,0,0
8,TSLA,2015-07-16,264.22,263.16,267.20,266.68,1616000,0,0,0
8,TSLA,2015-07-15,266.74,262.08,267.49,263.14,2021600,0,0,0
8,TSLA,2015-07-14,262.10,260.51,265.99,265.65,1907600,0,0,0
8,TSLA,2015-07-13,262.25,256.05,262.55,262.16,2960300,0,0,0
8,TSLA,2015-07-10,262.22,257.82,263.00,259.15,2610900,0,0,0
8,TSLA,2015-07-09,259.08,256.79,262.95,257.92,3325100,0,0,0
8,TSLA,2015-07-08,259.32,254.31,260.80,254.96,6221100,0,0,0
8,TSLA,2015-07-07,275.00,260.77,275.20,267.88,6105100,0,0,0
8,TSLA,2015-07-06,278.88,276.30,281.69,279.72,4121900,0,0,0
8,TSLA,2015-07-02,280.20,273.31,282.45,280.02,7163900,0,0,0
8,TSLA,2015-07-01,271.11,267.85,272.62,269.15,2101200,0,0,0
8,TSLA,2015-06-30,264.80,264.00,270.92,268.26,3086900,0,0,0
8,TSLA,2015-06-29,261.95,260.70,265.95,262.02,3478900,0,0,0
8,TSLA,2015-06-26,268.89,266.00,269.11,267.09,3838400,0,0,0
8,TSLA,2015-06-25,266.45,265.25,271.41,268.79,2849200,0,0,0
8,TSLA,2015-06-24,266.98,263.72,267.35,265.17,2412300,0,0,0
8,TSLA,2015-06-23,260.32,258.57,268.00,267.67,3870800,0,0,0
8,TSLA,2015-06-22,262.15,255.69,264.40,259.79,4561100,0,0,0
8,TSLA,2015-06-19,262.40,260.10,263.80,262.51,2463000,0,0,0
8,TSLA,2015-06-18,262.00,260.02,263.46,261.89,2782700,0,0,0
8,TSLA,2015-06-17,252.17,252.02,264.36,260.41,5512900,0,0,0
8,TSLA,2015-06-16,250.13,249.10,253.44,253.12,1984700,0,0,0
8,TSLA,2015-06-15,249.70,246.01,251.28,250.38,2186200,0,0,0
8,TSLA,2015-06-12,250.21,250.21,253.46,250.69,1422300,0,0,0
8,TSLA,2015-06-11,253.26,250.43,254.37,251.41,2044100,0,0,0
8,TSLA,2015-06-10,251.90,248.50,254.00,250.70,3454500,0,0,0
8,TSLA,2015-06-09,255.40,254.14,257.74,256.00,2611100,0,0,0
8,TSLA,2015-06-08,250.85,250.31,258.75,256.29,5017000,0,0,0
8,TSLA,2015-06-05,246.00,245.68,249.70,249.14,3022000,0,0,0
8,TSLA,2015-06-04,247.50,245.71,249.30,245.92,2453600,0,0,0
8,TSLA,2015-06-03,248.20,247.01,250.72,248.99,1775500,0,0,0
8,TSLA,2015-06-02,248.92,246.30,249.40,248.35,2134800,0,0,0
8,TSLA,2015-06-01,251.41,247.47,251.60,249.45,2505100,0,0,0
8,TSLA,2015-05-29,251.00,249.43,252.87,250.80,3789300,0,0,0
8,TSLA,2015-05-28,247.03,245.05,251.80,251.45,3647300,0,0,0
8,TSLA,2015-05-27,248.51,245.55,249.50,247.43,3408200,0,0,0
8,TSLA,2015-05-26,247.68,246.50,252.00,247.46,3498700,0,0,0
8,TSLA,2015-05-22,245.38,245.01,248.60,247.73,2223100,0,0,0
8,TSLA,2015-05-21,243.03,242.36,246.62,245.62,1970600,0,0,0
8,TSLA,2015-05-20,247.13,241.37,247.74,244.35,3755600,0,0,0
8,TSLA,2015-05-19,248.43,246.15,251.00,247.14,3674200,0,0,0
8,TSLA,2015-05-18,247.00,246.00,249.90,248.75,3353200,0,0,0
8,TSLA,2015-05-15,243.93,242.50,249.40,248.84,4527600,0,0,0
8,TSLA,2015-05-14,244.82,241.25,244.89,244.10,2895900,0,0,0
8,TSLA,2015-05-13,247.61,242.25,248.30,243.18,5440200,0,0,0
8,TSLA,2015-05-12,240.11,238.19,246.35,244.74,6363400,0,0,0
8,TSLA,2015-05-11,236.29,235.31,242.88,239.49,5672300,0,0,0
8,TSLA,2015-05-08,235.99,233.70,238.41,236.61,4668200,0,0,0
8,TSLA,2015-05-07,221.00,220.25,237.48,236.80,9455900,0,0,0
8,TSLA,2015-05-06,234.10,228.20,234.47,230.43,5270900,0,0,0
8,TSLA,2015-05-05,237.76,229.13,239.50,232.95,5796900,0,0,0
8,TSLA,2015-05-04,228.18,227.11,234.73,230.51,4434600,0,0,0
8,TSLA,2015-05-01,229.94,220.41,231.77,226.03,5281700,0,0,0
8,TSLA,2015-04-30,230.39,225.17,232.89,226.05,3911900,0,0,0
8,TSLA,2015-04-29,230.05,227.63,234.97,232.45,3936100,0,0,0
8,TSLA,2015-04-28,234.75,228.03,235.50,230.48,6085400,0,0,0
8,TSLA,2015-04-27,222.56,222.00,238.75,231.55,11672600,0,0,0
8,TSLA,2015-04-24,220.50,218.01,220.80,218.43,2427800,0,0,0
8,TSLA,2015-04-23,218.27,217.15,221.48,218.60,4411200,0,0,0
8,TSLA,2015-04-22,212.50,211.69,221.88,219.44,7863000,0,0,0
8,TSLA,2015-04-21,205.80,204.31,210.75,209.41,3432500,0,0,0
8,TSLA,2015-04-20,206.78,203.85,207.85,205.27,2559300,0,0,0
8,TSLA,2015-04-17,204.99,203.50,206.88,206.79,2469900,0,0,0
8,TSLA,2015-04-16,207.70,206.29,209.17,206.70,1659100,0,0,0
8,TSLA,2015-04-15,207.46,206.60,209.59,207.83,1952400,0,0,0
8,TSLA,2015-04-14,208.57,205.50,209.49,207.46,3026000,0,0,0
8,TSLA,2015-04-13,210.44,209.05,213.00,209.78,3758200,0,0,0
8,TSLA,2015-04-10,209.85,209.00,211.65,210.90,4067700,0,0,0
8,TSLA,2015-04-09,208.43,206.12,210.37,210.09,3800200,0,0,0
8,TSLA,2015-04-08,208.20,205.87,210.90,207.67,6303100,0,0,0
8,TSLA,2015-04-07,202.51,201.14,205.06,203.25,4347900,0,0,0
8,TSLA,2015-04-06,198.00,197.50,207.75,203.10,12455800,0,0,0
8,TSLA,2015-04-02,190.23,190.00,193.23,191.00,5010400,0,0,0
8,TSLA,2015-04-01,188.70,186.05,192.30,187.59,3794600,0,0,0
8,TSLA,2015-03-31,193.53,188.41,193.76,188.77,5026600,0,0,0
8,TSLA,2015-03-30,185.85,181.80,192.25,190.57,10089500,0,0,0
8,TSLA,2015-03-27,189.07,181.40,189.29,185.00,8604900,0,0,0
8,TSLA,2015-03-26,193.92,189.70,194.79,190.41,4128000,0,0,0
8,TSLA,2015-03-25,198.27,192.70,198.59,194.30,5730400,0,0,0
8,TSLA,2015-03-24,201.58,199.75,203.79,201.72,3649900,0,0,0
8,TSLA,2015-03-23,198.50,197.47,200.50,199.63,2631600,0,0,0
8,TSLA,2015-03-20,197.45,195.62,198.99,198.08,4269500,0,0,0
8,TSLA,2015-03-19,202.00,194.53,204.59,195.65,8475200,0,0,0
8,TSLA,2015-03-18,194.96,193.11,200.88,200.71,4820900,0,0,0
8,TSLA,2015-03-17,195.43,193.94,198.71,194.73,4894100,0,0,0
8,TSLA,2015-03-16,192.00,189.80,195.91,195.70,5628800,0,0,0
8,TSLA,2015-03-13,188.95,187.32,191.75,188.68,5434300,0,0,0
8,TSLA,2015-03-12,193.75,189.75,194.45,191.07,4149300,0,0,0
8,TSLA,2015-03-11,191.15,191.01,196.18,193.74,4974900,0,0,0
8,TSLA,2015-03-10,188.46,187.60,193.50,190.32,5579700,0,0,0
8,TSLA,2015-03-09,194.39,188.25,194.49,190.88,6736700,0,0,0
8,TSLA,2015-03-06,199.21,192.15,200.75,193.88,6712400,0,0,0
8,TSLA,2015-03-05,202.85,200.15,206.19,200.63,4877000,0,0,0
8,TSLA,2015-03-04,199.25,197.21,202.52,202.44,4222000,0,0,0
8,TSLA,2015-03-03,196.81,195.32,200.24,199.56,4432300,0,0,0
8,TSLA,2015-03-02,202.70,195.83,203.34,197.33,7922100,0,0,0
8,TSLA,2015-02-27,206.90,202.80,208.55,203.34,3882100,0,0,0
8,TSLA,2015-02-26,204.00,202.22,211.09,207.19,6472900,0,0,0
8,TSLA,2015-02-25,204.94,202.58,207.14,203.76,3909500,0,0,0
8,TSLA,2015-02-24,207.29,201.70,207.29,204.11,6603600,0,0,0
8,TSLA,2015-02-23,215.66,206.33,218.20,207.34,8499800,0,0,0
8,TSLA,2015-02-20,210.78,209.81,217.60,217.11,5982100,0,0,0
8,TSLA,2015-02-19,205.00,203.75,212.44,211.71,5154100,0,0,0
8,TSLA,2015-02-18,204.17,202.60,206.17,204.46,2713600,0,0,0
8,TSLA,2015-02-17,205.70,201.50,205.70,204.35,3979600,0,0,0
8,TSLA,2015-02-13,202.90,200.91,205.99,203.77,6191000,0,0,0
8,TSLA,2015-02-12,193.57,193.28,203.09,202.88,15649600,0,0,0
8,TSLA,2015-02-11,212.21,207.28,214.74,212.80,9769100,0,0,0
8,TSLA,2015-02-10,217.55,215.00,220.50,216.29,5390500,0,0,0
8,TSLA,2015-02-09,215.38,211.99,217.93,217.48,3472400,0,0,0
8,TSLA,2015-02-06,222.00,216.50,223.40,217.36,3243900,0,0,0
8,TSLA,2015-02-05,219.88,219.64,225.48,220.99,3522900,0,0,0
8,TSLA,2015-02-04,218.29,216.80,221.48,218.55,3305400,0,0,0
8,TSLA,2015-02-03,213.22,211.27,220.37,218.36,4826200,0,0,0
8,TSLA,2015-02-02,203.97,203.30,211.95,210.94,4149200,0,0,0
8,TSLA,2015-01-30,203.96,203.00,207.47,203.60,3007000,0,0,0
8,TSLA,2015-01-29,201.07,196.50,205.98,205.20,3548100,0,0,0
8,TSLA,2015-01-28,206.11,198.42,206.37,199.37,3149600,0,0,0
8,TSLA,2015-01-27,204.42,203.30,208.03,205.98,2781000,0,0,0
8,TSLA,2015-01-26,201.83,201.05,208.62,206.55,3234500,0,0,0
8,TSLA,2015-01-23,200.29,198.33,203.50,201.29,3438600,0,0,0
8,TSLA,2015-01-22,197.00,195.20,203.24,201.62,4116900,0,0,0
8,TSLA,2015-01-21,189.55,189.51,198.68,196.57,4153000,0,0,0
8,TSLA,2015-01-20,193.87,187.04,194.12,191.93,4503200,0,0,0
8,TSLA,2015-01-16,190.70,189.65,194.49,193.07,3603200,0,0,0
8,TSLA,2015-01-15,194.49,190.00,195.75,191.87,5216500,0,0,0
8,TSLA,2015-01-14,185.83,185.00,195.20,192.69,11513900,0,0,0
8,TSLA,2015-01-13,203.32,200.91,207.61,204.25,4477300,0,0,0
8,TSLA,2015-01-12,203.05,199.25,204.47,202.21,5950300,0,0,0
8,TSLA,2015-01-09,208.92,204.96,209.98,206.66,4668300,0,0,0
8,TSLA,2015-01-08,212.81,210.01,213.80,210.62,3442500,0,0,0
8,TSLA,2015-01-07,213.35,209.78,214.78,210.95,2968400,0,0,0
8,TSLA,2015-01-06,210.06,204.21,214.20,211.28,6261900,0,0,0
8,TSLA,2015-01-05,214.55,207.16,216.50,210.09,5368500,0,0,0
8,TSLA,2015-01-02,222.87,213.26,223.25,219.31,4764400,0,0,0
8,TSLA,2014-12-31,223.09,222.25,225.68,222.41,2297500,0,0,0
8,TSLA,2014-12-30,223.99,221.40,225.65,222.23,2903200,0,0,0
8,TSLA,2014-12-29,226.90,224.02,227.91,225.71,2802500,0,0,0
8,TSLA,2014-12-26,221.51,221.50,228.50,227.82,3327000,0,0,0
8,TSLA,2014-12-24,219.77,219.25,222.50,222.26,1332200,0,0,0
8,TSLA,2014-12-23,223.81,219.52,224.32,220.97,4505700,0,0,0
8,TSLA,2014-12-22,220.00,218.26,224.06,222.60,4799400,0,0,0
8,TSLA,2014-12-19,220.19,214.50,220.40,219.29,6910500,0,0,0
8,TSLA,2014-12-18,212.38,211.80,218.44,218.26,7483300,0,0,0
8,TSLA,2014-12-17,193.06,192.65,206.65,205.82,7367800,0,0,0
8,TSLA,2014-12-16,200.89,195.37,203.68,197.81,8426100,0,0,0
8,TSLA,2014-12-15,209.29,202.67,209.80,204.04,5218300,0,0,0
8,TSLA,2014-12-12,204.82,204.50,211.68,207.00,7173800,0,0,0
8,TSLA,2014-12-11,210.53,208.23,215.43,208.88,6694400,0,0,0
8,TSLA,2014-12-10,214.13,207.70,216.77,209.84,7314100,0,0,0
8,TSLA,2014-12-09,209.34,204.27,217.73,216.89,9431500,0,0,0
8,TSLA,2014-12-08,221.54,212.34,224.86,214.36,9225600,0,0,0
8,TSLA,2014-12-05,228.67,222.26,229.39,223.71,6063600,0,0,0
8,TSLA,2014-12-04,228.60,227.81,230.90,228.28,3855600,0,0,0
8,TSLA,2014-12-03,226.25,225.50,229.72,229.30,5307700,0,0,0
8,TSLA,2014-12-02,234.57,228.00,234.88,231.43,5887000,0,0,0
8,TSLA,2014-12-01,241.16,229.01,242.47,231.64,8619400,0,0,0
8,TSLA,2014-11-28,245.35,242.52,246.69,244.52,2119700,0,0,0
8,TSLA,2014-11-26,248.34,246.60,249.00,248.44,1981200,0,0,0
8,TSLA,2014-11-25,247.35,246.09,249.72,248.09,3159800,0,0,0
8,TSLA,2014-11-24,245.20,240.64,247.60,246.72,4789700,0,0,0
8,TSLA,2014-11-21,252.21,242.17,252.78,242.78,7485100,0,0,0
8,TSLA,2014-11-20,247.95,246.00,250.93,248.71,3587200,0,0,0
8,TSLA,2014-11-19,250.61,245.60,251.88,247.74,7918500,0,0,0
8,TSLA,2014-11-18,255.86,255.51,259.99,257.70,4473000,0,0,0
8,TSLA,2014-11-17,257.49,252.02,259.00,253.98,4025700,0,0,0
8,TSLA,2014-11-14,250.00,248.50,258.85,258.68,6101100,0,0,0
8,TSLA,2014-11-13,250.62,250.25,255.75,251.70,6236000,0,0,0
8,TSLA,2014-11-12,249.72,245.58,252.34,249.10,5870800,0,0,0
8,TSLA,2014-11-11,242.55,242.00,251.82,251.08,7948800,0,0,0
8,TSLA,2014-11-10,239.11,236.80,242.88,241.93,4577200,0,0,0
8,TSLA,2014-11-07,242.19,237.20,242.84,240.20,5161000,0,0,0
8,TSLA,2014-11-06,234.49,228.50,246.69,241.22,15354700,0,0,0
8,TSLA,2014-11-05,241.00,230.53,241.36,230.97,9045900,0,0,0
8,TSLA,2014-11-04,240.49,236.53,242.35,238.93,3682600,0,0,0
8,TSLA,2014-11-03,243.00,241.32,247.56,242.59,4203800,0,0,0
8,TSLA,2014-10-31,242.51,238.75,243.12,241.70,3775300,0,0,0
8,TSLA,2014-10-30,238.14,235.06,240.50,238.66,3228400,0,0,0
8,TSLA,2014-10-29,241.13,235.64,241.50,238.10,4962500,0,0,0
8,TSLA,2014-10-28,229.60,228.25,244.60,242.77,10516300,0,0,0
8,TSLA,2014-10-27,234.25,220.31,234.61,221.67,9553300,0,0,0
8,TSLA,2014-10-24,236.27,231.20,237.80,235.24,3463300,0,0,0
8,TSLA,2014-10-23,234.66,232.00,236.28,235.29,3492400,0,0,0
8,TSLA,2014-10-22,233.19,230.56,237.39,231.10,4116600,0,0,0
8,TSLA,2014-10-21,234.27,230.80,235.39,235.34,4130300,0,0,0
8,TSLA,2014-10-20,226.72,225.51,232.40,230.47,3494400,0,0,0
8,TSLA,2014-10-17,233.38,226.55,234.77,227.48,10549400,0,0,0
8,TSLA,2014-10-16,219.72,219.10,229.92,226.35,5399300,0,0,0
8,TSLA,2014-10-15,220.00,217.32,230.99,229.70,9147300,0,0,0
8,TSLA,2014-10-14,228.25,223.00,232.47,227.06,7105300,0,0,0
8,TSLA,2014-10-13,238.57,221.00,238.96,224.59,11268700,0,0,0
8,TSLA,2014-10-10,244.64,235.20,245.89,236.91,12888300,0,0,0
8,TSLA,2014-10-09,262.25,254.40,265.54,257.01,7361300,0,0,0
8,TSLA,2014-10-08,260.10,252.64,262.88,259.28,5055100,0,0,0
8,TSLA,2014-10-07,258.53,255.73,261.46,259.57,4485500,0,0,0
8,TSLA,2014-10-06,259.13,257.80,262.49,260.62,7713300,0,0,0
8,TSLA,2014-10-03,253.06,251.03,256.50,255.21,5406300,0,0,0
8,TSLA,2014-10-02,250.20,245.36,252.79,251.42,8998200,0,0,0
8,TSLA,2014-10-01,242.20,235.65,242.66,240.24,5941700,0,0,0
8,TSLA,2014-09-30,246.92,240.12,247.65,242.68,4238300,0,0,0
8,TSLA,2014-09-29,244.00,241.38,248.64,245.26,4852700,0,0,0
8,TSLA,2014-09-26,248.25,246.07,249.73,246.60,3795400,0,0,0
8,TSLA,2014-09-25,252.52,246.10,254.96,246.95,4834200,0,0,0
8,TSLA,2014-09-24,251.12,247.04,252.84,252.14,3749500,0,0,0
8,TSLA,2014-09-23,245.22,245.00,253.80,250.41,5658700,0,0,0
8,TSLA,2014-09-22,255.00,244.71,256.02,250.03,8214100,0,0,0
8,TSLA,2014-09-19,257.99,255.27,261.43,259.32,6810900,0,0,0
8,TSLA,2014-09-18,263.36,262.32,265.60,263.82,3692600,0,0,0
8,TSLA,2014-09-17,262.41,259.50,264.70,261.38,5177700,0,0,0
8,TSLA,2014-09-16,255.15,252.42,262.46,260.74,8300100,0,0,0
8,TSLA,2014-09-15,274.37,249.13,274.40,253.86,16455400,0,0,0
8,TSLA,2014-09-12,280.50,277.00,282.39,279.20,3324600,0,0,0
8,TSLA,2014-09-11,280.46,278.63,284.79,280.31,3766100,0,0,0
8,TSLA,2014-09-10,279.50,273.66,281.41,281.10,3781300,0,0,0
8,TSLA,2014-09-09,282.99,277.00,285.49,278.48,4558800,0,0,0
8,TSLA,2014-09-08,277.62,277.52,284.88,282.11,5501600,0,0,0
8,TSLA,2014-09-05,282.55,272.51,282.90,277.39,11169900,0,0,0
8,TSLA,2014-09-04,284.01,280.40,291.42,286.04,8341700,0,0,0
8,TSLA,2014-09-03,287.67,280.10,288.00,281.19,6772300,0,0,0
8,TSLA,2014-09-02,275.50,274.30,284.89,284.12,9852400,0,0,0
8,TSLA,2014-08-29,268.70,267.51,272.00,269.70,6447100,0,0,0
8,TSLA,2014-08-28,261.89,261.64,264.48,263.86,2844900,0,0,0
8,TSLA,2014-08-27,263.50,260.29,264.24,263.25,2985100,0,0,0
8,TSLA,2014-08-26,264.98,261.66,265.50,261.74,3818000,0,0,0
8,TSLA,2014-08-25,258.19,258.19,263.68,262.55,4318100,0,0,0
8,TSLA,2014-08-22,254.54,252.61,256.95,256.78,2833400,0,0,0
8,TSLA,2014-08-21,256.52,253.26,258.80,254.34,2915600,0,0,0
8,TSLA,2014-08-20,254.67,253.00,258.74,255.71,3027900,0,0,0
8,TSLA,2014-08-19,258.87,251.62,259.33,256.76,5334800,0,0,0
8,TSLA,2014-08-18,263.25,259.75,267.26,259.94,5849200,0,0,0
8,TSLA,2014-08-15,261.48,258.50,262.09,262.01,3867900,0,0,0
8,TSLA,2014-08-14,262.49,256.50,263.00,261.38,4126600,0,0,0
8,TSLA,2014-08-13,262.01,259.61,265.64,260.31,6932600,0,0,0
8,TSLA,2014-08-12,258.08,254.58,260.30,259.96,6382300,0,0,0
8,TSLA,2014-08-11,255.48,255.00,263.74,259.32,8101300,0,0,0
8,TSLA,2014-08-08,251.16,246.50,251.76,248.13,5090100,0,0,0
8,TSLA,2014-08-07,250.12,249.12,256.69,252.39,7478900,0,0,0
8,TSLA,2014-08-06,238.90,238.58,251.42,248.93,9249300,0,0,0
8,TSLA,2014-08-05,237.47,235.69,242.99,238.49,5388600,0,0,0
8,TSLA,2014-08-04,234.38,233.27,240.50,238.52,5959700,0,0,0
8,TSLA,2014-08-01,226.09,226.00,237.50,233.27,11895800,0,0,0
8,TSLA,2014-07-31,229.26,221.50,231.40,223.30,7749100,0,0,0
8,TSLA,2014-07-30,221.92,221.04,229.60,228.92,4927800,0,0,0
8,TSLA,2014-07-29,226.61,224.86,228.30,225.01,3382400,0,0,0
8,TSLA,2014-07-28,224.25,221.40,232.00,224.82,6514300,0,0,0
8,TSLA,2014-07-25,222.72,221.75,226.97,223.57,3087100,0,0,0
8,TSLA,2014-07-24,223.25,220.80,225.10,223.54,3245500,0,0,0
8,TSLA,2014-07-23,220.01,219.43,224.75,222.49,3083300,0,0,0
8,TSLA,2014-07-22,222.19,219.11,223.30,219.58,2730000,0,0,0
8,TSLA,2014-07-21,217.25,216.72,223.21,220.54,3822200,0,0,0
8,TSLA,2014-07-18,215.95,215.93,221.21,220.02,4253700,0,0,0
8,TSLA,2014-07-17,216.16,213.60,220.55,215.40,4649400,0,0,0
8,TSLA,2014-07-16,221.82,216.82,224.80,217.16,4044500,0,0,0
8,TSLA,2014-07-15,226.73,218.10,227.65,219.58,5718500,0,0,0
8,TSLA,2014-07-14,219.99,215.45,228.79,226.70,7203200,0,0,0
8,TSLA,2014-07-11,220.61,217.60,221.60,218.13,3302300,0,0,0
8,TSLA,2014-07-10,217.18,216.04,222.22,219.46,4863900,0,0,0
8,TSLA,2014-07-09,221.27,219.21,224.22,223.06,4115400,0,0,0
8,TSLA,2014-07-08,218.65,214.27,220.96,219.07,7836200,0,0,0
8,TSLA,2014-07-07,227.50,220.40,229.78,222.66,5893700,0,0,0
8,TSLA,2014-07-03,231.29,224.00,231.90,229.25,5166700,0,0,0
8,TSLA,2014-07-02,240.66,227.07,242.33,229.43,8027400,0,0,0
8,TSLA,2014-07-01,242.46,238.70,243.44,239.72,4336100,0,0,0
8,TSLA,2014-06-30,239.55,239.00,244.49,240.06,4828600,0,0,0
8,TSLA,2014-06-27,234.69,234.50,240.00,239.06,5635000,0,0,0
8,TSLA,2014-06-26,237.17,234.21,240.40,235.60,5121400,0,0,0
8,TSLA,2014-06-25,233.05,230.24,237.55,236.89,5801600,0,0,0
8,TSLA,2014-06-24,238.97,231.63,241.88,232.50,8075900,0,0,0
8,TSLA,2014-06-23,229.51,228.22,238.99,237.22,7791100,0,0,0
8,TSLA,2014-06-20,228.52,226.20,231.29,229.59,4903900,0,0,0
8,TSLA,2014-06-19,228.88,227.00,235.31,227.79,8793100,0,0,0
8,TSLA,2014-06-18,231.50,226.12,231.71,227.12,6940200,0,0,0
8,TSLA,2014-06-17,224.11,222.85,235.54,231.67,13304900,0,0,0
8,TSLA,2014-06-16,206.76,206.26,225.49,224.61,13246400,0,0,0
8,TSLA,2014-06-13,204.78,201.58,206.79,206.42,3544300,0,0,0
8,TSLA,2014-06-12,205.10,202.71,209.88,203.52,5993700,0,0,0
8,TSLA,2014-06-11,201.50,199.25,205.00,204.47,3977500,0,0,0
8,TSLA,2014-06-10,204.43,201.55,206.97,202.30,3514700,0,0,0
8,TSLA,2014-06-09,207.95,204.20,209.99,205.31,2805700,0,0,0
8,TSLA,2014-06-06,209.75,207.18,210.81,208.17,3073800,0,0,0
8,TSLA,2014-06-05,204.47,204.05,209.20,206.90,4054600,0,0,0
8,TSLA,2014-06-04,204.35,200.40,206.26,203.99,3427400,0,0,0
8,TSLA,2014-06-03,203.49,202.59,208.00,204.94,3860800,0,0,0
8,TSLA,2014-06-02,207.33,201.67,209.35,204.70,4668100,0,0,0
8,TSLA,2014-05-30,210.30,207.02,214.80,207.77,5581100,0,0,0
8,TSLA,2014-05-29,210.57,207.72,212.49,210.24,3692500,0,0,0
8,TSLA,2014-05-28,210.02,205.26,212.77,210.24,5495100,0,0,0
8,TSLA,2014-05-27,208.52,207.70,213.87,211.56,5341100,0,0,0
8,TSLA,2014-05-23,204.53,202.50,207.76,207.30,4006800,0,0,0
8,TSLA,2014-05-22,200.35,199.56,206.88,204.88,6214500,0,0,0
8,TSLA,2014-05-21,196.18,194.79,199.87,199.45,5285400,0,0,0
8,TSLA,2014-05-20,196.94,193.07,199.33,195.30,5546100,0,0,0
8,TSLA,2014-05-19,190.72,190.00,196.89,196.09,4571700,0,0,0
8,TSLA,2014-05-16,188.95,187.72,192.04,191.56,4487700,0,0,0
8,TSLA,2014-05-15,189.98,185.30,192.66,188.59,6040400,0,0,0
8,TSLA,2014-05-14,188.95,187.10,193.48,190.62,5406700,0,0,0
8,TSLA,2014-05-13,183.76,183.00,191.34,190.16,7097200,0,0,0
8,TSLA,2014-05-12,183.87,179.88,187.19,184.67,7002300,0,0,0
8,TSLA,2014-05-09,179.86,177.22,183.40,182.26,8495200,0,0,0
8,TSLA,2014-05-08,182.00,178.00,194.40,178.59,20056600,0,0,0
8,TSLA,2014-05-07,209.64,197.25,210.20,201.35,10179300,0,0,0
8,TSLA,2014-05-06,216.60,206.85,218.66,207.28,5636700,0,0,0
8,TSLA,2014-05-05,209.48,208.52,217.69,216.61,5147000,0,0,0
8,TSLA,2014-05-02,208.60,206.52,211.36,210.91,4086800,0,0,0
8,TSLA,2014-05-01,207.08,205.69,214.02,207.73,5439900,0,0,0
8,TSLA,2014-04-30,203.60,201.28,208.16,207.89,4440600,0,0,0
8,TSLA,2014-04-29,198.21,195.53,207.15,206.92,5779100,0,0,0
8,TSLA,2014-04-28,200.00,190.50,203.79,198.51,7042000,0,0,0
8,TSLA,2014-04-25,202.00,197.65,206.70,199.85,6996700,0,0,0
8,TSLA,2014-04-24,210.81,203.20,212.80,207.86,5495200,0,0,0
8,TSLA,2014-04-23,216.33,207.00,216.74,207.99,7295600,0,0,0
8,TSLA,2014-04-22,206.36,205.01,219.33,218.64,9804700,0,0,0
8,TSLA,2014-04-21,197.08,194.00,206.20,204.38,5258200,0,0,0
8,TSLA,2014-04-17,199.61,194.08,202.29,198.12,5926800,0,0,0
8,TSLA,2014-04-16,197.00,190.82,199.99,199.11,7202200,0,0,0
8,TSLA,2014-04-15,199.09,184.32,199.29,193.91,13659300,0,0,0
8,TSLA,2014-04-14,207.60,194.41,208.44,198.09,7703000,0,0,0
8,TSLA,2014-04-11,200.61,198.60,207.00,203.78,9067200,0,0,0
8,TSLA,2014-04-10,216.82,203.79,217.50,204.19,7211500,0,0,0
8,TSLA,2014-04-09,216.76,210.89,218.45,216.93,5157900,0,0,0
8,TSLA,2014-04-08,210.05,206.42,216.49,215.46,6889300,0,0,0
8,TSLA,2014-04-07,205.81,203.51,216.20,207.52,9855500,0,0,0
8,TSLA,2014-04-04,226.01,211.25,228.27,212.23,11345600,0,0,0
8,TSLA,2014-04-03,230.30,222.00,235.73,225.40,10923700,0,0,0
8,TSLA,2014-04-02,220.00,218.05,230.89,230.29,10782300,0,0,0
8,TSLA,2014-04-01,209.02,208.58,218.16,216.97,7371400,0,0,0
8,TSLA,2014-03-31,216.50,206.39,216.75,208.45,8380000,0,0,0
8,TSLA,2014-03-28,212.80,210.27,216.72,212.37,9684800,0,0,0
8,TSLA,2014-03-27,212.37,203.00,213.60,207.32,9495700,0,0,0
8,TSLA,2014-03-26,221.95,211.35,222.60,212.96,6907300,0,0,0
8,TSLA,2014-03-25,224.14,217.90,227.05,220.44,7865400,0,0,0
8,TSLA,2014-03-24,229.75,210.27,229.90,220.17,11328800,0,0,0
8,TSLA,2014-03-21,236.02,227.50,236.20,228.89,8216900,0,0,0
8,TSLA,2014-03-20,236.16,233.36,239.25,234.91,3817900,0,0,0
8,TSLA,2014-03-19,241.39,233.51,241.55,235.84,5071300,0,0,0
8,TSLA,2014-03-18,236.95,235.02,241.50,240.04,6242300,0,0,0
8,TSLA,2014-03-17,234.95,230.50,237.93,233.98,5912600,0,0,0
8,TSLA,2014-03-14,235.29,228.32,236.94,230.97,8289700,0,0,0
8,TSLA,2014-03-13,243.79,234.00,244.19,237.79,6236300,0,0,0
8,TSLA,2014-03-12,231.50,231.11,247.50,241.49,9754400,0,0,0
8,TSLA,2014-03-11,236.50,232.43,244.60,234.41,8810100,0,0,0
8,TSLA,2014-03-10,242.70,236.06,243.00,238.84,7728100,0,0,0
8,TSLA,2014-03-07,252.94,244.41,254.85,246.21,7812300,0,0,0
8,TSLA,2014-03-06,254.14,249.45,257.50,252.94,7361100,0,0,0
8,TSLA,2014-03-05,256.72,251.80,256.99,252.66,5935700,0,0,0
8,TSLA,2014-03-04,258.48,252.83,260.00,254.84,8745600,0,0,0
8,TSLA,2014-03-03,237.26,234.99,251.65,250.56,13089300,0,0,0
8,TSLA,2014-02-28,249.65,242.55,252.68,244.81,14589800,0,0,0
8,TSLA,2014-02-27,261.25,248.33,261.90,252.54,17945800,0,0,0
8,TSLA,2014-02-26,258.58,247.50,265.00,253.00,24604600,0,0,0
8,TSLA,2014-02-25,230.00,228.45,259.20,248.00,32681700,0,0,0
8,TSLA,2014-02-24,208.76,208.32,218.36,217.65,8278400,0,0,0
8,TSLA,2014-02-21,211.64,209.19,213.98,209.60,7818800,0,0,0
8,TSLA,2014-02-20,215.01,206.27,215.21,209.97,18002300,0,0,0
8,TSLA,2014-02-19,203.70,193.41,203.70,193.64,16169000,0,0,0
8,TSLA,2014-02-18,205.24,201.36,206.00,203.70,9332800,0,0,0
8,TSLA,2014-02-14,198.10,197.00,201.88,198.23,6158000,0,0,0
8,TSLA,2014-02-13,193.34,193.25,202.72,199.63,8029300,0,0,0
8,TSLA,2014-02-12,195.78,194.32,198.27,195.32,5173700,0,0,0
8,TSLA,2014-02-11,198.97,192.70,202.20,196.62,10709900,0,0,0
8,TSLA,2014-02-10,189.34,189.32,199.30,196.56,12970700,0,0,0
8,TSLA,2014-02-07,181.01,179.60,186.63,186.53,8928500,0,0,0
8,TSLA,2014-02-06,176.30,176.00,180.11,178.38,5841600,0,0,0
8,TSLA,2014-02-05,178.30,169.36,180.59,174.42,7268000,0,0,0
8,TSLA,2014-02-04,180.70,176.20,181.60,178.73,4686300,0,0,0
8,TSLA,2014-02-03,182.89,175.16,184.88,177.11,6764900,0,0,0
8,TSLA,2014-01-31,178.85,178.51,186.00,181.41,6508800,0,0,0
8,TSLA,2014-01-30,178.00,177.01,184.78,182.84,8565000,0,0,0
8,TSLA,2014-01-29,175.30,173.13,179.09,175.23,5935500,0,0,0
8,TSLA,2014-01-28,171.50,171.00,178.98,178.38,6093400,0,0,0
8,TSLA,2014-01-27,175.16,164.71,177.92,169.62,8716400,0,0,0
8,TSLA,2014-01-24,177.85,173.53,180.48,174.60,7664300,0,0,0
8,TSLA,2014-01-23,177.23,173.42,182.38,181.50,7867400,0,0,0
8,TSLA,2014-01-22,177.81,174.76,180.32,178.56,7022600,0,0,0
8,TSLA,2014-01-21,171.24,170.81,177.29,176.68,9734700,0,0,0
8,TSLA,2014-01-17,170.19,167.95,173.20,170.01,9206200,0,0,0
8,TSLA,2014-01-16,162.50,162.40,172.70,170.97,11959400,0,0,0
8,TSLA,2014-01-15,168.45,162.10,172.23,164.13,20465600,0,0,0
8,TSLA,2014-01-14,140.50,136.67,162.00,161.27,27607000,0,0,0
8,TSLA,2014-01-13,145.78,137.82,147.00,139.34,6316100,0,0,0
8,TSLA,2014-01-10,148.46,142.25,148.90,145.72,7446100,0,0,0
8,TSLA,2014-01-09,152.50,146.85,153.43,147.53,5382000,0,0,0
8,TSLA,2014-01-08,148.85,148.76,153.70,151.28,6163200,0,0,0
8,TSLA,2014-01-07,147.62,145.25,150.40,149.36,5034100,0,0,0
8,TSLA,2014-01-06,150.00,145.24,150.40,147.00,5361100,0,0,0
8,TSLA,2014-01-03,150.00,148.60,152.19,149.56,4695000,0,0,0
8,TSLA,2014-01-02,149.80,146.55,152.48,150.10,6188400,0,0,0
8,TSLA,2013-12-31,152.32,148.66,153.20,150.43,4262400,0,0,0
8,TSLA,2013-12-30,151.12,150.75,154.81,152.44,4467500,0,0,0
8,TSLA,2013-12-27,155.30,150.80,155.50,151.12,5460200,0,0,0
8,TSLA,2013-12-26,155.04,154.29,158.00,155.50,7129500,0,0,0
8,TSLA,2013-12-24,150.00,149.82,154.97,151.41,9941500,0,0,0
8,TSLA,2013-12-23,144.85,142.60,146.24,143.55,5385500,0,0,0
8,TSLA,2013-12-20,141.58,141.58,144.35,143.24,7412600,0,0,0
8,TSLA,2013-12-19,146.90,139.10,147.00,140.72,12740000,0,0,0
8,TSLA,2013-12-18,152.24,145.95,154.90,147.98,11581900,0,0,0
8,TSLA,2013-12-17,147.58,146.32,154.63,152.46,10495000,0,0,0
8,TSLA,2013-12-16,148.48,146.10,150.43,147.94,6675300,0,0,0
8,TSLA,2013-12-13,148.05,147.32,151.80,147.65,10591900,0,0,0
8,TSLA,2013-12-12,139.70,138.53,148.24,147.47,10767800,0,0,0
8,TSLA,2013-12-11,141.88,139.49,143.05,139.65,7137800,0,0,0
8,TSLA,2013-12-10,140.05,139.86,145.87,142.19,10748200,0,0,0
8,TSLA,2013-12-09,137.00,134.21,141.70,141.60,9061500,0,0,0
8,TSLA,2013-12-06,141.51,136.30,142.49,137.36,7909600,0,0,0
8,TSLA,2013-12-05,140.15,139.50,143.35,140.48,9288400,0,0,0
8,TSLA,2013-12-04,144.32,137.13,144.43,138.95,13147700,0,0,0
8,TSLA,2013-12-03,132.68,131.59,144.94,144.70,25682400,0,0,0
8,TSLA,2013-12-02,126.35,123.93,128.55,124.17,7751200,0,0,0
8,TSLA,2013-11-29,129.77,126.98,130.59,127.28,9716200,0,0,0
8,TSLA,2013-11-27,121.31,119.52,126.95,126.94,12367600,0,0,0
8,TSLA,2013-11-26,119.38,116.10,122.72,120.50,13885500,0,0,0
8,TSLA,2013-11-25,124.50,120.30,125.84,120.84,10267300,0,0,0
8,TSLA,2013-11-22,121.58,117.93,122.75,121.38,11096700,0,0,0
8,TSLA,2013-11-21,122.89,120.25,124.79,122.10,11903800,0,0,0
8,TSLA,2013-11-20,126.08,119.06,127.45,121.11,13849600,0,0,0
8,TSLA,2013-11-19,119.43,119.22,129.00,126.09,19816200,0,0,0
8,TSLA,2013-11-18,135.27,119.61,135.45,121.58,23138200,0,0,0
8,TSLA,2013-11-15,136.85,134.35,137.95,135.45,9900200,0,0,0
8,TSLA,2013-11-14,138.92,134.11,140.40,137.60,12203700,0,0,0
8,TSLA,2013-11-13,140.84,136.34,142.37,138.70,12658300,0,0,0
8,TSLA,2013-11-12,144.69,136.18,144.70,137.80,14985200,0,0,0
8,TSLA,2013-11-11,141.00,137.10,145.42,144.70,13997600,0,0,0
8,TSLA,2013-11-08,136.48,132.32,140.60,137.95,22477900,0,0,0
8,TSLA,2013-11-07,144.19,137.62,145.65,139.77,22284700,0,0,0
8,TSLA,2013-11-06,154.81,146.35,160.73,151.16,31071700,0,0,0
8,TSLA,2013-11-05,180.00,171.36,181.43,176.81,22467100,0,0,0
8,TSLA,2013-11-04,165.00,164.22,175.39,175.20,13120400,0,0,0
8,TSLA,2013-11-01,163.00,160.41,165.90,162.17,7180600,0,0,0
8,TSLA,2013-10-31,155.67,153.30,162.44,159.94,9333800,0,0,0
8,TSLA,2013-10-30,164.63,158.17,167.68,159.22,8401800,0,0,0
8,TSLA,2013-10-29,162.76,153.00,165.45,164.47,14111700,0,0,0
8,TSLA,2013-10-28,170.18,162.20,170.50,162.86,7841700,0,0,0
8,TSLA,2013-10-25,174.21,166.80,174.50,169.66,7595500,0,0,0
8,TSLA,2013-10-24,165.00,162.83,174.50,173.15,10825700,0,0,0
8,TSLA,2013-10-23,168.91,160.15,171.81,164.50,13320400,0,0,0
8,TSLA,2013-10-22,170.50,166.11,177.78,171.54,11386700,0,0,0
8,TSLA,2013-10-21,183.28,171.00,183.39,172.60,11532100,0,0,0
8,TSLA,2013-10-18,184.15,182.52,185.96,183.40,5930800,0,0,0
8,TSLA,2013-10-17,183.54,180.99,184.80,182.80,6705000,0,0,0
8,TSLA,2013-10-16,184.90,182.09,187.30,183.56,8205400,0,0,0
8,TSLA,2013-10-15,185.28,183.18,188.79,183.94,10978500,0,0,0
8,TSLA,2013-10-14,175.00,174.15,182.50,179.72,7769600,0,0,0
8,TSLA,2013-10-11,172.75,171.20,179.29,178.70,8311100,0,0,0
8,TSLA,2013-10-10,173.09,169.69,175.75,172.93,8883900,0,0,0
8,TSLA,2013-10-09,174.73,161.50,174.99,168.78,15316500,0,0,0
8,TSLA,2013-10-08,184.40,173.21,185.93,174.73,13757200,0,0,0
8,TSLA,2013-10-07,182.46,180.26,186.73,183.07,11485600,0,0,0
8,TSLA,2013-10-04,176.40,172.65,181.18,180.98,14414000,0,0,0
8,TSLA,2013-10-03,175.05,168.00,179.69,173.31,23816500,0,0,0
8,TSLA,2013-10-02,188.59,175.40,191.83,180.95,20775400,0,0,0
8,TSLA,2013-10-01,193.96,188.37,194.23,193.00,7755900,0,0,0
8,TSLA,2013-09-30,189.00,188.00,194.50,193.37,8924700,0,0,0
8,TSLA,2013-09-27,187.52,186.43,191.28,190.90,5916400,0,0,0
8,TSLA,2013-09-26,186.70,185.61,189.68,188.64,6614400,0,0,0
8,TSLA,2013-09-25,183.56,180.50,186.30,185.24,8252700,0,0,0
8,TSLA,2013-09-24,179.14,177.65,184.96,182.33,6273400,0,0,0
8,TSLA,2013-09-23,184.48,177.11,185.48,181.11,8173400,0,0,0
8,TSLA,2013-09-20,178.90,178.56,185.83,183.39,13401700,0,0,0
8,TSLA,2013-09-19,170.80,169.08,180.47,177.92,15594600,0,0,0
8,TSLA,2013-09-18,167.07,164.20,167.45,166.22,5439700,0,0,0
8,TSLA,2013-09-17,165.08,163.36,168.42,166.23,5496900,0,0,0
8,TSLA,2013-09-16,168.00,165.85,170.85,166.58,7574900,0,0,0
8,TSLA,2013-09-13,162.77,162.16,166.37,165.54,5401200,0,0,0
8,TSLA,2013-09-12,164.00,160.51,166.76,164.93,6160000,0,0,0
8,TSLA,2013-09-11,166.41,162.13,167.90,163.52,5832500,0,0,0
8,TSLA,2013-09-10,161.45,160.63,167.50,166.37,8967800,0,0,0
8,TSLA,2013-09-09,163.12,158.51,164.50,160.70,14344500,0,0,0
8,TSLA,2013-09-06,168.57,165.15,169.70,166.97,8619700,0,0,0
8,TSLA,2013-09-05,170.10,168.25,171.50,169.93,6685300,0,0,0
8,TSLA,2013-09-04,169.77,165.56,171.62,170.62,11475700,0,0,0
8,TSLA,2013-09-03,173.40,166.40,173.70,168.94,12061100,0,0,0
8,TSLA,2013-08-30,166.37,163.96,169.21,169.00,11028400,0,0,0
8,TSLA,2013-08-29,164.22,162.51,167.75,166.06,9436000,0,0,0
8,TSLA,2013-08-28,169.06,163.25,171.50,166.45,14740100,0,0,0
8,TSLA,2013-08-27,162.30,160.95,168.80,167.01,17566900,0,0,0
8,TSLA,2013-08-26,165.15,160.25,173.00,164.22,24171100,0,0,0
8,TSLA,2013-08-23,157.00,155.00,162.30,161.84,12931900,0,0,0
8,TSLA,2013-08-22,149.22,148.14,157.48,157.10,10592400,0,0,0
8,TSLA,2013-08-21,150.00,146.25,150.31,147.86,6266300,0,0,0
8,TSLA,2013-08-20,148.65,147.00,149.78,149.58,6418200,0,0,0
8,TSLA,2013-08-19,143.43,142.83,147.38,144.90,8037700,0,0,0
8,TSLA,2013-08-16,141.63,140.97,143.91,142.00,7108100,0,0,0
8,TSLA,2013-08-15,136.43,135.00,143.60,139.67,10179200,0,0,0
8,TSLA,2013-08-14,142.72,138.05,144.84,139.36,11693800,0,0,0
8,TSLA,2013-08-13,149.50,144.45,149.84,145.43,8748900,0,0,0
8,TSLA,2013-08-12,149.43,142.05,150.50,147.38,14912200,0,0,0
8,TSLA,2013-08-09,152.40,151.25,155.95,153.00,8927700,0,0,0
8,TSLA,2013-08-08,154.35,150.46,158.88,153.48,27246800,0,0,0
8,TSLA,2013-08-07,141.89,132.36,141.95,134.23,18212200,0,0,0
8,TSLA,2013-08-06,144.75,141.10,145.73,142.15,9254500,0,0,0
8,TSLA,2013-08-05,140.01,139.65,144.89,144.68,10200700,0,0,0
8,TSLA,2013-08-02,134.59,133.61,138.25,138.00,6269900,0,0,0
8,TSLA,2013-08-01,135.00,132.63,136.52,135.55,5323600,0,0,0
8,TSLA,2013-07-31,132.57,131.45,134.97,134.28,6351700,0,0,0
8,TSLA,2013-07-30,134.80,128.18,137.49,131.74,13127000,0,0,0
8,TSLA,2013-07-29,129.32,128.25,135.37,134.62,9678900,0,0,0
8,TSLA,2013-07-26,128.14,126.61,130.68,129.39,9633100,0,0,0
8,TSLA,2013-07-25,120.40,120.19,124.75,124.07,5284300,0,0,0
8,TSLA,2013-07-24,124.47,119.56,124.50,121.70,6869000,0,0,0
8,TSLA,2013-07-23,124.00,121.82,125.56,122.74,7736400,0,0,0
8,TSLA,2013-07-22,119.89,119.88,126.68,122.43,9797800,0,0,0
8,TSLA,2013-07-19,118.50,116.51,120.55,119.68,5890300,0,0,0
8,TSLA,2013-07-18,120.97,116.18,122.73,119.03,11398100,0,0,0
8,TSLA,2013-07-17,106.52,104.50,121.62,120.25,26029000,0,0,0
8,TSLA,2013-07-16,126.28,107.30,126.32,109.05,32371900,0,0,0
8,TSLA,2013-07-15,133.03,126.82,133.26,127.26,9922400,0,0,0
8,TSLA,2013-07-12,125.50,124.51,129.94,129.90,11344000,0,0,0
8,TSLA,2013-07-11,124.88,122.35,126.09,125.61,7483600,0,0,0
8,TSLA,2013-07-10,123.19,120.79,123.25,122.27,5600100,0,0,0
8,TSLA,2013-07-09,124.64,121.91,125.32,123.45,8603300,0,0,0
8,TSLA,2013-07-08,121.37,118.82,122.18,121.61,7814200,0,0,0
8,TSLA,2013-07-05,118.32,115.70,120.28,120.09,6818700,0,0,0
8,TSLA,2013-07-03,118.00,114.27,119.25,115.24,4806700,0,0,0
8,TSLA,2013-07-02,118.25,115.50,121.89,117.82,12064100,0,0,0
8,TSLA,2013-07-01,109.36,109.15,117.77,117.18,10903600,0,0,0
8,TSLA,2013-06-28,108.57,106.71,109.44,107.36,5748600,0,0,0
8,TSLA,2013-06-27,106.75,106.13,110.25,109.25,8744900,0,0,0
8,TSLA,2013-06-26,103.80,102.66,105.87,105.72,6602600,0,0,0
8,TSLA,2013-06-25,103.10,100.55,104.20,102.40,5848700,0,0,0
8,TSLA,2013-06-24,96.50,95.30,102.87,101.49,7119800,0,0,0
8,TSLA,2013-06-21,103.70,97.50,103.70,99.55,11718600,0,0,0
8,TSLA,2013-06-20,104.65,99.45,107.13,100.65,10106500,0,0,0
8,TSLA,2013-06-19,102.06,102.01,106.67,104.68,8578900,0,0,0
8,TSLA,2013-06-18,101.75,99.20,103.98,103.39,8795300,0,0,0
8,TSLA,2013-06-17,103.60,101.20,104.75,102.20,7066200,0,0,0
8,TSLA,2013-06-14,100.00,99.33,102.52,100.30,6564700,0,0,0
8,TSLA,2013-06-13,99.00,95.12,99.28,98.18,5961600,0,0,0
8,TSLA,2013-06-12,96.80,95.75,100.48,97.73,9192700,0,0,0
8,TSLA,2013-06-11,98.18,94.05,98.68,94.47,7394000,0,0,0
8,TSLA,2013-06-10,98.93,98.57,102.52,100.05,9228600,0,0,0
8,TSLA,2013-06-07,98.00,96.70,102.90,102.04,10711600,0,0,0
8,TSLA,2013-06-06,95.25,95.11,99.27,97.35,9510900,0,0,0
8,TSLA,2013-06-05,93.66,89.11,97.97,95.37,12224800,0,0,0
8,TSLA,2013-06-04,92.75,92.40,96.42,94.84,8856100,0,0,0
8,TSLA,2013-06-03,97.62,88.25,97.62,92.59,19139600,0,0,0
8,TSLA,2013-05-31,106.26,97.73,106.44,97.76,15172000,0,0,0
8,TSLA,2013-05-30,102.46,101.20,109.54,104.95,16133700,0,0,0
8,TSLA,2013-05-29,113.55,99.00,114.90,104.63,25099500,0,0,0
8,TSLA,2013-05-28,101.55,100.30,110.75,110.33,19691900,0,0,0
8,TSLA,2013-05-24,92.60,92.00,97.95,97.08,16124200,0,0,0
8,TSLA,2013-05-23,84.81,83.05,93.01,92.73,12022200,0,0,0
8,TSLA,2013-05-22,86.37,85.50,90.96,87.24,8568000,0,0,0
8,TSLA,2013-05-21,88.50,85.28,89.99,87.59,8998200,0,0,0
8,TSLA,2013-05-20,91.12,88.63,92.50,89.94,8348400,0,0,0
8,TSLA,2013-05-17,92.50,87.50,94.44,91.50,19002200,0,0,0
8,TSLA,2013-05-16,94.70,88.66,95.00,92.25,21614000,0,0,0
8,TSLA,2013-05-15,81.80,78.11,86.88,84.84,16878700,0,0,0
8,TSLA,2013-05-14,94.22,81.15,97.12,83.24,37163900,0,0,0
8,TSLA,2013-05-13,80.99,79.15,88.00,87.80,22416900,0,0,0
8,TSLA,2013-05-10,69.65,69.25,81.00,76.76,25082600,0,0,0
8,TSLA,2013-05-09,70.12,63.69,75.77,69.40,28605000,0,0,0
8,TSLA,2013-05-08,57.50,55.71,58.20,55.79,6769900,0,0,0
8,TSLA,2013-05-07,62.00,55.12,62.37,55.51,9991000,0,0,0
8,TSLA,2013-05-06,56.39,55.50,59.66,59.50,4366700,0,0,0
8,TSLA,2013-05-03,56.47,54.50,56.47,54.55,3378700,0,0,0
8,TSLA,2013-05-02,53.85,53.70,55.27,54.11,3050400,0,0,0
8,TSLA,2013-05-01,55.99,53.00,55.99,53.28,2742800,0,0,0
8,TSLA,2013-04-30,56.00,53.76,58.18,53.99,5522600,0,0,0
8,TSLA,2013-04-29,51.76,51.20,54.99,54.94,3639700,0,0,0
8,TSLA,2013-04-26,53.13,50.62,53.74,51.20,3622100,0,0,0
8,TSLA,2013-04-25,50.50,50.50,52.40,52.00,2795900,0,0,0
8,TSLA,2013-04-24,50.90,48.98,51.05,50.43,2630000,0,0,0
8,TSLA,2013-04-23,51.00,50.66,52.92,51.01,3733800,0,0,0
8,TSLA,2013-04-22,48.60,47.75,50.20,50.19,3939400,0,0,0
8,TSLA,2013-04-19,47.46,47.07,49.88,47.83,3011700,0,0,0
8,TSLA,2013-04-18,45.98,45.39,47.60,46.97,3367900,0,0,0
8,TSLA,2013-04-17,45.50,44.54,45.95,45.45,2118500,0,0,0
8,TSLA,2013-04-16,44.19,43.91,46.14,45.59,3180400,0,0,0
8,TSLA,2013-04-15,43.50,42.51,43.80,43.30,1681400,0,0,0
8,TSLA,2013-04-12,43.25,43.05,45.14,43.75,3149400,0,0,0
8,TSLA,2013-04-11,42.06,41.75,44.55,43.59,3447400,0,0,0
8,TSLA,2013-04-10,40.70,40.61,42.01,41.86,2121100,0,0,0
8,TSLA,2013-04-09,41.80,40.33,41.83,40.50,1696100,0,0,0
8,TSLA,2013-04-08,41.97,41.51,42.55,41.83,1679000,0,0,0
8,TSLA,2013-04-05,42.00,40.50,42.00,41.37,1552400,0,0,0
8,TSLA,2013-04-04,41.11,40.81,42.25,42.01,2264800,0,0,0
8,TSLA,2013-04-03,43.10,40.21,43.47,41.10,5643600,0,0,0
8,TSLA,2013-04-02,43.60,43.51,45.50,44.34,6652400,0,0,0
8,TSLA,2013-04-01,42.36,41.70,46.68,43.93,14098500,0,0,0
8,TSLA,2013-03-28,38.23,37.75,38.24,37.89,1158700,0,0,0
8,TSLA,2013-03-27,37.94,37.31,38.38,38.16,1296300,0,0,0
8,TSLA,2013-03-26,37.98,37.66,38.22,37.86,1808200,0,0,0
8,TSLA,2013-03-25,37.10,36.77,38.52,37.53,2378800,0,0,0
8,TSLA,2013-03-22,36.20,36.20,36.80,36.62,440200,0,0,0
8,TSLA,2013-03-21,35.95,35.74,37.06,36.01,1146300,0,0,0
8,TSLA,2013-03-20,35.26,35.16,36.07,35.95,1423000,0,0,0
8,TSLA,2013-03-19,35.25,34.94,35.60,35.08,1098500,0,0,0
8,TSLA,2013-03-18,35.30,34.92,36.06,35.15,1316100,0,0,0
8,TSLA,2013-03-15,36.64,35.21,36.65,35.29,3279600,0,0,0
8,TSLA,2013-03-14,38.90,36.77,38.91,36.85,2021000,0,0,0
8,TSLA,2013-03-13,39.00,38.81,39.49,38.98,822000,0,0,0
8,TSLA,2013-03-12,38.90,38.85,39.38,39.12,1275100,0,0,0
8,TSLA,2013-03-11,38.87,38.65,39.44,39.10,1579500,0,0,0
8,TSLA,2013-03-08,38.06,37.36,39.44,38.47,912100,0,0,0
8,TSLA,2013-03-07,37.73,36.88,38.65,38.23,1158300,0,0,0
8,TSLA,2013-03-06,37.01,36.97,37.88,37.69,1150000,0,0,0
8,TSLA,2013-03-05,36.00,35.79,36.92,36.65,2087000,0,0,0
8,TSLA,2013-03-04,34.77,34.70,35.83,35.58,1757700,0,0,0
8,TSLA,2013-03-01,35.00,34.25,35.08,34.65,1546600,0,0,0
8,TSLA,2013-02-28,35.89,34.37,36.10,34.83,1964900,0,0,0
8,TSLA,2013-02-27,34.41,34.40,35.41,35.10,1959200,0,0,0
8,TSLA,2013-02-26,34.46,33.80,34.96,34.43,2762900,0,0,0
8,TSLA,2013-02-25,36.15,34.34,36.75,34.38,2889400,0,0,0
8,TSLA,2013-02-22,35.72,35.60,36.39,36.11,2547300,0,0,0
8,TSLA,2013-02-21,36.49,34.54,37.39,35.16,9037800,0,0,0
8,TSLA,2013-02-20,39.30,38.46,39.65,38.54,3122000,0,0,0
8,TSLA,2013-02-19,37.36,37.31,39.29,39.28,2701400,0,0,0
8,TSLA,2013-02-15,38.50,36.95,38.51,37.04,2017600,0,0,0
8,TSLA,2013-02-14,38.64,38.21,38.75,38.27,990700,0,0,0
8,TSLA,2013-02-13,38.30,38.05,39.00,38.45,966800,0,0,0
8,TSLA,2013-02-12,38.45,37.29,38.87,37.89,2261300,0,0,0
8,TSLA,2013-02-11,37.98,37.50,39.15,38.42,3266300,0,0,0
8,TSLA,2013-02-08,39.45,39.14,40.00,39.24,1139800,0,0,0
8,TSLA,2013-02-07,39.19,38.95,39.68,39.48,1196600,0,0,0
8,TSLA,2013-02-06,38.18,37.90,39.39,39.17,1893200,0,0,0
8,TSLA,2013-02-05,38.00,37.68,38.65,38.13,1310200,0,0,0
8,TSLA,2013-02-04,38.40,37.59,38.42,37.74,1128000,0,0,0
8,TSLA,2013-02-01,38.17,37.62,38.50,38.30,1100600,0,0,0
8,TSLA,2013-01-31,37.87,36.93,37.87,37.51,901400,0,0,0
8,TSLA,2013-01-30,37.85,37.43,38.00,37.52,968100,0,0,0
8,TSLA,2013-01-29,38.10,37.13,38.44,37.95,1426600,0,0,0
8,TSLA,2013-01-28,36.86,36.86,38.71,38.03,1986000,0,0,0
8,TSLA,2013-01-25,37.00,36.80,37.54,36.98,1287800,0,0,0
8,TSLA,2013-01-24,36.00,35.84,37.72,36.99,1970400,0,0,0
8,TSLA,2013-01-23,35.02,34.96,36.24,36.00,1564300,0,0,0
8,TSLA,2013-01-22,34.56,34.26,35.55,35.19,1920200,0,0,0
8,TSLA,2013-01-18,34.74,33.82,34.78,34.52,3555100,0,0,0
8,TSLA,2013-01-17,34.16,33.92,34.85,34.38,1436700,0,0,0
8,TSLA,2013-01-16,33.85,33.73,34.23,34.10,1378200,0,0,0
8,TSLA,2013-01-15,33.11,33.08,34.25,33.90,1624200,0,0,0
8,TSLA,2013-01-14,33.08,32.85,33.38,33.26,925100,0,0,0
8,TSLA,2013-01-11,34.04,32.11,34.04,32.91,1563200,0,0,0
8,TSLA,2013-01-10,33.87,33.38,33.99,33.53,922500,0,0,0
8,TSLA,2013-01-09,34.01,33.40,34.19,33.64,698000,0,0,0
8,TSLA,2013-01-08,34.50,33.11,34.50,33.68,1284000,0,0,0
8,TSLA,2013-01-07,34.80,33.90,34.80,34.34,442000,0,0,0
8,TSLA,2013-01-04,34.80,33.92,34.80,34.40,674000,0,0,0
8,TSLA,2013-01-03,35.18,34.75,35.45,34.77,742000,0,0,0
8,TSLA,2013-01-02,35.00,34.71,35.45,35.36,1194800,0,0,0
8,TSLA,2012-12-31,33.00,33.00,33.97,33.87,594900,0,0,0
8,TSLA,2012-12-28,33.38,33.02,33.65,33.22,414100,0,0,0
8,TSLA,2012-12-27,33.50,33.00,33.91,33.69,561100,0,0,0
8,TSLA,2012-12-26,33.96,33.50,34.50,33.59,601400,0,0,0
8,TSLA,2012-12-24,33.64,33.55,34.35,34.28,375800,0,0,0
8,TSLA,2012-12-21,33.94,33.58,34.17,34.00,1492400,0,0,0
8,TSLA,2012-12-20,34.51,34.05,34.79,34.43,921200,0,0,0
8,TSLA,2012-12-19,34.75,34.52,35.26,34.61,1298800,0,0,0
8,TSLA,2012-12-18,34.26,34.26,35.07,34.59,1553900,0,0,0
8,TSLA,2012-12-17,33.77,33.75,34.50,34.40,824900,0,0,0
8,TSLA,2012-12-14,33.78,33.59,34.40,33.81,1023000,0,0,0
8,TSLA,2012-12-13,35.26,32.75,35.30,33.61,2151300,0,0,0
8,TSLA,2012-12-12,35.21,34.95,35.80,35.26,2063800,0,0,0
8,TSLA,2012-12-11,34.60,34.46,35.50,35.28,1572600,0,0,0
8,TSLA,2012-12-10,34.43,34.18,34.80,34.57,929800,0,0,0
8,TSLA,2012-12-07,34.30,33.85,34.49,34.17,664400,0,0,0
8,TSLA,2012-12-06,33.82,33.50,34.80,33.90,660400,0,0,0
8,TSLA,2012-12-05,33.82,33.58,34.19,33.71,661500,0,0,0
8,TSLA,2012-12-04,34.08,33.55,34.80,33.90,1263300,0,0,0
8,TSLA,2012-12-03,33.89,33.50,35.00,34.62,2085700,0,0,0
8,TSLA,2012-11-30,33.63,33.01,34.28,33.82,1420300,0,0,0
8,TSLA,2012-11-29,33.44,32.87,34.00,33.69,1103400,0,0,0
8,TSLA,2012-11-28,32.00,31.91,34.29,33.23,1525200,0,0,0
8,TSLA,2012-11-27,32.13,31.52,32.66,32.15,910800,0,0,0
8,TSLA,2012-11-26,32.10,31.62,32.30,32.27,495800,0,0,0
8,TSLA,2012-11-23,32.60,31.70,32.83,32.13,430300,0,0,0
8,TSLA,2012-11-21,32.61,32.29,33.47,32.47,963200,0,0,0
8,TSLA,2012-11-20,32.80,31.91,33.10,33.00,922500,0,0,0
8,TSLA,2012-11-19,32.07,31.84,33.25,32.92,1392400,0,0,0
8,TSLA,2012-11-16,31.15,30.59,32.00,31.84,908700,0,0,0
8,TSLA,2012-11-15,31.30,30.50,31.44,30.82,984000,0,0,0
8,TSLA,2012-11-14,31.96,31.20,32.12,31.38,871300,0,0,0
8,TSLA,2012-11-13,31.29,30.72,32.00,31.61,998300,0,0,0
8,TSLA,2012-11-12,30.29,30.16,31.42,31.07,555900,0,0,0
8,TSLA,2012-11-09,30.60,29.85,30.93,30.32,863000,0,0,0
8,TSLA,2012-11-08,31.01,30.94,31.88,31.31,1274000,0,0,0
8,TSLA,2012-11-07,31.00,30.81,32.05,31.54,1714500,0,0,0
8,TSLA,2012-11-06,30.61,29.95,31.20,31.15,2324000,0,0,0
8,TSLA,2012-11-05,29.80,29.33,31.58,31.50,2048900,0,0,0
8,TSLA,2012-11-02,29.27,28.55,29.55,28.92,1030300,0,0,0
8,TSLA,2012-11-01,28.25,28.20,29.49,29.25,1024100,0,0,0
8,TSLA,2012-10-31,27.70,27.37,28.35,28.13,775200,0,0,0
8,TSLA,2012-10-26,27.53,27.02,27.80,27.38,477400,0,0,0
8,TSLA,2012-10-25,27.80,27.45,27.80,27.52,577700,0,0,0
8,TSLA,2012-10-24,28.52,27.25,28.52,27.42,1016400,0,0,0
8,TSLA,2012-10-23,27.38,27.37,28.56,28.39,749000,0,0,0
8,TSLA,2012-10-22,27.99,27.36,28.00,27.85,470200,0,0,0
8,TSLA,2012-10-19,27.83,27.30,28.20,27.74,1027400,0,0,0
8,TSLA,2012-10-18,28.99,27.78,28.99,28.04,741000,0,0,0
8,TSLA,2012-10-17,28.25,27.80,28.84,28.82,668000,0,0,0
8,TSLA,2012-10-16,27.67,27.34,28.09,28.06,479300,0,0,0
8,TSLA,2012-10-15,28.02,26.86,28.05,27.33,1468700,0,0,0
8,TSLA,2012-10-12,28.32,27.50,28.73,27.64,987600,0,0,0
8,TSLA,2012-10-11,28.94,28.25,28.98,28.32,450600,0,0,0
8,TSLA,2012-10-10,28.39,28.01,28.72,28.40,503600,0,0,0
8,TSLA,2012-10-09,29.12,28.25,29.12,28.37,1193000,0,0,0
8,TSLA,2012-10-08,28.86,28.61,29.40,29.25,889700,0,0,0
8,TSLA,2012-10-05,29.70,28.68,29.81,28.89,938600,0,0,0
8,TSLA,2012-10-04,30.00,28.65,30.10,29.40,1541300,0,0,0
8,TSLA,2012-10-03,29.75,29.24,29.95,29.30,1052800,0,0,0
8,TSLA,2012-10-02,29.28,29.00,29.89,29.80,729000,0,0,0
8,TSLA,2012-10-01,29.50,29.00,29.89,29.16,884400,0,0,0
8,TSLA,2012-09-28,28.73,28.61,29.89,29.28,4343400,0,0,0
8,TSLA,2012-09-27,27.82,27.60,28.54,28.49,1758600,0,0,0
8,TSLA,2012-09-26,27.66,27.48,28.40,27.54,1527200,0,0,0
8,TSLA,2012-09-25,28.62,27.53,29.48,27.66,5680400,0,0,0
8,TSLA,2012-09-24,29.51,29.40,31.03,30.66,1301900,0,0,0
8,TSLA,2012-09-21,31.10,29.54,31.49,30.02,1870000,0,0,0
8,TSLA,2012-09-20,30.93,30.68,31.50,30.90,912400,0,0,0
8,TSLA,2012-09-19,31.00,30.94,31.74,31.05,1048500,0,0,0
8,TSLA,2012-09-18,31.88,30.68,31.90,31.34,1788500,0,0,0
8,TSLA,2012-09-17,32.35,31.51,32.78,32.54,3212800,0,0,0
8,TSLA,2012-09-14,30.00,29.65,30.65,30.39,1536600,0,0,0
8,TSLA,2012-09-13,28.57,28.48,29.50,29.48,1484700,0,0,0
8,TSLA,2012-09-12,27.90,27.80,28.58,28.28,1145200,0,0,0
8,TSLA,2012-09-11,27.76,27.40,28.16,27.80,1014900,0,0,0
8,TSLA,2012-09-10,29.20,27.30,29.35,27.37,1483300,0,0,0
8,TSLA,2012-09-07,28.55,28.50,29.57,29.35,953200,0,0,0
8,TSLA,2012-09-06,28.00,27.90,28.90,28.55,841700,0,0,0
8,TSLA,2012-09-05,28.01,27.81,28.50,27.94,639300,0,0,0
8,TSLA,2012-09-04,28.52,27.90,28.99,28.14,752500,0,0,0
8,TSLA,2012-08-31,28.61,28.20,28.84,28.52,539800,0,0,0
8,TSLA,2012-08-30,28.60,28.10,28.74,28.41,656400,0,0,0
8,TSLA,2012-08-29,28.49,28.02,28.64,28.41,838900,0,0,0
8,TSLA,2012-08-28,28.40,28.00,29.38,28.69,1402700,0,0,0
8,TSLA,2012-08-27,29.57,28.17,29.70,28.32,1350400,0,0,0
8,TSLA,2012-08-24,30.06,29.41,30.24,29.50,1429400,0,0,0
8,TSLA,2012-08-23,30.00,29.65,30.85,30.73,1471000,0,0,0
8,TSLA,2012-08-22,29.01,29.01,30.04,29.95,775500,0,0,0
8,TSLA,2012-08-21,29.58,29.00,30.00,29.11,761600,0,0,0
8,TSLA,2012-08-20,30.15,29.10,30.39,29.51,1179100,0,0,0
8,TSLA,2012-08-17,30.29,29.98,30.71,30.01,508200,0,0,0
8,TSLA,2012-08-16,29.53,29.50,30.39,30.30,669000,0,0,0
8,TSLA,2012-08-15,29.39,28.81,29.70,29.40,525400,0,0,0
8,TSLA,2012-08-14,30.75,29.26,31.17,29.42,793400,0,0,0
8,TSLA,2012-08-13,29.69,29.10,31.30,31.17,870100,0,0,0
8,TSLA,2012-08-10,29.31,29.31,29.94,29.94,707400,0,0,0
8,TSLA,2012-08-09,29.52,29.13,30.00,29.41,672600,0,0,0
8,TSLA,2012-08-08,29.90,28.59,30.00,29.09,1308900,0,0,0
8,TSLA,2012-08-07,28.77,28.50,30.90,30.25,2387200,0,0,0
8,TSLA,2012-08-06,27.55,27.55,28.70,28.27,1528200,0,0,0
8,TSLA,2012-08-03,26.90,26.74,27.55,27.27,1209500,0,0,0
8,TSLA,2012-08-02,26.84,25.52,26.85,26.10,1305100,0,0,0
8,TSLA,2012-08-01,27.99,26.03,27.99,26.25,1592300,0,0,0
8,TSLA,2012-07-31,27.54,27.35,27.97,27.42,1575100,0,0,0
8,TSLA,2012-07-30,29.51,27.21,30.25,27.35,2065200,0,0,0
8,TSLA,2012-07-27,28.71,28.10,29.66,29.51,1673000,0,0,0
8,TSLA,2012-07-26,29.90,27.64,30.00,28.13,2262300,0,0,0
8,TSLA,2012-07-25,29.92,28.75,29.98,28.95,2842200,0,0,0
8,TSLA,2012-07-24,30.66,29.62,31.04,29.84,1500300,0,0,0
8,TSLA,2012-07-23,31.05,30.62,31.30,30.66,1386800,0,0,0
8,TSLA,2012-07-20,32.07,31.25,32.25,31.79,1568500,0,0,0
8,TSLA,2012-07-19,32.72,32.04,33.15,32.27,1435900,0,0,0
8,TSLA,2012-07-18,31.42,31.06,33.67,32.15,2881900,0,0,0
8,TSLA,2012-07-17,35.00,32.38,35.21,33.35,2569300,0,0,0
8,TSLA,2012-07-16,34.32,33.90,36.00,35.96,1744000,0,0,0
8,TSLA,2012-07-13,32.97,32.83,34.40,34.25,1304800,0,0,0
8,TSLA,2012-07-12,31.29,30.80,33.01,32.70,1125700,0,0,0
8,TSLA,2012-07-11,31.57,31.01,31.68,31.51,638600,0,0,0
8,TSLA,2012-07-10,31.54,30.89,32.48,31.27,758400,0,0,0
8,TSLA,2012-07-09,30.94,30.67,31.83,31.49,910500,0,0,0
8,TSLA,2012-07-06,30.99,30.80,31.73,30.99,784500,0,0,0
8,TSLA,2012-07-05,30.81,30.80,31.67,31.23,1253800,0,0,0
8,TSLA,2012-07-03,30.60,30.40,31.00,30.66,947000,0,0,0
8,TSLA,2012-07-02,31.35,30.19,31.80,30.40,1315600,0,0,0
8,TSLA,2012-06-29,32.80,31.00,32.80,31.29,1125800,0,0,0
8,TSLA,2012-06-28,31.90,30.62,32.11,31.41,914100,0,0,0
8,TSLA,2012-06-27,31.90,31.57,32.45,31.96,1047200,0,0,0
8,TSLA,2012-06-26,32.05,31.39,32.35,31.61,2613900,0,0,0
8,TSLA,2012-06-25,33.94,32.75,34.12,33.11,1498500,0,0,0
8,TSLA,2012-06-22,32.60,32.46,33.98,33.79,3046600,0,0,0
8,TSLA,2012-06-21,34.26,31.84,34.28,32.19,1891900,0,0,0
8,TSLA,2012-06-20,33.50,33.21,34.50,33.78,3422400,0,0,0
8,TSLA,2012-06-19,32.02,31.50,32.66,32.09,911100,0,0,0
8,TSLA,2012-06-18,29.94,29.50,32.33,31.84,1256800,0,0,0
8,TSLA,2012-06-15,29.39,28.81,29.95,29.91,646800,0,0,0
8,TSLA,2012-06-14,30.18,28.62,30.65,29.39,872200,0,0,0
8,TSLA,2012-06-13,29.55,29.47,30.64,29.77,844100,0,0,0
8,TSLA,2012-06-12,29.23,28.81,29.84,29.66,569000,0,0,0
8,TSLA,2012-06-11,30.31,28.96,31.00,29.12,636000,0,0,0
8,TSLA,2012-06-08,28.86,28.15,30.19,30.08,881100,0,0,0
8,TSLA,2012-06-07,29.81,28.85,29.87,28.93,492100,0,0,0
8,TSLA,2012-06-06,28.20,28.14,29.45,29.22,909900,0,0,0
8,TSLA,2012-06-05,27.84,27.56,28.39,27.91,630900,0,0,0
8,TSLA,2012-06-04,28.03,27.11,28.41,27.88,1030900,0,0,0
8,TSLA,2012-06-01,28.53,27.76,29.16,28.15,885800,0,0,0
8,TSLA,2012-05-31,30.07,28.75,30.29,29.50,1118700,0,0,0
8,TSLA,2012-05-30,31.08,30.24,31.42,30.41,1307200,0,0,0
8,TSLA,2012-05-29,30.01,30.01,31.93,31.69,1650000,0,0,0
8,TSLA,2012-05-25,30.16,29.20,30.41,29.81,757000,0,0,0
8,TSLA,2012-05-24,31.25,29.69,31.25,30.28,1075600,0,0,0
8,TSLA,2012-05-23,30.56,29.50,31.05,31.02,1220400,0,0,0
8,TSLA,2012-05-22,30.10,30.00,31.34,30.80,2366200,0,0,0
8,TSLA,2012-05-21,27.58,27.12,29.26,28.77,1475200,0,0,0
8,TSLA,2012-05-18,28.37,26.83,28.46,27.56,1616500,0,0,0
8,TSLA,2012-05-17,29.30,28.24,29.79,28.57,1149000,0,0,0
8,TSLA,2012-05-16,29.58,28.88,30.18,29.18,1257100,0,0,0
8,TSLA,2012-05-15,30.26,29.22,30.96,29.43,1585700,0,0,0
8,TSLA,2012-05-14,31.92,30.05,32.13,30.06,1380900,0,0,0
8,TSLA,2012-05-11,32.49,32.16,33.44,32.25,1221300,0,0,0
8,TSLA,2012-05-10,32.97,32.40,34.68,32.96,5556300,0,0,0
8,TSLA,2012-05-09,30.30,29.76,30.77,30.06,1947900,0,0,0
8,TSLA,2012-05-08,32.50,29.37,32.73,30.19,3097200,0,0,0
8,TSLA,2012-05-07,31.96,31.61,32.58,32.47,1158000,0,0,0
8,TSLA,2012-05-04,32.32,31.40,32.46,31.83,1247500,0,0,0
8,TSLA,2012-05-03,33.91,32.13,34.00,32.46,841300,0,0,0
8,TSLA,2012-05-02,33.50,33.39,34.39,33.94,497300,0,0,0
8,TSLA,2012-05-01,33.13,33.13,34.21,33.78,659000,0,0,0
8,TSLA,2012-04-30,33.27,32.58,33.36,33.13,413900,0,0,0
8,TSLA,2012-04-27,33.60,32.91,33.63,33.34,591000,0,0,0
8,TSLA,2012-04-26,32.96,32.91,33.52,33.49,425300,0,0,0
8,TSLA,2012-04-25,32.07,32.07,32.99,32.91,712200,0,0,0
8,TSLA,2012-04-24,31.82,31.00,32.20,31.82,674500,0,0,0
8,TSLA,2012-04-23,32.86,31.71,32.97,31.94,890800,0,0,0
8,TSLA,2012-04-20,33.14,32.94,33.73,33.16,821800,0,0,0
8,TSLA,2012-04-19,32.75,32.50,33.43,33.16,774900,0,0,0
8,TSLA,2012-04-18,32.09,31.53,32.75,32.66,823100,0,0,0
8,TSLA,2012-04-17,32.43,32.04,33.07,32.24,1115500,0,0,0
8,TSLA,2012-04-16,33.41,32.09,33.70,32.25,1099600,0,0,0
8,TSLA,2012-04-13,33.94,32.85,34.04,33.59,649600,0,0,0
8,TSLA,2012-04-12,33.77,32.92,34.48,33.44,1033900,0,0,0
8,TSLA,2012-04-11,33.24,32.01,33.29,33.09,1105500,0,0,0
8,TSLA,2012-04-10,33.15,32.10,33.85,32.46,1847700,0,0,0
8,TSLA,2012-04-09,34.10,33.10,34.29,33.15,1655700,0,0,0
8,TSLA,2012-04-05,35.10,34.41,35.44,34.48,1509400,0,0,0
8,TSLA,2012-04-04,35.27,34.69,35.49,35.00,4481800,0,0,0
8,TSLA,2012-04-03,36.70,36.67,38.47,38.01,1098100,0,0,0
8,TSLA,2012-04-02,37.33,36.53,37.97,36.58,1028600,0,0,0
8,TSLA,2012-03-30,37.52,36.68,37.94,37.24,886400,0,0,0
8,TSLA,2012-03-29,38.19,37.03,38.19,37.33,796400,0,0,0
8,TSLA,2012-03-28,37.78,37.11,38.44,37.85,955000,0,0,0
8,TSLA,2012-03-27,37.16,37.03,39.95,37.94,2539200,0,0,0
8,TSLA,2012-03-26,35.59,35.04,38.09,37.40,3140500,0,0,0
8,TSLA,2012-03-23,34.26,33.15,34.63,34.08,1170600,0,0,0
8,TSLA,2012-03-22,34.97,34.30,35.15,34.40,522400,0,0,0
8,TSLA,2012-03-21,34.94,34.60,35.30,35.15,607200,0,0,0
8,TSLA,2012-03-20,34.98,34.57,35.20,34.96,567000,0,0,0
8,TSLA,2012-03-19,35.26,34.54,35.32,34.98,1015600,0,0,0
8,TSLA,2012-03-16,34.90,34.83,35.89,35.32,729300,0,0,0
8,TSLA,2012-03-15,35.28,34.78,35.48,35.00,571600,0,0,0
8,TSLA,2012-03-14,36.00,34.80,36.00,35.29,851500,0,0,0
8,TSLA,2012-03-13,36.51,35.50,36.59,36.09,1001600,0,0,0
8,TSLA,2012-03-12,34.69,34.60,36.29,36.01,1963300,0,0,0
8,TSLA,2012-03-09,33.20,33.20,35.31,34.74,1553400,0,0,0
8,TSLA,2012-03-08,33.11,33.04,33.49,33.07,633300,0,0,0
8,TSLA,2012-03-07,33.12,32.91,33.31,33.12,364900,0,0,0
8,TSLA,2012-03-06,33.25,32.62,33.28,33.11,573800,0,0,0
8,TSLA,2012-03-05,34.35,33.46,34.40,33.77,467000,0,0,0
8,TSLA,2012-03-02,34.40,33.71,34.50,34.04,550000,0,0,0
8,TSLA,2012-03-01,33.51,33.31,34.50,34.41,703500,0,0,0
8,TSLA,2012-02-29,33.81,33.14,34.12,33.41,535700,0,0,0
8,TSLA,2012-02-28,33.64,33.17,34.44,33.81,612200,0,0,0
8,TSLA,2012-02-27,33.41,33.00,34.00,33.62,606000,0,0,0
8,TSLA,2012-02-24,34.23,33.27,34.52,33.75,959900,0,0,0
8,TSLA,2012-02-23,33.99,33.56,34.97,34.53,820400,0,0,0
8,TSLA,2012-02-22,34.50,32.50,34.72,34.22,1654600,0,0,0
8,TSLA,2012-02-21,34.87,33.81,34.87,34.50,1135800,0,0,0
8,TSLA,2012-02-17,33.99,33.50,34.97,34.97,1376700,0,0,0
8,TSLA,2012-02-16,33.50,32.54,34.51,34.18,2219700,0,0,0
8,TSLA,2012-02-15,33.10,32.27,34.41,33.60,2761800,0,0,0
8,TSLA,2012-02-14,31.74,31.40,33.79,33.17,1810800,0,0,0
8,TSLA,2012-02-13,31.55,30.90,32.06,31.49,1157900,0,0,0
8,TSLA,2012-02-10,32.26,29.84,32.27,31.10,1874200,0,0,0
8,TSLA,2012-02-09,32.00,31.43,32.90,32.58,1277100,0,0,0
8,TSLA,2012-02-08,31.60,31.29,32.01,31.93,623700,0,0,0
8,TSLA,2012-02-07,31.80,30.82,31.80,31.60,1021600,0,0,0
8,TSLA,2012-02-06,31.10,31.05,31.90,31.80,652100,0,0,0
8,TSLA,2012-02-03,30.41,30.25,31.33,31.15,764500,0,0,0
8,TSLA,2012-02-02,29.72,29.61,30.88,30.25,805700,0,0,0
8,TSLA,2012-02-01,29.07,29.00,29.70,29.58,523200,0,0,0
8,TSLA,2012-01-31,29.90,28.87,30.00,29.07,956400,0,0,0
8,TSLA,2012-01-30,29.49,28.53,29.61,29.57,729000,0,0,0
8,TSLA,2012-01-27,28.50,28.50,29.72,29.33,748400,0,0,0
8,TSLA,2012-01-26,28.07,28.00,29.58,28.94,1271100,0,0,0
8,TSLA,2012-01-25,27.27,27.05,28.01,27.97,611200,0,0,0
8,TSLA,2012-01-24,26.63,26.44,27.68,27.42,858000,0,0,0
8,TSLA,2012-01-23,26.81,26.60,27.21,26.77,594600,0,0,0
8,TSLA,2012-01-20,26.90,26.40,27.00,26.60,662300,0,0,0
8,TSLA,2012-01-19,27.19,26.61,27.74,26.76,1246300,0,0,0
8,TSLA,2012-01-18,26.69,26.25,26.88,26.81,1260200,0,0,0
8,TSLA,2012-01-17,26.62,26.41,27.34,26.60,4651600,0,0,0
8,TSLA,2012-01-13,28.40,22.64,28.50,22.79,5500400,0,0,0
8,TSLA,2012-01-12,28.48,27.81,28.62,28.25,729300,0,0,0
8,TSLA,2012-01-11,27.62,27.30,28.38,28.23,672300,0,0,0
8,TSLA,2012-01-10,27.44,27.25,27.76,27.62,671800,0,0,0
8,TSLA,2012-01-09,27.00,26.12,27.49,27.25,897000,0,0,0
8,TSLA,2012-01-06,27.20,26.41,27.79,26.91,986300,0,0,0
8,TSLA,2012-01-05,27.76,26.85,27.93,27.12,1005500,0,0,0
8,TSLA,2012-01-04,28.21,27.50,28.67,27.71,630100,0,0,0
8,TSLA,2012-01-03,28.94,27.65,29.50,28.08,928100,0,0,0
8,TSLA,2011-12-30,28.49,28.25,28.98,28.56,339800,0,0,0
8,TSLA,2011-12-29,28.59,28.55,29.34,28.73,488200,0,0,0
8,TSLA,2011-12-28,28.99,28.04,29.24,28.51,575200,0,0,0
8,TSLA,2011-12-27,27.66,27.64,28.77,28.57,777500,0,0,0
8,TSLA,2011-12-23,28.00,27.52,28.00,27.90,591400,0,0,0
8,TSLA,2011-12-22,27.60,27.30,28.05,27.77,1009400,0,0,0
8,TSLA,2011-12-21,27.91,26.03,28.07,27.57,1705500,0,0,0
8,TSLA,2011-12-20,28.05,27.72,28.45,27.90,843300,0,0,0
8,TSLA,2011-12-19,28.09,27.37,28.50,27.75,987000,0,0,0
8,TSLA,2011-12-16,28.79,27.98,28.93,28.00,1029700,0,0,0
8,TSLA,2011-12-15,28.67,28.12,29.17,28.62,700300,0,0,0
8,TSLA,2011-12-14,29.50,28.00,29.68,28.53,1163900,0,0,0
8,TSLA,2011-12-13,30.57,28.91,30.93,29.45,994100,0,0,0
8,TSLA,2011-12-12,30.44,30.02,30.62,30.41,758700,0,0,0
8,TSLA,2011-12-09,30.54,30.28,31.12,31.04,1239500,0,0,0
8,TSLA,2011-12-08,30.84,29.61,31.65,30.89,3305800,0,0,0
8,TSLA,2011-12-07,34.63,33.80,34.89,34.19,674300,0,0,0
8,TSLA,2011-12-06,34.20,34.03,34.98,34.87,951800,0,0,0
8,TSLA,2011-12-05,33.53,33.43,35.00,34.42,1160100,0,0,0
8,TSLA,2011-12-02,32.83,32.40,33.69,33.30,802800,0,0,0
8,TSLA,2011-12-01,32.57,31.98,33.99,32.60,1030200,0,0,0
8,TSLA,2011-11-30,32.50,32.22,32.93,32.74,760300,0,0,0
8,TSLA,2011-11-29,32.49,31.63,33.07,31.75,591100,0,0,0
8,TSLA,2011-11-28,32.00,31.81,33.28,32.56,681200,0,0,0
8,TSLA,2011-11-25,31.55,31.08,32.41,31.66,239600,0,0,0
8,TSLA,2011-11-23,31.76,31.25,32.05,31.45,451800,0,0,0
8,TSLA,2011-11-22,31.76,31.05,32.79,32.07,732600,0,0,0
8,TSLA,2011-11-21,32.44,31.05,32.44,31.76,1031600,0,0,0
8,TSLA,2011-11-18,33.64,32.54,34.11,32.60,902800,0,0,0
8,TSLA,2011-11-17,34.50,33.19,34.90,33.68,1349300,0,0,0
8,TSLA,2011-11-16,33.48,33.40,35.00,34.94,1833200,0,0,0
8,TSLA,2011-11-15,32.92,32.73,34.40,33.93,891000,0,0,0
8,TSLA,2011-11-14,33.00,32.62,33.54,33.22,1325700,0,0,0
8,TSLA,2011-11-11,31.90,30.57,34.50,33.64,3868300,0,0,0
8,TSLA,2011-11-10,30.94,30.65,31.50,31.33,747300,0,0,0
8,TSLA,2011-11-09,30.87,30.30,31.49,30.88,953700,0,0,0
8,TSLA,2011-11-08,31.37,30.72,32.00,31.84,1167900,0,0,0
8,TSLA,2011-11-07,31.64,30.75,32.00,31.27,1266300,0,0,0
8,TSLA,2011-11-04,31.46,30.51,32.40,32.31,3032900,0,0,0
8,TSLA,2011-11-03,30.00,29.53,32.49,32.46,2509700,0,0,0
8,TSLA,2011-11-02,29.00,28.25,29.26,28.71,875300,0,0,0
8,TSLA,2011-11-01,28.39,28.00,28.92,28.88,635200,0,0,0
8,TSLA,2011-10-31,29.50,28.75,29.51,29.37,1134000,0,0,0
8,TSLA,2011-10-28,28.50,28.01,30.00,29.87,1264000,0,0,0
8,TSLA,2011-10-27,28.34,28.11,28.95,28.76,869400,0,0,0
8,TSLA,2011-10-26,28.19,27.40,28.37,27.98,510500,0,0,0
8,TSLA,2011-10-25,28.23,27.80,28.86,28.25,654400,0,0,0
8,TSLA,2011-10-24,27.87,27.75,28.89,28.55,940600,0,0,0
8,TSLA,2011-10-21,27.40,27.01,28.30,28.03,1142600,0,0,0
8,TSLA,2011-10-20,27.44,27.00,27.47,27.34,999700,0,0,0
8,TSLA,2011-10-19,28.02,27.30,28.06,27.57,792900,0,0,0
8,TSLA,2011-10-18,27.30,26.71,28.43,28.34,999700,0,0,0
8,TSLA,2011-10-17,27.86,27.26,28.00,27.42,754500,0,0,0
8,TSLA,2011-10-14,28.00,27.26,28.55,28.05,1400500,0,0,0
8,TSLA,2011-10-13,27.63,27.44,28.47,27.94,1043500,0,0,0
8,TSLA,2011-10-12,27.25,27.20,28.00,27.80,1123400,0,0,0
8,TSLA,2011-10-11,27.51,27.09,27.77,27.61,575700,0,0,0
8,TSLA,2011-10-10,27.31,27.00,28.18,27.88,923500,0,0,0
8,TSLA,2011-10-07,26.98,26.05,27.60,26.99,1311600,0,0,0
8,TSLA,2011-10-06,25.37,25.02,27.60,26.96,1769100,0,0,0
8,TSLA,2011-10-05,24.03,23.35,25.84,25.37,1229500,0,0,0
8,TSLA,2011-10-04,23.29,22.93,24.32,23.66,1200300,0,0,0
8,TSLA,2011-10-03,24.95,23.25,25.00,23.73,1023200,0,0,0
8,TSLA,2011-09-30,24.80,23.49,24.89,24.39,1336100,0,0,0
8,TSLA,2011-09-29,25.72,23.55,25.82,24.12,929600,0,0,0
8,TSLA,2011-09-28,26.00,24.51,26.50,24.59,723300,0,0,0
8,TSLA,2011-09-27,26.00,25.57,26.99,26.19,674500,0,0,0
8,TSLA,2011-09-26,26.52,24.90,26.52,25.52,934800,0,0,0
8,TSLA,2011-09-23,25.49,25.35,26.62,26.38,1156400,0,0,0
8,TSLA,2011-09-22,25.64,24.88,26.11,25.63,775800,0,0,0
8,TSLA,2011-09-21,25.95,25.70,26.95,25.85,987600,0,0,0
8,TSLA,2011-09-20,25.98,25.67,26.60,26.01,1180400,0,0,0
8,TSLA,2011-09-19,24.95,23.82,25.81,25.77,1157400,0,0,0
8,TSLA,2011-09-16,24.78,24.49,25.84,25.80,1417100,0,0,0
8,TSLA,2011-09-15,24.58,24.33,24.93,24.82,562600,0,0,0
8,TSLA,2011-09-14,24.25,23.79,24.84,24.34,830800,0,0,0
8,TSLA,2011-09-13,23.01,22.75,24.10,24.08,726500,0,0,0
8,TSLA,2011-09-12,22.50,22.45,23.31,22.88,566600,0,0,0
8,TSLA,2011-09-09,23.37,22.55,23.57,22.97,669300,0,0,0
8,TSLA,2011-09-08,23.58,23.28,24.03,23.61,505700,0,0,0
8,TSLA,2011-09-07,23.39,23.28,24.00,23.84,459200,0,0,0
8,TSLA,2011-09-06,22.50,22.29,23.20,22.94,809800,0,0,0
8,TSLA,2011-09-02,23.66,22.68,23.99,23.07,769900,0,0,0
8,TSLA,2011-09-01,24.66,23.84,24.87,24.00,848100,0,0,0
8,TSLA,2011-08-31,24.80,24.28,25.50,24.74,823800,0,0,0
8,TSLA,2011-08-30,24.50,24.09,24.77,24.63,366200,0,0,0
8,TSLA,2011-08-29,24.22,24.02,24.85,24.71,803400,0,0,0
8,TSLA,2011-08-26,22.71,22.07,23.95,23.73,761800,0,0,0
8,TSLA,2011-08-25,23.87,22.90,23.87,23.11,679800,0,0,0
8,TSLA,2011-08-24,23.10,22.83,23.93,23.87,684300,0,0,0
8,TSLA,2011-08-23,21.93,21.50,23.11,22.96,869000,0,0,0
8,TSLA,2011-08-22,23.11,21.68,23.80,21.95,986100,0,0,0
8,TSLA,2011-08-19,23.86,22.00,24.22,22.30,1375300,0,0,0
8,TSLA,2011-08-18,25.00,23.47,25.15,24.26,1056600,0,0,0
8,TSLA,2011-08-17,26.39,25.51,26.65,25.83,643700,0,0,0
8,TSLA,2011-08-16,26.13,25.83,26.54,26.10,537700,0,0,0
8,TSLA,2011-08-15,26.62,25.93,26.75,26.23,738600,0,0,0
8,TSLA,2011-08-12,25.60,25.36,27.14,26.31,1009100,0,0,0
8,TSLA,2011-08-11,24.04,24.00,25.75,25.30,836500,0,0,0
8,TSLA,2011-08-10,25.44,23.63,25.44,23.82,1564200,0,0,0
8,TSLA,2011-08-09,24.15,23.70,25.45,25.06,1333400,0,0,0
8,TSLA,2011-08-08,23.10,23.10,24.44,23.64,2608500,0,0,0
8,TSLA,2011-08-05,24.99,22.83,25.38,24.24,1964400,0,0,0
8,TSLA,2011-08-04,26.51,24.67,26.89,24.75,3064500,0,0,0
8,TSLA,2011-08-03,27.50,26.34,27.83,27.20,1794500,0,0,0
8,TSLA,2011-08-02,28.69,27.27,29.20,27.34,1549400,0,0,0
8,TSLA,2011-08-01,28.67,28.21,28.98,28.77,1164900,0,0,0
8,TSLA,2011-07-29,27.80,27.50,28.40,28.17,948200,0,0,0
8,TSLA,2011-07-28,27.60,27.54,28.55,28.17,938700,0,0,0
8,TSLA,2011-07-27,28.50,27.51,28.50,27.64,958500,0,0,0
8,TSLA,2011-07-26,28.31,27.97,28.77,28.00,760600,0,0,0
8,TSLA,2011-07-25,29.01,28.44,29.25,28.49,673300,0,0,0
8,TSLA,2011-07-22,28.70,28.55,29.54,29.29,583500,0,0,0
8,TSLA,2011-07-21,28.91,28.10,29.16,28.70,1011500,0,0,0
8,TSLA,2011-07-20,28.00,27.80,30.44,28.69,3048300,0,0,0
8,TSLA,2011-07-19,27.58,27.54,28.11,27.89,1026100,0,0,0
8,TSLA,2011-07-18,27.34,26.63,27.45,27.23,851900,0,0,0
8,TSLA,2011-07-15,27.79,27.40,27.83,27.58,709000,0,0,0
8,TSLA,2011-07-14,28.53,27.25,28.96,27.61,1159000,0,0,0
8,TSLA,2011-07-13,28.43,27.90,29.03,28.64,1066000,0,0,0
8,TSLA,2011-07-12,28.37,28.00,29.09,28.17,1045400,0,0,0
8,TSLA,2011-07-11,28.40,28.00,28.53,28.35,975800,0,0,0
8,TSLA,2011-07-08,29.89,28.59,29.89,28.81,1240600,0,0,0
8,TSLA,2011-07-07,29.14,29.01,30.00,29.73,1327900,0,0,0
8,TSLA,2011-07-06,29.14,28.55,29.14,28.96,926900,0,0,0
8,TSLA,2011-07-05,29.02,28.71,29.52,29.14,996000,0,0,0
8,TSLA,2011-07-01,29.07,28.80,29.60,29.02,854900,0,0,0
8,TSLA,2011-06-30,28.50,28.40,29.33,29.13,946700,0,0,0
8,TSLA,2011-06-29,28.50,28.07,29.09,28.29,1461800,0,0,0
8,TSLA,2011-06-28,27.79,27.67,28.25,28.11,889200,0,0,0
8,TSLA,2011-06-27,27.73,27.31,28.28,27.46,1809400,0,0,0
8,TSLA,2011-06-24,27.64,27.26,27.97,27.57,3608500,0,0,0
8,TSLA,2011-06-23,27.20,26.21,27.72,27.71,1170000,0,0,0
8,TSLA,2011-06-22,27.37,27.10,28.25,27.21,1475600,0,0,0
8,TSLA,2011-06-21,26.24,26.00,27.73,27.53,1496000,0,0,0
8,TSLA,2011-06-20,26.29,25.50,26.46,26.01,1537800,0,0,0
8,TSLA,2011-06-17,26.87,26.14,27.70,26.50,1714000,0,0,0
8,TSLA,2011-06-16,27.67,25.74,28.00,26.50,1842200,0,0,0
8,TSLA,2011-06-15,28.44,27.07,28.45,27.32,1345000,0,0,0
8,TSLA,2011-06-14,28.54,28.52,29.70,28.60,1573400,0,0,0
8,TSLA,2011-06-13,28.07,27.88,28.88,28.43,1713400,0,0,0
8,TSLA,2011-06-10,27.52,27.35,28.30,27.86,1566600,0,0,0
8,TSLA,2011-06-09,27.43,27.10,28.10,27.62,1603200,0,0,0
8,TSLA,2011-06-08,28.44,27.02,28.60,27.12,1695900,0,0,0
8,TSLA,2011-06-07,28.94,28.26,29.39,28.37,1222100,0,0,0
8,TSLA,2011-06-06,30.10,28.26,30.13,28.70,2331100,0,0,0
8,TSLA,2011-06-03,29.95,29.50,31.50,30.13,6209200,0,0,0
8,TSLA,2011-06-02,28.52,28.51,29.32,28.76,986300,0,0,0
8,TSLA,2011-06-01,30.00,28.38,30.10,28.52,1529900,0,0,0
8,TSLA,2011-05-31,29.69,29.55,30.28,30.14,3290500,0,0,0
8,TSLA,2011-05-27,29.54,28.82,29.67,29.55,1687100,0,0,0
8,TSLA,2011-05-26,28.82,28.10,29.76,29.48,3336900,0,0,0
8,TSLA,2011-05-25,26.90,26.17,29.01,28.98,4693100,0,0,0
8,TSLA,2011-05-24,27.02,26.60,27.50,26.72,613700,0,0,0
8,TSLA,2011-05-23,27.62,26.62,27.62,26.82,863600,0,0,0
8,TSLA,2011-05-20,28.26,27.35,28.28,27.97,842500,0,0,0
8,TSLA,2011-05-19,27.03,26.60,28.44,28.20,2655100,0,0,0
8,TSLA,2011-05-18,26.10,25.52,26.47,26.35,729500,0,0,0
8,TSLA,2011-05-17,27.00,25.72,27.00,25.96,1234200,0,0,0
8,TSLA,2011-05-16,27.99,26.55,27.99,26.60,755700,0,0,0
8,TSLA,2011-05-13,28.00,27.30,28.19,27.55,661500,0,0,0
8,TSLA,2011-05-12,27.07,26.65,27.74,27.67,628000,0,0,0
8,TSLA,2011-05-11,28.20,26.92,28.30,27.07,962500,0,0,0
8,TSLA,2011-05-10,28.24,27.91,28.95,28.33,1535300,0,0,0
8,TSLA,2011-05-09,27.00,26.85,28.00,27.91,916400,0,0,0
8,TSLA,2011-05-06,26.90,26.62,27.70,27.12,981700,0,0,0
8,TSLA,2011-05-05,27.20,26.17,27.44,26.44,1218500,0,0,0
8,TSLA,2011-05-04,26.78,25.75,27.00,26.69,1044500,0,0,0
8,TSLA,2011-05-03,27.38,26.50,27.39,26.87,913900,0,0,0
8,TSLA,2011-05-02,27.60,27.06,27.80,27.45,784600,0,0,0
8,TSLA,2011-04-29,27.69,27.42,27.87,27.60,726000,0,0,0
8,TSLA,2011-04-28,27.07,26.72,27.69,27.66,1600000,0,0,0
8,TSLA,2011-04-27,26.93,26.63,27.36,27.08,996900,0,0,0
8,TSLA,2011-04-26,26.66,26.31,27.25,26.93,1400000,0,0,0
8,TSLA,2011-04-25,26.70,25.97,26.73,26.39,800900,0,0,0
8,TSLA,2011-04-21,25.85,25.59,26.98,26.74,1386100,0,0,0
8,TSLA,2011-04-20,25.70,25.30,26.09,25.75,837200,0,0,0
8,TSLA,2011-04-19,25.26,24.65,25.26,25.16,548700,0,0,0
8,TSLA,2011-04-18,25.13,24.36,25.62,25.03,1033900,0,0,0
8,TSLA,2011-04-15,25.65,25.41,26.18,25.58,943500,0,0,0
8,TSLA,2011-04-14,24.87,24.20,25.28,25.14,983400,0,0,0
8,TSLA,2011-04-13,25.13,24.81,25.69,24.93,1211500,0,0,0
8,TSLA,2011-04-12,25.08,24.30,25.21,24.65,1357400,0,0,0
8,TSLA,2011-04-11,26.47,25.02,26.53,25.27,1369400,0,0,0
8,TSLA,2011-04-08,27.58,26.36,27.60,26.49,1946400,0,0,0
8,TSLA,2011-04-07,26.85,26.45,27.94,27.24,2810300,0,0,0
8,TSLA,2011-04-06,26.99,25.80,27.01,26.49,1288300,0,0,0
8,TSLA,2011-04-05,25.90,25.69,27.00,26.70,3180900,0,0,0
8,TSLA,2011-04-04,26.83,25.23,27.00,25.83,2609300,0,0,0
8,TSLA,2011-04-01,27.45,26.57,28.18,26.66,2864800,0,0,0
8,TSLA,2011-03-31,26.55,26.50,28.71,27.75,11517800,0,0,0
8,TSLA,2011-03-30,24.11,23.01,24.49,23.71,1223300,0,0,0
8,TSLA,2011-03-29,23.30,23.21,24.00,23.92,755400,0,0,0
8,TSLA,2011-03-28,22.70,22.55,23.54,23.25,1058100,0,0,0
8,TSLA,2011-03-25,22.43,22.40,23.00,22.75,568000,0,0,0
8,TSLA,2011-03-24,22.14,21.98,22.38,22.33,462200,0,0,0
8,TSLA,2011-03-23,22.11,21.77,22.27,22.21,422800,0,0,0
8,TSLA,2011-03-22,22.73,22.00,22.86,22.19,582900,0,0,0
8,TSLA,2011-03-21,23.05,22.54,23.05,22.73,411700,0,0,0
8,TSLA,2011-03-18,23.19,22.51,23.19,22.96,687900,0,0,0
8,TSLA,2011-03-17,23.24,22.64,23.43,22.81,922600,0,0,0
8,TSLA,2011-03-16,22.86,22.69,23.25,22.82,1169700,0,0,0
8,TSLA,2011-03-15,22.20,21.80,22.96,22.95,1318800,0,0,0
8,TSLA,2011-03-14,23.82,23.20,24.00,23.25,1166000,0,0,0
8,TSLA,2011-03-11,23.85,23.53,24.25,24.07,930800,0,0,0
8,TSLA,2011-03-10,24.44,23.73,24.49,24.01,1017000,0,0,0
8,TSLA,2011-03-09,24.66,24.27,24.99,24.72,924800,0,0,0
8,TSLA,2011-03-08,24.60,24.00,24.96,24.66,1399900,0,0,0
8,TSLA,2011-03-07,24.93,24.70,25.40,24.94,2033600,0,0,0
8,TSLA,2011-03-04,24.48,23.78,24.99,24.95,1580100,0,0,0
8,TSLA,2011-03-03,24.48,24.06,24.79,24.36,640200,0,0,0
8,TSLA,2011-03-02,23.82,23.73,24.28,24.02,663300,0,0,0
8,TSLA,2011-03-01,24.05,23.70,24.32,23.94,1106400,0,0,0
8,TSLA,2011-02-28,23.74,23.50,24.10,23.89,1051200,0,0,0
8,TSLA,2011-02-25,22.81,22.69,23.85,23.61,1346300,0,0,0
8,TSLA,2011-02-24,21.78,21.50,22.58,22.53,1055300,0,0,0
8,TSLA,2011-02-23,22.18,21.11,22.50,21.83,1605600,0,0,0
8,TSLA,2011-02-22,22.88,21.78,23.00,21.87,2064600,0,0,0
8,TSLA,2011-02-18,23.33,22.96,23.49,23.18,2370700,0,0,0
8,TSLA,2011-02-17,24.63,23.55,25.49,23.60,2618400,0,0,0
8,TSLA,2011-02-16,23.10,23.07,24.97,24.73,4115100,0,0,0
8,TSLA,2011-02-15,23.01,22.56,23.17,22.84,953700,0,0,0
8,TSLA,2011-02-14,23.64,23.05,24.14,23.08,1283100,0,0,0
8,TSLA,2011-02-11,23.25,22.94,23.75,23.25,634500,0,0,0
8,TSLA,2011-02-10,23.26,22.81,23.64,23.22,836100,0,0,0
8,TSLA,2011-02-09,24.13,22.79,24.18,23.21,2635600,0,0,0
8,TSLA,2011-02-08,23.78,23.00,25.25,24.49,3504900,0,0,0
8,TSLA,2011-02-07,23.26,22.88,23.26,23.07,895100,0,0,0
8,TSLA,2011-02-04,23.44,23.22,23.67,23.46,544000,0,0,0
8,TSLA,2011-02-03,23.82,23.15,23.90,23.63,512000,0,0,0
8,TSLA,2011-02-02,24.16,23.67,24.18,23.94,569500,0,0,0
8,TSLA,2011-02-01,24.31,23.54,24.73,23.91,707800,0,0,0
8,TSLA,2011-01-31,24.05,23.50,24.12,24.10,830300,0,0,0
8,TSLA,2011-01-28,24.88,23.75,24.88,24.01,1048400,0,0,0
8,TSLA,2011-01-27,24.74,24.53,25.08,24.92,895700,0,0,0
8,TSLA,2011-01-26,24.71,24.10,24.88,24.75,1079900,0,0,0
8,TSLA,2011-01-25,24.65,24.02,24.89,24.68,1271500,0,0,0
8,TSLA,2011-01-24,23.53,23.23,24.81,24.49,1645100,0,0,0
8,TSLA,2011-01-21,23.12,22.71,23.59,23.04,1217000,0,0,0
8,TSLA,2011-01-20,24.03,22.37,24.45,22.62,2279900,0,0,0
8,TSLA,2011-01-19,25.27,23.75,25.47,24.03,2371500,0,0,0
8,TSLA,2011-01-18,25.48,24.75,25.64,25.64,1621700,0,0,0
8,TSLA,2011-01-14,26.15,25.61,26.58,25.75,1192000,0,0,0
8,TSLA,2011-01-13,26.96,26.16,26.97,26.22,723600,0,0,0
8,TSLA,2011-01-12,27.01,26.52,27.40,26.96,964400,0,0,0
8,TSLA,2011-01-11,28.59,26.92,28.71,26.96,1710200,0,0,0
8,TSLA,2011-01-10,28.17,28.05,28.68,28.45,1342700,0,0,0
8,TSLA,2011-01-07,28.00,27.90,28.58,28.24,2247900,0,0,0
8,TSLA,2011-01-06,26.83,26.81,28.00,27.88,2061200,0,0,0
8,TSLA,2011-01-05,26.48,26.19,26.90,26.83,1446700,0,0,0
8,TSLA,2011-01-04,26.66,26.02,26.95,26.67,1187400,0,0,0
8,TSLA,2011-01-03,26.84,25.90,27.00,26.62,1283000,0,0,0
8,TSLA,2010-12-31,26.57,26.50,27.25,26.63,1417900,0,0,0
8,TSLA,2010-12-30,27.70,26.38,27.90,26.50,2041100,0,0,0
8,TSLA,2010-12-29,27.03,26.50,28.01,27.73,3319200,0,0,0
8,TSLA,2010-12-28,25.85,25.00,26.75,26.41,4056300,0,0,0
8,TSLA,2010-12-27,28.02,25.06,28.58,25.55,9301900,0,0,0
8,TSLA,2010-12-23,31.26,29.92,32.48,30.09,1552600,0,0,0
8,TSLA,2010-12-22,32.25,31.70,32.86,32.63,833300,0,0,0
8,TSLA,2010-12-21,31.80,31.71,32.69,32.26,777700,0,0,0
8,TSLA,2010-12-20,31.64,31.26,32.19,31.70,523400,0,0,0
8,TSLA,2010-12-17,31.34,30.71,31.54,31.36,813000,0,0,0
8,TSLA,2010-12-16,30.00,29.65,30.91,30.81,790100,0,0,0
8,TSLA,2010-12-15,28.67,28.53,29.97,29.60,742900,0,0,0
8,TSLA,2010-12-14,30.29,27.76,30.39,28.53,1765700,0,0,0
8,TSLA,2010-12-13,31.64,30.40,31.77,30.55,410400,0,0,0
8,TSLA,2010-12-10,32.05,31.13,32.92,31.52,429400,0,0,0
8,TSLA,2010-12-09,32.51,31.65,32.72,32.05,406000,0,0,0
8,TSLA,2010-12-08,32.48,31.52,32.49,32.37,660000,0,0,0
8,TSLA,2010-12-07,30.49,30.05,32.40,31.56,1311300,0,0,0
8,TSLA,2010-12-06,31.35,29.56,31.45,30.31,1274400,0,0,0
8,TSLA,2010-12-03,32.01,30.87,32.25,31.49,1160100,0,0,0
8,TSLA,2010-12-02,34.01,31.20,34.30,32.35,2007000,0,0,0
8,TSLA,2010-12-01,35.87,33.45,36.42,34.35,1299200,0,0,0
8,TSLA,2010-11-30,33.74,33.41,35.33,35.33,2222600,0,0,0
8,TSLA,2010-11-29,35.41,33.33,35.95,34.33,1145600,0,0,0
8,TSLA,2010-11-26,35.60,34.75,36.00,35.32,350600,0,0,0
8,TSLA,2010-11-24,35.27,34.33,35.97,35.47,1425000,0,0,0
8,TSLA,2010-11-23,33.29,32.19,35.68,34.57,1577800,0,0,0
8,TSLA,2010-11-22,31.57,31.50,33.45,33.40,1529700,0,0,0
8,TSLA,2010-11-19,30.16,29.70,31.37,30.99,1150500,0,0,0
8,TSLA,2010-11-18,30.67,28.92,30.74,29.89,956100,0,0,0
8,TSLA,2010-11-17,30.20,28.61,30.75,29.49,750000,0,0,0
8,TSLA,2010-11-16,31.00,28.42,31.40,29.67,1347600,0,0,0
8,TSLA,2010-11-15,30.22,30.22,32.94,30.80,2622900,0,0,0
8,TSLA,2010-11-12,28.25,28.07,30.50,29.84,2729100,0,0,0
8,TSLA,2010-11-11,28.60,27.33,29.10,28.04,1945300,0,0,0
8,TSLA,2010-11-10,24.48,24.05,29.97,29.36,3060500,0,0,0
8,TSLA,2010-11-09,25.00,24.05,25.69,24.63,956400,0,0,0
8,TSLA,2010-11-08,24.50,24.03,25.00,24.98,509500,0,0,0
8,TSLA,2010-11-05,24.87,23.72,24.97,24.44,1011000,0,0,0
8,TSLA,2010-11-04,22.60,22.15,25.33,24.90,1874000,0,0,0
8,TSLA,2010-11-03,21.28,21.16,22.50,21.77,372600,0,0,0
8,TSLA,2010-11-02,21.68,21.05,21.88,21.25,322500,0,0,0
8,TSLA,2010-11-01,21.94,21.31,22.75,21.41,455800,0,0,0
8,TSLA,2010-10-29,21.14,21.05,21.85,21.84,280600,0,0,0
8,TSLA,2010-10-28,21.39,20.96,21.50,21.19,224200,0,0,0
8,TSLA,2010-10-27,21.25,20.65,21.38,21.00,356500,0,0,0
8,TSLA,2010-10-26,20.80,20.51,21.87,21.36,660900,0,0,0
8,TSLA,2010-10-25,20.94,20.73,20.98,20.85,118500,0,0,0
8,TSLA,2010-10-22,20.68,20.55,20.93,20.72,161100,0,0,0
8,TSLA,2010-10-21,20.61,20.45,20.95,20.75,417100,0,0,0
8,TSLA,2010-10-20,20.16,20.04,20.69,20.65,312500,0,0,0
8,TSLA,2010-10-19,20.20,20.00,20.41,20.05,245200,0,0,0
8,TSLA,2010-10-18,20.52,20.22,20.64,20.23,162800,0,0,0
8,TSLA,2010-10-15,20.89,20.25,20.90,20.54,284700,0,0,0
8,TSLA,2010-10-14,21.00,20.40,21.03,20.75,294800,0,0,0
8,TSLA,2010-10-13,20.64,20.36,20.85,20.54,318200,0,0,0
8,TSLA,2010-10-12,20.20,20.03,20.28,20.24,244000,0,0,0
8,TSLA,2010-10-11,20.44,20.07,20.70,20.24,171200,0,0,0
8,TSLA,2010-10-08,20.43,20.39,20.79,20.43,267800,0,0,0
8,TSLA,2010-10-07,20.57,20.34,20.64,20.43,141000,0,0,0
8,TSLA,2010-10-06,21.06,20.32,21.26,20.46,313400,0,0,0
8,TSLA,2010-10-05,21.15,21.01,21.28,21.12,332000,0,0,0
8,TSLA,2010-10-04,20.43,20.30,21.17,20.99,643600,0,0,0
8,TSLA,2010-10-01,20.69,20.31,20.75,20.60,597700,0,0,0
8,TSLA,2010-09-30,22.00,20.19,22.15,20.41,2195800,0,0,0
8,TSLA,2010-09-29,21.19,21.13,22.03,21.98,1969300,0,0,0
8,TSLA,2010-09-28,21.04,20.76,21.49,21.40,1214500,0,0,0
8,TSLA,2010-09-27,20.40,20.05,20.81,20.53,418600,0,0,0
8,TSLA,2010-09-24,19.95,19.65,20.19,20.10,578900,0,0,0
8,TSLA,2010-09-23,19.89,19.50,20.14,19.56,668100,0,0,0
8,TSLA,2010-09-22,20.87,19.80,20.95,19.87,962900,0,0,0
8,TSLA,2010-09-21,20.89,20.67,21.55,20.77,796000,0,0,0
8,TSLA,2010-09-20,20.67,20.16,21.35,21.06,947500,0,0,0
8,TSLA,2010-09-17,21.02,19.80,21.32,20.23,1198500,0,0,0
8,TSLA,2010-09-16,22.15,20.84,23.16,20.94,2684500,0,0,0
8,TSLA,2010-09-15,20.98,20.79,22.00,21.98,684600,0,0,0
8,TSLA,2010-09-14,20.54,20.53,21.60,21.12,654700,0,0,0
8,TSLA,2010-09-13,20.89,20.50,20.90,20.72,360800,0,0,0
8,TSLA,2010-09-10,20.75,19.76,20.93,20.17,386600,0,0,0
8,TSLA,2010-09-09,21.00,20.69,21.05,20.71,376200,0,0,0
8,TSLA,2010-09-08,20.66,20.60,20.95,20.90,288400,0,0,0
8,TSLA,2010-09-07,20.61,20.50,21.00,20.54,243400,0,0,0
8,TSLA,2010-09-03,20.87,20.66,21.30,21.05,434600,0,0,0
8,TSLA,2010-09-02,20.37,20.31,21.24,21.06,487100,0,0,0
8,TSLA,2010-09-01,19.62,19.60,20.69,20.45,494900,0,0,0
8,TSLA,2010-08-31,19.66,19.33,19.79,19.48,201100,0,0,0
8,TSLA,2010-08-30,19.70,19.61,20.19,19.87,732800,0,0,0
8,TSLA,2010-08-27,19.75,19.50,19.87,19.70,379600,0,0,0
8,TSLA,2010-08-26,19.89,19.60,20.27,19.75,433800,0,0,0
8,TSLA,2010-08-25,19.16,18.56,19.98,19.90,503300,0,0,0
8,TSLA,2010-08-24,19.25,18.95,19.71,19.20,673100,0,0,0
8,TSLA,2010-08-23,19.09,19.00,20.39,20.13,1088100,0,0,0
8,TSLA,2010-08-20,18.65,18.51,19.11,19.10,296000,0,0,0
8,TSLA,2010-08-19,18.54,18.33,19.25,18.79,579100,0,0,0
8,TSLA,2010-08-18,19.59,18.60,19.59,18.77,601300,0,0,0
8,TSLA,2010-08-17,18.96,18.78,19.40,19.15,447900,0,0,0
8,TSLA,2010-08-16,18.45,18.26,18.80,18.78,485800,0,0,0
8,TSLA,2010-08-13,18.18,17.66,18.45,18.32,634000,0,0,0
8,TSLA,2010-08-12,17.80,17.39,17.90,17.60,691000,0,0,0
8,TSLA,2010-08-11,18.69,17.85,18.88,17.90,797600,0,0,0
8,TSLA,2010-08-10,19.65,18.82,19.65,19.03,1281300,0,0,0
8,TSLA,2010-08-09,19.90,19.45,19.98,19.60,812700,0,0,0
8,TSLA,2010-08-06,20.10,19.52,20.16,19.59,741900,0,0,0
8,TSLA,2010-08-05,21.54,20.05,21.55,20.45,796200,0,0,0
8,TSLA,2010-08-04,21.95,20.85,22.18,21.26,913000,0,0,0
8,TSLA,2010-08-03,21.00,20.82,21.95,21.95,1230500,0,0,0
8,TSLA,2010-08-02,20.50,20.33,20.97,20.92,718100,0,0,0
8,TSLA,2010-07-30,20.20,19.55,20.44,19.94,426900,0,0,0
8,TSLA,2010-07-29,20.77,20.00,20.88,20.35,616000,0,0,0
8,TSLA,2010-07-28,20.55,20.51,20.90,20.72,467200,0,0,0
8,TSLA,2010-07-27,20.91,20.26,21.18,20.55,619700,0,0,0
8,TSLA,2010-07-26,21.50,20.30,21.50,20.95,922200,0,0,0
8,TSLA,2010-07-23,21.19,21.06,21.56,21.29,653600,0,0,0
8,TSLA,2010-07-22,20.50,20.37,21.25,21.00,957800,0,0,0
8,TSLA,2010-07-21,20.66,19.50,20.90,20.22,1252500,0,0,0
8,TSLA,2010-07-20,21.85,20.05,21.85,20.30,1825300,0,0,0
8,TSLA,2010-07-19,21.37,20.92,22.25,21.91,2486500,0,0,0
8,TSLA,2010-07-16,20.70,20.05,21.30,20.64,2621300,0,0,0
8,TSLA,2010-07-15,19.94,19.00,21.50,19.89,3739800,0,0,0
8,TSLA,2010-07-14,17.94,17.76,20.15,19.84,4195200,0,0,0
8,TSLA,2010-07-13,17.39,16.90,18.64,18.14,2680100,0,0,0
8,TSLA,2010-07-12,17.95,17.00,18.07,17.05,2202500,0,0,0
8,TSLA,2010-07-09,17.58,16.55,17.90,17.40,4050600,0,0,0
8,TSLA,2010-07-08,16.14,15.57,17.52,17.46,7711400,0,0,0
8,TSLA,2010-07-07,16.40,14.98,16.63,15.80,6921700,0,0,0
8,TSLA,2010-07-06,20.00,15.83,20.00,16.11,6866900,0,0,0
8,TSLA,2010-07-02,23.00,18.71,23.10,19.20,5139800,0,0,0
8,TSLA,2010-07-01,25.00,20.27,25.92,21.96,8218800,0,0,0
8,TSLA,2010-06-30,25.79,23.30,30.42,23.83,17187100,0,0,0
8,TSLA,2010-06-29,19.00,17.54,25.00,23.89,18766300,0,0,0
